2026-09-12 00:54:51.205 [RMI TCP Connection(109)-127.0.0.1] INFO  o.s.b.a.SpringApplicationAdminMXBeanRegistrar$SpringApplicationAdmin - Application shutdown requested.
2026-09-12 00:54:51.276 [RMI TCP Connection(109)-127.0.0.1] INFO  o.a.coyote.http11.Http11NioProtocol - Pausing ProtocolHandler ["http-nio-8888"]
2026-09-12 00:54:51.277 [RMI TCP Connection(109)-127.0.0.1] INFO  o.a.catalina.core.StandardService - Stopping service [Tomcat]
2026-09-12 00:54:51.282 [RMI TCP Connection(109)-127.0.0.1] INFO  o.a.c.c.C.[Tomcat].[localhost].[/] - Destroying Spring FrameworkServlet 'dispatcherServlet'
2026-09-12 00:54:51.294 [RMI TCP Connection(109)-127.0.0.1] WARN  o.a.c.loader.WebappClassLoaderBase - The web application [ROOT] appears to have started a thread named [reactor-http-nio-1] but has failed to stop it. This is very likely to create a memory leak. Stack trace of thread:
 java.base@17.0.5/sun.nio.ch.WEPoll.wait(Native Method)
 java.base@17.0.5/sun.nio.ch.WEPollSelectorImpl.doSelect(WEPollSelectorImpl.java:111)
 java.base@17.0.5/sun.nio.ch.SelectorImpl.lockAndDoSelect(SelectorImpl.java:129)
 java.base@17.0.5/sun.nio.ch.SelectorImpl.select(SelectorImpl.java:146)
 app//io.netty.channel.nio.SelectedSelectionKeySetSelector.select(SelectedSelectionKeySetSelector.java:68)
 app//io.netty.channel.nio.NioEventLoop.select(NioEventLoop.java:879)
 app//io.netty.channel.nio.NioEventLoop.run(NioEventLoop.java:526)
 app//io.netty.util.concurrent.SingleThreadEventExecutor$4.run(SingleThreadEventExecutor.java:997)
 app//io.netty.util.internal.ThreadExecutorMap$2.run(ThreadExecutorMap.java:74)
 app//io.netty.util.concurrent.FastThreadLocalRunnable.run(FastThreadLocalRunnable.java:30)
 java.base@17.0.5/java.lang.Thread.run(Thread.java:833)
2026-09-12 00:54:51.296 [RMI TCP Connection(109)-127.0.0.1] WARN  o.a.c.loader.WebappClassLoaderBase - The web application [ROOT] appears to have started a thread named [reactor-http-nio-2] but has failed to stop it. This is very likely to create a memory leak. Stack trace of thread:
 java.base@17.0.5/sun.nio.ch.WEPoll.wait(Native Method)
 java.base@17.0.5/sun.nio.ch.WEPollSelectorImpl.doSelect(WEPollSelectorImpl.java:111)
 java.base@17.0.5/sun.nio.ch.SelectorImpl.lockAndDoSelect(SelectorImpl.java:129)
 java.base@17.0.5/sun.nio.ch.SelectorImpl.select(SelectorImpl.java:146)
 app//io.netty.channel.nio.SelectedSelectionKeySetSelector.select(SelectedSelectionKeySetSelector.java:68)
 app//io.netty.channel.nio.NioEventLoop.select(NioEventLoop.java:879)
 app//io.netty.channel.nio.NioEventLoop.run(NioEventLoop.java:526)
 app//io.netty.util.concurrent.SingleThreadEventExecutor$4.run(SingleThreadEventExecutor.java:997)
 app//io.netty.util.internal.ThreadExecutorMap$2.run(ThreadExecutorMap.java:74)
 app//io.netty.util.concurrent.FastThreadLocalRunnable.run(FastThreadLocalRunnable.java:30)
 java.base@17.0.5/java.lang.Thread.run(Thread.java:833)
2026-09-12 00:54:51.296 [RMI TCP Connection(109)-127.0.0.1] WARN  o.a.c.loader.WebappClassLoaderBase - The web application [ROOT] appears to have started a thread named [reactor-http-nio-3] but has failed to stop it. This is very likely to create a memory leak. Stack trace of thread:
 java.base@17.0.5/sun.nio.ch.WEPoll.wait(Native Method)
 java.base@17.0.5/sun.nio.ch.WEPollSelectorImpl.doSelect(WEPollSelectorImpl.java:111)
 java.base@17.0.5/sun.nio.ch.SelectorImpl.lockAndDoSelect(SelectorImpl.java:129)
 java.base@17.0.5/sun.nio.ch.SelectorImpl.select(SelectorImpl.java:146)
 app//io.netty.channel.nio.SelectedSelectionKeySetSelector.select(SelectedSelectionKeySetSelector.java:68)
 app//io.netty.channel.nio.NioEventLoop.select(NioEventLoop.java:879)
 app//io.netty.channel.nio.NioEventLoop.run(NioEventLoop.java:526)
 app//io.netty.util.concurrent.SingleThreadEventExecutor$4.run(SingleThreadEventExecutor.java:997)
 app//io.netty.util.internal.ThreadExecutorMap$2.run(ThreadExecutorMap.java:74)
 app//io.netty.util.concurrent.FastThreadLocalRunnable.run(FastThreadLocalRunnable.java:30)
 java.base@17.0.5/java.lang.Thread.run(Thread.java:833)
2026-09-12 00:54:51.297 [RMI TCP Connection(109)-127.0.0.1] WARN  o.a.c.loader.WebappClassLoaderBase - The web application [ROOT] appears to have started a thread named [reactor-http-nio-4] but has failed to stop it. This is very likely to create a memory leak. Stack trace of thread:
 java.base@17.0.5/sun.nio.ch.WEPoll.wait(Native Method)
 java.base@17.0.5/sun.nio.ch.WEPollSelectorImpl.doSelect(WEPollSelectorImpl.java:111)
 java.base@17.0.5/sun.nio.ch.SelectorImpl.lockAndDoSelect(SelectorImpl.java:129)
 java.base@17.0.5/sun.nio.ch.SelectorImpl.select(SelectorImpl.java:146)
 app//io.netty.channel.nio.SelectedSelectionKeySetSelector.select(SelectedSelectionKeySetSelector.java:68)
 app//io.netty.channel.nio.NioEventLoop.select(NioEventLoop.java:879)
 app//io.netty.channel.nio.NioEventLoop.run(NioEventLoop.java:526)
 app//io.netty.util.concurrent.SingleThreadEventExecutor$4.run(SingleThreadEventExecutor.java:997)
 app//io.netty.util.internal.ThreadExecutorMap$2.run(ThreadExecutorMap.java:74)
 app//io.netty.util.concurrent.FastThreadLocalRunnable.run(FastThreadLocalRunnable.java:30)
 java.base@17.0.5/java.lang.Thread.run(Thread.java:833)
2026-09-12 00:54:51.298 [RMI TCP Connection(109)-127.0.0.1] WARN  o.a.c.loader.WebappClassLoaderBase - The web application [ROOT] appears to have started a thread named [reactor-http-nio-5] but has failed to stop it. This is very likely to create a memory leak. Stack trace of thread:
 java.base@17.0.5/sun.nio.ch.WEPoll.wait(Native Method)
 java.base@17.0.5/sun.nio.ch.WEPollSelectorImpl.doSelect(WEPollSelectorImpl.java:111)
 java.base@17.0.5/sun.nio.ch.SelectorImpl.lockAndDoSelect(SelectorImpl.java:129)
 java.base@17.0.5/sun.nio.ch.SelectorImpl.select(SelectorImpl.java:146)
 app//io.netty.channel.nio.SelectedSelectionKeySetSelector.select(SelectedSelectionKeySetSelector.java:68)
 app//io.netty.channel.nio.NioEventLoop.select(NioEventLoop.java:879)
 app//io.netty.channel.nio.NioEventLoop.run(NioEventLoop.java:526)
 app//io.netty.util.concurrent.SingleThreadEventExecutor$4.run(SingleThreadEventExecutor.java:997)
 app//io.netty.util.internal.ThreadExecutorMap$2.run(ThreadExecutorMap.java:74)
 app//io.netty.util.concurrent.FastThreadLocalRunnable.run(FastThreadLocalRunnable.java:30)
 java.base@17.0.5/java.lang.Thread.run(Thread.java:833)
2026-09-12 00:54:51.301 [RMI TCP Connection(109)-127.0.0.1] WARN  o.a.c.loader.WebappClassLoaderBase - The web application [ROOT] appears to have started a thread named [reactor-http-nio-6] but has failed to stop it. This is very likely to create a memory leak. Stack trace of thread:
 java.base@17.0.5/sun.nio.ch.WEPoll.wait(Native Method)
 java.base@17.0.5/sun.nio.ch.WEPollSelectorImpl.doSelect(WEPollSelectorImpl.java:111)
 java.base@17.0.5/sun.nio.ch.SelectorImpl.lockAndDoSelect(SelectorImpl.java:129)
 java.base@17.0.5/sun.nio.ch.SelectorImpl.select(SelectorImpl.java:146)
 app//io.netty.channel.nio.SelectedSelectionKeySetSelector.select(SelectedSelectionKeySetSelector.java:68)
 app//io.netty.channel.nio.NioEventLoop.select(NioEventLoop.java:879)
 app//io.netty.channel.nio.NioEventLoop.run(NioEventLoop.java:526)
 app//io.netty.util.concurrent.SingleThreadEventExecutor$4.run(SingleThreadEventExecutor.java:997)
 app//io.netty.util.internal.ThreadExecutorMap$2.run(ThreadExecutorMap.java:74)
 app//io.netty.util.concurrent.FastThreadLocalRunnable.run(FastThreadLocalRunnable.java:30)
 java.base@17.0.5/java.lang.Thread.run(Thread.java:833)
2026-09-12 00:54:51.301 [RMI TCP Connection(109)-127.0.0.1] WARN  o.a.c.loader.WebappClassLoaderBase - The web application [ROOT] appears to have started a thread named [reactor-http-nio-7] but has failed to stop it. This is very likely to create a memory leak. Stack trace of thread:
 java.base@17.0.5/sun.nio.ch.WEPoll.wait(Native Method)
 java.base@17.0.5/sun.nio.ch.WEPollSelectorImpl.doSelect(WEPollSelectorImpl.java:111)
 java.base@17.0.5/sun.nio.ch.SelectorImpl.lockAndDoSelect(SelectorImpl.java:129)
 java.base@17.0.5/sun.nio.ch.SelectorImpl.select(SelectorImpl.java:146)
 app//io.netty.channel.nio.SelectedSelectionKeySetSelector.select(SelectedSelectionKeySetSelector.java:68)
 app//io.netty.channel.nio.NioEventLoop.select(NioEventLoop.java:879)
 app//io.netty.channel.nio.NioEventLoop.run(NioEventLoop.java:526)
 app//io.netty.util.concurrent.SingleThreadEventExecutor$4.run(SingleThreadEventExecutor.java:997)
 app//io.netty.util.internal.ThreadExecutorMap$2.run(ThreadExecutorMap.java:74)
 app//io.netty.util.concurrent.FastThreadLocalRunnable.run(FastThreadLocalRunnable.java:30)
 java.base@17.0.5/java.lang.Thread.run(Thread.java:833)
2026-09-12 00:54:51.302 [RMI TCP Connection(109)-127.0.0.1] WARN  o.a.c.loader.WebappClassLoaderBase - The web application [ROOT] appears to have started a thread named [reactor-http-nio-8] but has failed to stop it. This is very likely to create a memory leak. Stack trace of thread:
 java.base@17.0.5/sun.nio.ch.WEPoll.wait(Native Method)
 java.base@17.0.5/sun.nio.ch.WEPollSelectorImpl.doSelect(WEPollSelectorImpl.java:111)
 java.base@17.0.5/sun.nio.ch.SelectorImpl.lockAndDoSelect(SelectorImpl.java:129)
 java.base@17.0.5/sun.nio.ch.SelectorImpl.select(SelectorImpl.java:146)
 app//io.netty.channel.nio.SelectedSelectionKeySetSelector.select(SelectedSelectionKeySetSelector.java:68)
 app//io.netty.channel.nio.NioEventLoop.select(NioEventLoop.java:879)
 app//io.netty.channel.nio.NioEventLoop.run(NioEventLoop.java:526)
 app//io.netty.util.concurrent.SingleThreadEventExecutor$4.run(SingleThreadEventExecutor.java:997)
 app//io.netty.util.internal.ThreadExecutorMap$2.run(ThreadExecutorMap.java:74)
 app//io.netty.util.concurrent.FastThreadLocalRunnable.run(FastThreadLocalRunnable.java:30)
 java.base@17.0.5/java.lang.Thread.run(Thread.java:833)
2026-09-12 00:54:51.302 [RMI TCP Connection(109)-127.0.0.1] WARN  o.a.c.loader.WebappClassLoaderBase - The web application [ROOT] appears to have started a thread named [reactor-http-nio-9] but has failed to stop it. This is very likely to create a memory leak. Stack trace of thread:
 java.base@17.0.5/sun.nio.ch.WEPoll.wait(Native Method)
 java.base@17.0.5/sun.nio.ch.WEPollSelectorImpl.doSelect(WEPollSelectorImpl.java:111)
 java.base@17.0.5/sun.nio.ch.SelectorImpl.lockAndDoSelect(SelectorImpl.java:129)
 java.base@17.0.5/sun.nio.ch.SelectorImpl.select(SelectorImpl.java:146)
 app//io.netty.channel.nio.SelectedSelectionKeySetSelector.select(SelectedSelectionKeySetSelector.java:68)
 app//io.netty.channel.nio.NioEventLoop.select(NioEventLoop.java:879)
 app//io.netty.channel.nio.NioEventLoop.run(NioEventLoop.java:526)
 app//io.netty.util.concurrent.SingleThreadEventExecutor$4.run(SingleThreadEventExecutor.java:997)
 app//io.netty.util.internal.ThreadExecutorMap$2.run(ThreadExecutorMap.java:74)
 app//io.netty.util.concurrent.FastThreadLocalRunnable.run(FastThreadLocalRunnable.java:30)
 java.base@17.0.5/java.lang.Thread.run(Thread.java:833)
2026-09-12 00:54:51.304 [RMI TCP Connection(109)-127.0.0.1] WARN  o.a.c.loader.WebappClassLoaderBase - The web application [ROOT] appears to have started a thread named [reactor-http-nio-10] but has failed to stop it. This is very likely to create a memory leak. Stack trace of thread:
 java.base@17.0.5/sun.nio.ch.WEPoll.wait(Native Method)
 java.base@17.0.5/sun.nio.ch.WEPollSelectorImpl.doSelect(WEPollSelectorImpl.java:111)
 java.base@17.0.5/sun.nio.ch.SelectorImpl.lockAndDoSelect(SelectorImpl.java:129)
 java.base@17.0.5/sun.nio.ch.SelectorImpl.select(SelectorImpl.java:146)
 app//io.netty.channel.nio.SelectedSelectionKeySetSelector.select(SelectedSelectionKeySetSelector.java:68)
 app//io.netty.channel.nio.NioEventLoop.select(NioEventLoop.java:879)
 app//io.netty.channel.nio.NioEventLoop.run(NioEventLoop.java:526)
 app//io.netty.util.concurrent.SingleThreadEventExecutor$4.run(SingleThreadEventExecutor.java:997)
 app//io.netty.util.internal.ThreadExecutorMap$2.run(ThreadExecutorMap.java:74)
 app//io.netty.util.concurrent.FastThreadLocalRunnable.run(FastThreadLocalRunnable.java:30)
 java.base@17.0.5/java.lang.Thread.run(Thread.java:833)
2026-09-12 00:54:51.304 [RMI TCP Connection(109)-127.0.0.1] WARN  o.a.c.loader.WebappClassLoaderBase - The web application [ROOT] appears to have started a thread named [reactor-http-nio-11] but has failed to stop it. This is very likely to create a memory leak. Stack trace of thread:
 java.base@17.0.5/sun.nio.ch.WEPoll.wait(Native Method)
 java.base@17.0.5/sun.nio.ch.WEPollSelectorImpl.doSelect(WEPollSelectorImpl.java:111)
 java.base@17.0.5/sun.nio.ch.SelectorImpl.lockAndDoSelect(SelectorImpl.java:129)
 java.base@17.0.5/sun.nio.ch.SelectorImpl.select(SelectorImpl.java:146)
 app//io.netty.channel.nio.SelectedSelectionKeySetSelector.select(SelectedSelectionKeySetSelector.java:68)
 app//io.netty.channel.nio.NioEventLoop.select(NioEventLoop.java:879)
 app//io.netty.channel.nio.NioEventLoop.run(NioEventLoop.java:526)
 app//io.netty.util.concurrent.SingleThreadEventExecutor$4.run(SingleThreadEventExecutor.java:997)
 app//io.netty.util.internal.ThreadExecutorMap$2.run(ThreadExecutorMap.java:74)
 app//io.netty.util.concurrent.FastThreadLocalRunnable.run(FastThreadLocalRunnable.java:30)
 java.base@17.0.5/java.lang.Thread.run(Thread.java:833)
2026-09-12 00:54:51.305 [RMI TCP Connection(109)-127.0.0.1] WARN  o.a.c.loader.WebappClassLoaderBase - The web application [ROOT] appears to have started a thread named [reactor-http-nio-12] but has failed to stop it. This is very likely to create a memory leak. Stack trace of thread:
 java.base@17.0.5/sun.nio.ch.WEPoll.wait(Native Method)
 java.base@17.0.5/sun.nio.ch.WEPollSelectorImpl.doSelect(WEPollSelectorImpl.java:111)
 java.base@17.0.5/sun.nio.ch.SelectorImpl.lockAndDoSelect(SelectorImpl.java:129)
 java.base@17.0.5/sun.nio.ch.SelectorImpl.select(SelectorImpl.java:146)
 app//io.netty.channel.nio.SelectedSelectionKeySetSelector.select(SelectedSelectionKeySetSelector.java:68)
 app//io.netty.channel.nio.NioEventLoop.select(NioEventLoop.java:879)
 app//io.netty.channel.nio.NioEventLoop.run(NioEventLoop.java:526)
 app//io.netty.util.concurrent.SingleThreadEventExecutor$4.run(SingleThreadEventExecutor.java:997)
 app//io.netty.util.internal.ThreadExecutorMap$2.run(ThreadExecutorMap.java:74)
 app//io.netty.util.concurrent.FastThreadLocalRunnable.run(FastThreadLocalRunnable.java:30)
 java.base@17.0.5/java.lang.Thread.run(Thread.java:833)
2026-09-12 00:54:51.321 [RMI TCP Connection(109)-127.0.0.1] INFO  o.a.coyote.http11.Http11NioProtocol - Stopping ProtocolHandler ["http-nio-8888"]
2026-09-12 00:54:51.333 [RMI TCP Connection(109)-127.0.0.1] INFO  o.a.coyote.http11.Http11NioProtocol - Destroying ProtocolHandler ["http-nio-8888"]
2026-09-12 00:54:51.345 [RMI TCP Connection(109)-127.0.0.1] INFO  o.s.o.j.LocalContainerEntityManagerFactoryBean - Closing JPA EntityManagerFactory for persistence unit 'default'
2026-09-12 00:54:51.370 [RMI TCP Connection(109)-127.0.0.1] INFO  com.zaxxer.hikari.HikariDataSource - HikariPool-1 - Shutdown initiated...
2026-09-12 00:54:51.379 [RMI TCP Connection(109)-127.0.0.1] INFO  com.zaxxer.hikari.HikariDataSource - HikariPool-1 - Shutdown completed.
2026-09-12 00:54:59.728 [main] INFO  config.SpringCrudApplication - Starting SpringCrudApplication using Java 17.0.5 with PID 38076 (B:\projects\SpringBoot\LearnSpringBoot-main\target\classes started by murug in B:\projects\SpringBoot\LearnSpringBoot-main)
2026-09-12 00:54:59.731 [main] DEBUG config.SpringCrudApplication - Running with Spring Boot v3.1.5, Spring v6.0.13
2026-09-12 00:54:59.733 [main] INFO  config.SpringCrudApplication - The following 1 profile is active: "dev"
2026-09-12 00:55:01.302 [main] INFO  o.s.d.r.c.RepositoryConfigurationDelegate - Bootstrapping Spring Data JPA repositories in DEFAULT mode.
2026-09-12 00:55:01.643 [main] INFO  o.s.d.r.c.RepositoryConfigurationDelegate - Finished Spring Data repository scanning in 323 ms. Found 7 JPA repository interfaces.
2026-09-12 00:55:02.623 [main] INFO  o.s.b.w.e.tomcat.TomcatWebServer - Tomcat initialized with port(s): 8888 (http)
2026-09-12 00:55:02.634 [main] INFO  o.a.coyote.http11.Http11NioProtocol - Initializing ProtocolHandler ["http-nio-8888"]
2026-09-12 00:55:02.636 [main] INFO  o.a.catalina.core.StandardService - Starting service [Tomcat]
2026-09-12 00:55:02.637 [main] INFO  o.a.catalina.core.StandardEngine - Starting Servlet engine: [Apache Tomcat/10.1.15]
2026-09-12 00:55:02.753 [main] INFO  o.a.c.c.C.[Tomcat].[localhost].[/] - Initializing Spring embedded WebApplicationContext
2026-09-12 00:55:02.753 [main] INFO  o.s.b.w.s.c.ServletWebServerApplicationContext - Root WebApplicationContext: initialization completed in 2935 ms
2026-09-12 00:55:03.426 [main] INFO  o.s.o.j.p.SpringPersistenceUnitInfo - No LoadTimeWeaver setup: ignoring JPA class transformer
2026-09-12 00:55:03.460 [main] INFO  com.zaxxer.hikari.HikariDataSource - HikariPool-1 - Starting...
2026-09-12 00:55:03.862 [main] INFO  com.zaxxer.hikari.pool.HikariPool - HikariPool-1 - Added connection ConnectionID:1 ClientConnectionId: ea27604f-e86d-4c3f-8db5-9203756a759e
2026-09-12 00:55:03.866 [main] INFO  com.zaxxer.hikari.HikariDataSource - HikariPool-1 - Start completed.
2026-09-12 00:55:03.902 [main] WARN  org.hibernate.orm.deprecation - HHH90000025: SQLServerDialect does not need to be specified explicitly using 'hibernate.dialect' (remove the property setting and it will be selected by default)
2026-09-12 00:55:07.088 [main] WARN  o.h.t.s.i.ExceptionHandlerLoggedImpl - GenerationTarget encountered exception accepting command : Error executing DDL "
    create table ClientDocuments (
        fileId bigint identity not null,
        fileName varchar(255),
        filePath varchar(255),
        fileSize varchar(255),
        fileType varchar(255),
        uploadedBy varchar(255),
        uploadedDate date,
        userAccountId bigint not null,
        primary key (fileId)
    )" via JDBC [There is already an object named 'ClientDocuments' in the database.]
org.hibernate.tool.schema.spi.CommandAcceptanceException: Error executing DDL "
    create table ClientDocuments (
        fileId bigint identity not null,
        fileName varchar(255),
        filePath varchar(255),
        fileSize varchar(255),
        fileType varchar(255),
        uploadedBy varchar(255),
        uploadedDate date,
        userAccountId bigint not null,
        primary key (fileId)
    )" via JDBC [There is already an object named 'ClientDocuments' in the database.]
	at org.hibernate.tool.schema.internal.exec.GenerationTargetToDatabase.accept(GenerationTargetToDatabase.java:94)
	at org.hibernate.tool.schema.internal.AbstractSchemaMigrator.applySqlString(AbstractSchemaMigrator.java:574)
	at org.hibernate.tool.schema.internal.AbstractSchemaMigrator.applySqlStrings(AbstractSchemaMigrator.java:514)
	at org.hibernate.tool.schema.internal.AbstractSchemaMigrator.createTable(AbstractSchemaMigrator.java:315)
	at org.hibernate.tool.schema.internal.GroupedSchemaMigratorImpl.performTablesMigration(GroupedSchemaMigratorImpl.java:80)
	at org.hibernate.tool.schema.internal.AbstractSchemaMigrator.performMigration(AbstractSchemaMigrator.java:232)
	at org.hibernate.tool.schema.internal.AbstractSchemaMigrator.doMigration(AbstractSchemaMigrator.java:117)
	at org.hibernate.tool.schema.spi.SchemaManagementToolCoordinator.performDatabaseAction(SchemaManagementToolCoordinator.java:284)
	at org.hibernate.tool.schema.spi.SchemaManagementToolCoordinator.lambda$process$5(SchemaManagementToolCoordinator.java:143)
	at java.base/java.util.HashMap.forEach(HashMap.java:1421)
	at org.hibernate.tool.schema.spi.SchemaManagementToolCoordinator.process(SchemaManagementToolCoordinator.java:140)
	at org.hibernate.boot.internal.SessionFactoryObserverForSchemaExport.sessionFactoryCreated(SessionFactoryObserverForSchemaExport.java:37)
	at org.hibernate.internal.SessionFactoryObserverChain.sessionFactoryCreated(SessionFactoryObserverChain.java:35)
	at org.hibernate.internal.SessionFactoryImpl.<init>(SessionFactoryImpl.java:293)
	at org.hibernate.boot.internal.SessionFactoryBuilderImpl.build(SessionFactoryBuilderImpl.java:444)
	at org.hibernate.jpa.boot.internal.EntityManagerFactoryBuilderImpl.build(EntityManagerFactoryBuilderImpl.java:1458)
	at org.springframework.orm.jpa.vendor.SpringHibernateJpaPersistenceProvider.createContainerEntityManagerFactory(SpringHibernateJpaPersistenceProvider.java:75)
	at org.springframework.orm.jpa.LocalContainerEntityManagerFactoryBean.createNativeEntityManagerFactory(LocalContainerEntityManagerFactoryBean.java:376)
	at org.springframework.orm.jpa.AbstractEntityManagerFactoryBean.buildNativeEntityManagerFactory(AbstractEntityManagerFactoryBean.java:409)
	at org.springframework.orm.jpa.AbstractEntityManagerFactoryBean.afterPropertiesSet(AbstractEntityManagerFactoryBean.java:396)
	at org.springframework.orm.jpa.LocalContainerEntityManagerFactoryBean.afterPropertiesSet(LocalContainerEntityManagerFactoryBean.java:352)
	at org.springframework.beans.factory.support.AbstractAutowireCapableBeanFactory.invokeInitMethods(AbstractAutowireCapableBeanFactory.java:1817)
	at org.springframework.beans.factory.support.AbstractAutowireCapableBeanFactory.initializeBean(AbstractAutowireCapableBeanFactory.java:1766)
	at org.springframework.beans.factory.support.AbstractAutowireCapableBeanFactory.doCreateBean(AbstractAutowireCapableBeanFactory.java:598)
	at org.springframework.beans.factory.support.AbstractAutowireCapableBeanFactory.createBean(AbstractAutowireCapableBeanFactory.java:520)
	at org.springframework.beans.factory.support.AbstractBeanFactory.lambda$doGetBean$0(AbstractBeanFactory.java:325)
	at org.springframework.beans.factory.support.DefaultSingletonBeanRegistry.getSingleton(DefaultSingletonBeanRegistry.java:234)
	at org.springframework.beans.factory.support.AbstractBeanFactory.doGetBean(AbstractBeanFactory.java:323)
	at org.springframework.beans.factory.support.AbstractBeanFactory.getBean(AbstractBeanFactory.java:199)
	at org.springframework.beans.factory.support.BeanDefinitionValueResolver.resolveReference(BeanDefinitionValueResolver.java:365)
	at org.springframework.beans.factory.support.BeanDefinitionValueResolver.resolveValueIfNecessary(BeanDefinitionValueResolver.java:135)
	at org.springframework.beans.factory.support.ConstructorResolver.resolveConstructorArguments(ConstructorResolver.java:688)
	at org.springframework.beans.factory.support.ConstructorResolver.instantiateUsingFactoryMethod(ConstructorResolver.java:512)
	at org.springframework.beans.factory.support.AbstractAutowireCapableBeanFactory.instantiateUsingFactoryMethod(AbstractAutowireCapableBeanFactory.java:1332)
	at org.springframework.beans.factory.support.AbstractAutowireCapableBeanFactory.createBeanInstance(AbstractAutowireCapableBeanFactory.java:1162)
	at org.springframework.beans.factory.support.AbstractAutowireCapableBeanFactory.doCreateBean(AbstractAutowireCapableBeanFactory.java:560)
	at org.springframework.beans.factory.support.AbstractAutowireCapableBeanFactory.createBean(AbstractAutowireCapableBeanFactory.java:520)
	at org.springframework.beans.factory.support.AbstractBeanFactory.lambda$doGetBean$0(AbstractBeanFactory.java:325)
	at org.springframework.beans.factory.support.DefaultSingletonBeanRegistry.getSingleton(DefaultSingletonBeanRegistry.java:234)
	at org.springframework.beans.factory.support.AbstractBeanFactory.doGetBean(AbstractBeanFactory.java:323)
	at org.springframework.beans.factory.support.AbstractBeanFactory.getBean(AbstractBeanFactory.java:199)
	at org.springframework.beans.factory.support.BeanDefinitionValueResolver.resolveReference(BeanDefinitionValueResolver.java:365)
	at org.springframework.beans.factory.support.BeanDefinitionValueResolver.resolveValueIfNecessary(BeanDefinitionValueResolver.java:135)
	at org.springframework.beans.factory.support.AbstractAutowireCapableBeanFactory.applyPropertyValues(AbstractAutowireCapableBeanFactory.java:1682)
	at org.springframework.beans.factory.support.AbstractAutowireCapableBeanFactory.populateBean(AbstractAutowireCapableBeanFactory.java:1431)
	at org.springframework.beans.factory.support.AbstractAutowireCapableBeanFactory.doCreateBean(AbstractAutowireCapableBeanFactory.java:597)
	at org.springframework.beans.factory.support.AbstractAutowireCapableBeanFactory.createBean(AbstractAutowireCapableBeanFactory.java:520)
	at org.springframework.beans.factory.support.AbstractBeanFactory.lambda$doGetBean$0(AbstractBeanFactory.java:325)
	at org.springframework.beans.factory.support.DefaultSingletonBeanRegistry.getSingleton(DefaultSingletonBeanRegistry.java:234)
	at org.springframework.beans.factory.support.AbstractBeanFactory.doGetBean(AbstractBeanFactory.java:323)
	at org.springframework.beans.factory.support.AbstractBeanFactory.getBean(AbstractBeanFactory.java:199)
	at org.springframework.beans.factory.config.DependencyDescriptor.resolveCandidate(DependencyDescriptor.java:254)
	at org.springframework.beans.factory.support.DefaultListableBeanFactory.doResolveDependency(DefaultListableBeanFactory.java:1417)
	at org.springframework.beans.factory.support.DefaultListableBeanFactory.resolveDependency(DefaultListableBeanFactory.java:1337)
	at org.springframework.beans.factory.support.ConstructorResolver.resolveAutowiredArgument(ConstructorResolver.java:910)
	at org.springframework.beans.factory.support.ConstructorResolver.createArgumentArray(ConstructorResolver.java:788)
	at org.springframework.beans.factory.support.ConstructorResolver.autowireConstructor(ConstructorResolver.java:240)
	at org.springframework.beans.factory.support.AbstractAutowireCapableBeanFactory.autowireConstructor(AbstractAutowireCapableBeanFactory.java:1352)
	at org.springframework.beans.factory.support.AbstractAutowireCapableBeanFactory.createBeanInstance(AbstractAutowireCapableBeanFactory.java:1189)
	at org.springframework.beans.factory.support.AbstractAutowireCapableBeanFactory.doCreateBean(AbstractAutowireCapableBeanFactory.java:560)
	at org.springframework.beans.factory.support.AbstractAutowireCapableBeanFactory.createBean(AbstractAutowireCapableBeanFactory.java:520)
	at org.springframework.beans.factory.support.AbstractBeanFactory.lambda$doGetBean$0(AbstractBeanFactory.java:325)
	at org.springframework.beans.factory.support.DefaultSingletonBeanRegistry.getSingleton(DefaultSingletonBeanRegistry.java:234)
	at org.springframework.beans.factory.support.AbstractBeanFactory.doGetBean(AbstractBeanFactory.java:323)
	at org.springframework.beans.factory.support.AbstractBeanFactory.getBean(AbstractBeanFactory.java:199)
	at org.springframework.beans.factory.config.DependencyDescriptor.resolveCandidate(DependencyDescriptor.java:254)
	at org.springframework.beans.factory.support.DefaultListableBeanFactory.doResolveDependency(DefaultListableBeanFactory.java:1417)
	at org.springframework.beans.factory.support.DefaultListableBeanFactory.resolveDependency(DefaultListableBeanFactory.java:1337)
	at org.springframework.beans.factory.support.ConstructorResolver.resolveAutowiredArgument(ConstructorResolver.java:910)
	at org.springframework.beans.factory.support.ConstructorResolver.createArgumentArray(ConstructorResolver.java:788)
	at org.springframework.beans.factory.support.ConstructorResolver.autowireConstructor(ConstructorResolver.java:240)
	at org.springframework.beans.factory.support.AbstractAutowireCapableBeanFactory.autowireConstructor(AbstractAutowireCapableBeanFactory.java:1352)
	at org.springframework.beans.factory.support.AbstractAutowireCapableBeanFactory.createBeanInstance(AbstractAutowireCapableBeanFactory.java:1189)
	at org.springframework.beans.factory.support.AbstractAutowireCapableBeanFactory.doCreateBean(AbstractAutowireCapableBeanFactory.java:560)
	at org.springframework.beans.factory.support.AbstractAutowireCapableBeanFactory.createBean(AbstractAutowireCapableBeanFactory.java:520)
	at org.springframework.beans.factory.support.AbstractBeanFactory.lambda$doGetBean$0(AbstractBeanFactory.java:325)
	at org.springframework.beans.factory.support.DefaultSingletonBeanRegistry.getSingleton(DefaultSingletonBeanRegistry.java:234)
	at org.springframework.beans.factory.support.AbstractBeanFactory.doGetBean(AbstractBeanFactory.java:323)
	at org.springframework.beans.factory.support.AbstractBeanFactory.getBean(AbstractBeanFactory.java:204)
	at org.springframework.boot.web.servlet.ServletContextInitializerBeans.getOrderedBeansOfType(ServletContextInitializerBeans.java:210)
	at org.springframework.boot.web.servlet.ServletContextInitializerBeans.addAsRegistrationBean(ServletContextInitializerBeans.java:173)
	at org.springframework.boot.web.servlet.ServletContextInitializerBeans.addAsRegistrationBean(ServletContextInitializerBeans.java:168)
	at org.springframework.boot.web.servlet.ServletContextInitializerBeans.addAdaptableBeans(ServletContextInitializerBeans.java:153)
	at org.springframework.boot.web.servlet.ServletContextInitializerBeans.<init>(ServletContextInitializerBeans.java:86)
	at org.springframework.boot.web.servlet.context.ServletWebServerApplicationContext.getServletContextInitializerBeans(ServletWebServerApplicationContext.java:261)
	at org.springframework.boot.web.servlet.context.ServletWebServerApplicationContext.selfInitialize(ServletWebServerApplicationContext.java:235)
	at org.springframework.boot.web.embedded.tomcat.TomcatStarter.onStartup(TomcatStarter.java:52)
	at org.apache.catalina.core.StandardContext.startInternal(StandardContext.java:4850)
	at org.apache.catalina.util.LifecycleBase.start(LifecycleBase.java:171)
	at org.apache.catalina.core.ContainerBase$StartChild.call(ContainerBase.java:1332)
	at org.apache.catalina.core.ContainerBase$StartChild.call(ContainerBase.java:1322)
	at java.base/java.util.concurrent.FutureTask.run(FutureTask.java:264)
	at org.apache.tomcat.util.threads.InlineExecutorService.execute(InlineExecutorService.java:75)
	at java.base/java.util.concurrent.AbstractExecutorService.submit(AbstractExecutorService.java:145)
	at org.apache.catalina.core.ContainerBase.startInternal(ContainerBase.java:866)
	at org.apache.catalina.core.StandardHost.startInternal(StandardHost.java:845)
	at org.apache.catalina.util.LifecycleBase.start(LifecycleBase.java:171)
	at org.apache.catalina.core.ContainerBase$StartChild.call(ContainerBase.java:1332)
	at org.apache.catalina.core.ContainerBase$StartChild.call(ContainerBase.java:1322)
	at java.base/java.util.concurrent.FutureTask.run(FutureTask.java:264)
	at org.apache.tomcat.util.threads.InlineExecutorService.execute(InlineExecutorService.java:75)
	at java.base/java.util.concurrent.AbstractExecutorService.submit(AbstractExecutorService.java:145)
	at org.apache.catalina.core.ContainerBase.startInternal(ContainerBase.java:866)
	at org.apache.catalina.core.StandardEngine.startInternal(StandardEngine.java:240)
	at org.apache.catalina.util.LifecycleBase.start(LifecycleBase.java:171)
	at org.apache.catalina.core.StandardService.startInternal(StandardService.java:433)
	at org.apache.catalina.util.LifecycleBase.start(LifecycleBase.java:171)
	at org.apache.catalina.core.StandardServer.startInternal(StandardServer.java:917)
	at org.apache.catalina.util.LifecycleBase.start(LifecycleBase.java:171)
	at org.apache.catalina.startup.Tomcat.start(Tomcat.java:488)
	at org.springframework.boot.web.embedded.tomcat.TomcatWebServer.initialize(TomcatWebServer.java:123)
	at org.springframework.boot.web.embedded.tomcat.TomcatWebServer.<init>(TomcatWebServer.java:104)
	at org.springframework.boot.web.embedded.tomcat.TomcatServletWebServerFactory.getTomcatWebServer(TomcatServletWebServerFactory.java:489)
	at org.springframework.boot.web.embedded.tomcat.TomcatServletWebServerFactory.getWebServer(TomcatServletWebServerFactory.java:211)
	at org.springframework.boot.web.servlet.context.ServletWebServerApplicationContext.createWebServer(ServletWebServerApplicationContext.java:183)
	at org.springframework.boot.web.servlet.context.ServletWebServerApplicationContext.onRefresh(ServletWebServerApplicationContext.java:161)
	at org.springframework.context.support.AbstractApplicationContext.refresh(AbstractApplicationContext.java:610)
	at org.springframework.boot.web.servlet.context.ServletWebServerApplicationContext.refresh(ServletWebServerApplicationContext.java:146)
	at org.springframework.boot.SpringApplication.refresh(SpringApplication.java:738)
	at org.springframework.boot.SpringApplication.refreshContext(SpringApplication.java:440)
	at org.springframework.boot.SpringApplication.run(SpringApplication.java:316)
	at org.springframework.boot.SpringApplication.run(SpringApplication.java:1306)
	at org.springframework.boot.SpringApplication.run(SpringApplication.java:1295)
	at config.SpringCrudApplication.main(SpringCrudApplication.java:17)
Caused by: com.microsoft.sqlserver.jdbc.SQLServerException: There is already an object named 'ClientDocuments' in the database.
	at com.microsoft.sqlserver.jdbc.SQLServerException.makeFromDatabaseError(SQLServerException.java:265)
	at com.microsoft.sqlserver.jdbc.SQLServerStatement.getNextResult(SQLServerStatement.java:1676)
	at com.microsoft.sqlserver.jdbc.SQLServerStatement.doExecuteStatement(SQLServerStatement.java:907)
	at com.microsoft.sqlserver.jdbc.SQLServerStatement$StmtExecCmd.doExecute(SQLServerStatement.java:802)
	at com.microsoft.sqlserver.jdbc.TDSCommand.execute(IOBuffer.java:7620)
	at com.microsoft.sqlserver.jdbc.SQLServerConnection.executeCommand(SQLServerConnection.java:3916)
	at com.microsoft.sqlserver.jdbc.SQLServerStatement.executeCommand(SQLServerStatement.java:268)
	at com.microsoft.sqlserver.jdbc.SQLServerStatement.executeStatement(SQLServerStatement.java:242)
	at com.microsoft.sqlserver.jdbc.SQLServerStatement.execute(SQLServerStatement.java:775)
	at com.zaxxer.hikari.pool.ProxyStatement.execute(ProxyStatement.java:94)
	at com.zaxxer.hikari.pool.HikariProxyStatement.execute(HikariProxyStatement.java)
	at org.hibernate.tool.schema.internal.exec.GenerationTargetToDatabase.accept(GenerationTargetToDatabase.java:80)
	... 123 common frames omitted
2026-09-12 00:55:07.094 [main] WARN  o.h.t.s.i.ExceptionHandlerLoggedImpl - GenerationTarget encountered exception accepting command : Error executing DDL "
    create table CustomerList (
        customerId bigint identity not null,
        endDate date,
        firstName varchar(255),
        gender varchar(255),
        lastName varchar(255),
        loanAmount bigint,
        loanType varchar(255),
        mobileNumber bigint,
        startDate date,
        totalPaid bigint,
        totalPayable bigint,
        userAccountId bigint,
        primary key (customerId)
    )" via JDBC [There is already an object named 'CustomerList' in the database.]
org.hibernate.tool.schema.spi.CommandAcceptanceException: Error executing DDL "
    create table CustomerList (
        customerId bigint identity not null,
        endDate date,
        firstName varchar(255),
        gender varchar(255),
        lastName varchar(255),
        loanAmount bigint,
        loanType varchar(255),
        mobileNumber bigint,
        startDate date,
        totalPaid bigint,
        totalPayable bigint,
        userAccountId bigint,
        primary key (customerId)
    )" via JDBC [There is already an object named 'CustomerList' in the database.]
	at org.hibernate.tool.schema.internal.exec.GenerationTargetToDatabase.accept(GenerationTargetToDatabase.java:94)
	at org.hibernate.tool.schema.internal.AbstractSchemaMigrator.applySqlString(AbstractSchemaMigrator.java:574)
	at org.hibernate.tool.schema.internal.AbstractSchemaMigrator.applySqlStrings(AbstractSchemaMigrator.java:514)
	at org.hibernate.tool.schema.internal.AbstractSchemaMigrator.createTable(AbstractSchemaMigrator.java:315)
	at org.hibernate.tool.schema.internal.GroupedSchemaMigratorImpl.performTablesMigration(GroupedSchemaMigratorImpl.java:80)
	at org.hibernate.tool.schema.internal.AbstractSchemaMigrator.performMigration(AbstractSchemaMigrator.java:232)
	at org.hibernate.tool.schema.internal.AbstractSchemaMigrator.doMigration(AbstractSchemaMigrator.java:117)
	at org.hibernate.tool.schema.spi.SchemaManagementToolCoordinator.performDatabaseAction(SchemaManagementToolCoordinator.java:284)
	at org.hibernate.tool.schema.spi.SchemaManagementToolCoordinator.lambda$process$5(SchemaManagementToolCoordinator.java:143)
	at java.base/java.util.HashMap.forEach(HashMap.java:1421)
	at org.hibernate.tool.schema.spi.SchemaManagementToolCoordinator.process(SchemaManagementToolCoordinator.java:140)
	at org.hibernate.boot.internal.SessionFactoryObserverForSchemaExport.sessionFactoryCreated(SessionFactoryObserverForSchemaExport.java:37)
	at org.hibernate.internal.SessionFactoryObserverChain.sessionFactoryCreated(SessionFactoryObserverChain.java:35)
	at org.hibernate.internal.SessionFactoryImpl.<init>(SessionFactoryImpl.java:293)
	at org.hibernate.boot.internal.SessionFactoryBuilderImpl.build(SessionFactoryBuilderImpl.java:444)
	at org.hibernate.jpa.boot.internal.EntityManagerFactoryBuilderImpl.build(EntityManagerFactoryBuilderImpl.java:1458)
	at org.springframework.orm.jpa.vendor.SpringHibernateJpaPersistenceProvider.createContainerEntityManagerFactory(SpringHibernateJpaPersistenceProvider.java:75)
	at org.springframework.orm.jpa.LocalContainerEntityManagerFactoryBean.createNativeEntityManagerFactory(LocalContainerEntityManagerFactoryBean.java:376)
	at org.springframework.orm.jpa.AbstractEntityManagerFactoryBean.buildNativeEntityManagerFactory(AbstractEntityManagerFactoryBean.java:409)
	at org.springframework.orm.jpa.AbstractEntityManagerFactoryBean.afterPropertiesSet(AbstractEntityManagerFactoryBean.java:396)
	at org.springframework.orm.jpa.LocalContainerEntityManagerFactoryBean.afterPropertiesSet(LocalContainerEntityManagerFactoryBean.java:352)
	at org.springframework.beans.factory.support.AbstractAutowireCapableBeanFactory.invokeInitMethods(AbstractAutowireCapableBeanFactory.java:1817)
	at org.springframework.beans.factory.support.AbstractAutowireCapableBeanFactory.initializeBean(AbstractAutowireCapableBeanFactory.java:1766)
	at org.springframework.beans.factory.support.AbstractAutowireCapableBeanFactory.doCreateBean(AbstractAutowireCapableBeanFactory.java:598)
	at org.springframework.beans.factory.support.AbstractAutowireCapableBeanFactory.createBean(AbstractAutowireCapableBeanFactory.java:520)
	at org.springframework.beans.factory.support.AbstractBeanFactory.lambda$doGetBean$0(AbstractBeanFactory.java:325)
	at org.springframework.beans.factory.support.DefaultSingletonBeanRegistry.getSingleton(DefaultSingletonBeanRegistry.java:234)
	at org.springframework.beans.factory.support.AbstractBeanFactory.doGetBean(AbstractBeanFactory.java:323)
	at org.springframework.beans.factory.support.AbstractBeanFactory.getBean(AbstractBeanFactory.java:199)
	at org.springframework.beans.factory.support.BeanDefinitionValueResolver.resolveReference(BeanDefinitionValueResolver.java:365)
	at org.springframework.beans.factory.support.BeanDefinitionValueResolver.resolveValueIfNecessary(BeanDefinitionValueResolver.java:135)
	at org.springframework.beans.factory.support.ConstructorResolver.resolveConstructorArguments(ConstructorResolver.java:688)
	at org.springframework.beans.factory.support.ConstructorResolver.instantiateUsingFactoryMethod(ConstructorResolver.java:512)
	at org.springframework.beans.factory.support.AbstractAutowireCapableBeanFactory.instantiateUsingFactoryMethod(AbstractAutowireCapableBeanFactory.java:1332)
	at org.springframework.beans.factory.support.AbstractAutowireCapableBeanFactory.createBeanInstance(AbstractAutowireCapableBeanFactory.java:1162)
	at org.springframework.beans.factory.support.AbstractAutowireCapableBeanFactory.doCreateBean(AbstractAutowireCapableBeanFactory.java:560)
	at org.springframework.beans.factory.support.AbstractAutowireCapableBeanFactory.createBean(AbstractAutowireCapableBeanFactory.java:520)
	at org.springframework.beans.factory.support.AbstractBeanFactory.lambda$doGetBean$0(AbstractBeanFactory.java:325)
	at org.springframework.beans.factory.support.DefaultSingletonBeanRegistry.getSingleton(DefaultSingletonBeanRegistry.java:234)
	at org.springframework.beans.factory.support.AbstractBeanFactory.doGetBean(AbstractBeanFactory.java:323)
	at org.springframework.beans.factory.support.AbstractBeanFactory.getBean(AbstractBeanFactory.java:199)
	at org.springframework.beans.factory.support.BeanDefinitionValueResolver.resolveReference(BeanDefinitionValueResolver.java:365)
	at org.springframework.beans.factory.support.BeanDefinitionValueResolver.resolveValueIfNecessary(BeanDefinitionValueResolver.java:135)
	at org.springframework.beans.factory.support.AbstractAutowireCapableBeanFactory.applyPropertyValues(AbstractAutowireCapableBeanFactory.java:1682)
	at org.springframework.beans.factory.support.AbstractAutowireCapableBeanFactory.populateBean(AbstractAutowireCapableBeanFactory.java:1431)
	at org.springframework.beans.factory.support.AbstractAutowireCapableBeanFactory.doCreateBean(AbstractAutowireCapableBeanFactory.java:597)
	at org.springframework.beans.factory.support.AbstractAutowireCapableBeanFactory.createBean(AbstractAutowireCapableBeanFactory.java:520)
	at org.springframework.beans.factory.support.AbstractBeanFactory.lambda$doGetBean$0(AbstractBeanFactory.java:325)
	at org.springframework.beans.factory.support.DefaultSingletonBeanRegistry.getSingleton(DefaultSingletonBeanRegistry.java:234)
	at org.springframework.beans.factory.support.AbstractBeanFactory.doGetBean(AbstractBeanFactory.java:323)
	at org.springframework.beans.factory.support.AbstractBeanFactory.getBean(AbstractBeanFactory.java:199)
	at org.springframework.beans.factory.config.DependencyDescriptor.resolveCandidate(DependencyDescriptor.java:254)
	at org.springframework.beans.factory.support.DefaultListableBeanFactory.doResolveDependency(DefaultListableBeanFactory.java:1417)
	at org.springframework.beans.factory.support.DefaultListableBeanFactory.resolveDependency(DefaultListableBeanFactory.java:1337)
	at org.springframework.beans.factory.support.ConstructorResolver.resolveAutowiredArgument(ConstructorResolver.java:910)
	at org.springframework.beans.factory.support.ConstructorResolver.createArgumentArray(ConstructorResolver.java:788)
	at org.springframework.beans.factory.support.ConstructorResolver.autowireConstructor(ConstructorResolver.java:240)
	at org.springframework.beans.factory.support.AbstractAutowireCapableBeanFactory.autowireConstructor(AbstractAutowireCapableBeanFactory.java:1352)
	at org.springframework.beans.factory.support.AbstractAutowireCapableBeanFactory.createBeanInstance(AbstractAutowireCapableBeanFactory.java:1189)
	at org.springframework.beans.factory.support.AbstractAutowireCapableBeanFactory.doCreateBean(AbstractAutowireCapableBeanFactory.java:560)
	at org.springframework.beans.factory.support.AbstractAutowireCapableBeanFactory.createBean(AbstractAutowireCapableBeanFactory.java:520)
	at org.springframework.beans.factory.support.AbstractBeanFactory.lambda$doGetBean$0(AbstractBeanFactory.java:325)
	at org.springframework.beans.factory.support.DefaultSingletonBeanRegistry.getSingleton(DefaultSingletonBeanRegistry.java:234)
	at org.springframework.beans.factory.support.AbstractBeanFactory.doGetBean(AbstractBeanFactory.java:323)
	at org.springframework.beans.factory.support.AbstractBeanFactory.getBean(AbstractBeanFactory.java:199)
	at org.springframework.beans.factory.config.DependencyDescriptor.resolveCandidate(DependencyDescriptor.java:254)
	at org.springframework.beans.factory.support.DefaultListableBeanFactory.doResolveDependency(DefaultListableBeanFactory.java:1417)
	at org.springframework.beans.factory.support.DefaultListableBeanFactory.resolveDependency(DefaultListableBeanFactory.java:1337)
	at org.springframework.beans.factory.support.ConstructorResolver.resolveAutowiredArgument(ConstructorResolver.java:910)
	at org.springframework.beans.factory.support.ConstructorResolver.createArgumentArray(ConstructorResolver.java:788)
	at org.springframework.beans.factory.support.ConstructorResolver.autowireConstructor(ConstructorResolver.java:240)
	at org.springframework.beans.factory.support.AbstractAutowireCapableBeanFactory.autowireConstructor(AbstractAutowireCapableBeanFactory.java:1352)
	at org.springframework.beans.factory.support.AbstractAutowireCapableBeanFactory.createBeanInstance(AbstractAutowireCapableBeanFactory.java:1189)
	at org.springframework.beans.factory.support.AbstractAutowireCapableBeanFactory.doCreateBean(AbstractAutowireCapableBeanFactory.java:560)
	at org.springframework.beans.factory.support.AbstractAutowireCapableBeanFactory.createBean(AbstractAutowireCapableBeanFactory.java:520)
	at org.springframework.beans.factory.support.AbstractBeanFactory.lambda$doGetBean$0(AbstractBeanFactory.java:325)
	at org.springframework.beans.factory.support.DefaultSingletonBeanRegistry.getSingleton(DefaultSingletonBeanRegistry.java:234)
	at org.springframework.beans.factory.support.AbstractBeanFactory.doGetBean(AbstractBeanFactory.java:323)
	at org.springframework.beans.factory.support.AbstractBeanFactory.getBean(AbstractBeanFactory.java:204)
	at org.springframework.boot.web.servlet.ServletContextInitializerBeans.getOrderedBeansOfType(ServletContextInitializerBeans.java:210)
	at org.springframework.boot.web.servlet.ServletContextInitializerBeans.addAsRegistrationBean(ServletContextInitializerBeans.java:173)
	at org.springframework.boot.web.servlet.ServletContextInitializerBeans.addAsRegistrationBean(ServletContextInitializerBeans.java:168)
	at org.springframework.boot.web.servlet.ServletContextInitializerBeans.addAdaptableBeans(ServletContextInitializerBeans.java:153)
	at org.springframework.boot.web.servlet.ServletContextInitializerBeans.<init>(ServletContextInitializerBeans.java:86)
	at org.springframework.boot.web.servlet.context.ServletWebServerApplicationContext.getServletContextInitializerBeans(ServletWebServerApplicationContext.java:261)
	at org.springframework.boot.web.servlet.context.ServletWebServerApplicationContext.selfInitialize(ServletWebServerApplicationContext.java:235)
	at org.springframework.boot.web.embedded.tomcat.TomcatStarter.onStartup(TomcatStarter.java:52)
	at org.apache.catalina.core.StandardContext.startInternal(StandardContext.java:4850)
	at org.apache.catalina.util.LifecycleBase.start(LifecycleBase.java:171)
	at org.apache.catalina.core.ContainerBase$StartChild.call(ContainerBase.java:1332)
	at org.apache.catalina.core.ContainerBase$StartChild.call(ContainerBase.java:1322)
	at java.base/java.util.concurrent.FutureTask.run(FutureTask.java:264)
	at org.apache.tomcat.util.threads.InlineExecutorService.execute(InlineExecutorService.java:75)
	at java.base/java.util.concurrent.AbstractExecutorService.submit(AbstractExecutorService.java:145)
	at org.apache.catalina.core.ContainerBase.startInternal(ContainerBase.java:866)
	at org.apache.catalina.core.StandardHost.startInternal(StandardHost.java:845)
	at org.apache.catalina.util.LifecycleBase.start(LifecycleBase.java:171)
	at org.apache.catalina.core.ContainerBase$StartChild.call(ContainerBase.java:1332)
	at org.apache.catalina.core.ContainerBase$StartChild.call(ContainerBase.java:1322)
	at java.base/java.util.concurrent.FutureTask.run(FutureTask.java:264)
	at org.apache.tomcat.util.threads.InlineExecutorService.execute(InlineExecutorService.java:75)
	at java.base/java.util.concurrent.AbstractExecutorService.submit(AbstractExecutorService.java:145)
	at org.apache.catalina.core.ContainerBase.startInternal(ContainerBase.java:866)
	at org.apache.catalina.core.StandardEngine.startInternal(StandardEngine.java:240)
	at org.apache.catalina.util.LifecycleBase.start(LifecycleBase.java:171)
	at org.apache.catalina.core.StandardService.startInternal(StandardService.java:433)
	at org.apache.catalina.util.LifecycleBase.start(LifecycleBase.java:171)
	at org.apache.catalina.core.StandardServer.startInternal(StandardServer.java:917)
	at org.apache.catalina.util.LifecycleBase.start(LifecycleBase.java:171)
	at org.apache.catalina.startup.Tomcat.start(Tomcat.java:488)
	at org.springframework.boot.web.embedded.tomcat.TomcatWebServer.initialize(TomcatWebServer.java:123)
	at org.springframework.boot.web.embedded.tomcat.TomcatWebServer.<init>(TomcatWebServer.java:104)
	at org.springframework.boot.web.embedded.tomcat.TomcatServletWebServerFactory.getTomcatWebServer(TomcatServletWebServerFactory.java:489)
	at org.springframework.boot.web.embedded.tomcat.TomcatServletWebServerFactory.getWebServer(TomcatServletWebServerFactory.java:211)
	at org.springframework.boot.web.servlet.context.ServletWebServerApplicationContext.createWebServer(ServletWebServerApplicationContext.java:183)
	at org.springframework.boot.web.servlet.context.ServletWebServerApplicationContext.onRefresh(ServletWebServerApplicationContext.java:161)
	at org.springframework.context.support.AbstractApplicationContext.refresh(AbstractApplicationContext.java:610)
	at org.springframework.boot.web.servlet.context.ServletWebServerApplicationContext.refresh(ServletWebServerApplicationContext.java:146)
	at org.springframework.boot.SpringApplication.refresh(SpringApplication.java:738)
	at org.springframework.boot.SpringApplication.refreshContext(SpringApplication.java:440)
	at org.springframework.boot.SpringApplication.run(SpringApplication.java:316)
	at org.springframework.boot.SpringApplication.run(SpringApplication.java:1306)
	at org.springframework.boot.SpringApplication.run(SpringApplication.java:1295)
	at config.SpringCrudApplication.main(SpringCrudApplication.java:17)
Caused by: com.microsoft.sqlserver.jdbc.SQLServerException: There is already an object named 'CustomerList' in the database.
	at com.microsoft.sqlserver.jdbc.SQLServerException.makeFromDatabaseError(SQLServerException.java:265)
	at com.microsoft.sqlserver.jdbc.SQLServerStatement.getNextResult(SQLServerStatement.java:1676)
	at com.microsoft.sqlserver.jdbc.SQLServerStatement.doExecuteStatement(SQLServerStatement.java:907)
	at com.microsoft.sqlserver.jdbc.SQLServerStatement$StmtExecCmd.doExecute(SQLServerStatement.java:802)
	at com.microsoft.sqlserver.jdbc.TDSCommand.execute(IOBuffer.java:7620)
	at com.microsoft.sqlserver.jdbc.SQLServerConnection.executeCommand(SQLServerConnection.java:3916)
	at com.microsoft.sqlserver.jdbc.SQLServerStatement.executeCommand(SQLServerStatement.java:268)
	at com.microsoft.sqlserver.jdbc.SQLServerStatement.executeStatement(SQLServerStatement.java:242)
	at com.microsoft.sqlserver.jdbc.SQLServerStatement.execute(SQLServerStatement.java:775)
	at com.zaxxer.hikari.pool.ProxyStatement.execute(ProxyStatement.java:94)
	at com.zaxxer.hikari.pool.HikariProxyStatement.execute(HikariProxyStatement.java)
	at org.hibernate.tool.schema.internal.exec.GenerationTargetToDatabase.accept(GenerationTargetToDatabase.java:80)
	... 123 common frames omitted
2026-09-12 00:55:07.098 [main] WARN  o.h.t.s.i.ExceptionHandlerLoggedImpl - GenerationTarget encountered exception accepting command : Error executing DDL "
    create table NavigationMenu (
        menuId bigint identity not null,
        menuName varchar(255),
        primary key (menuId)
    )" via JDBC [There is already an object named 'NavigationMenu' in the database.]
org.hibernate.tool.schema.spi.CommandAcceptanceException: Error executing DDL "
    create table NavigationMenu (
        menuId bigint identity not null,
        menuName varchar(255),
        primary key (menuId)
    )" via JDBC [There is already an object named 'NavigationMenu' in the database.]
	at org.hibernate.tool.schema.internal.exec.GenerationTargetToDatabase.accept(GenerationTargetToDatabase.java:94)
	at org.hibernate.tool.schema.internal.AbstractSchemaMigrator.applySqlString(AbstractSchemaMigrator.java:574)
	at org.hibernate.tool.schema.internal.AbstractSchemaMigrator.applySqlStrings(AbstractSchemaMigrator.java:514)
	at org.hibernate.tool.schema.internal.AbstractSchemaMigrator.createTable(AbstractSchemaMigrator.java:315)
	at org.hibernate.tool.schema.internal.GroupedSchemaMigratorImpl.performTablesMigration(GroupedSchemaMigratorImpl.java:80)
	at org.hibernate.tool.schema.internal.AbstractSchemaMigrator.performMigration(AbstractSchemaMigrator.java:232)
	at org.hibernate.tool.schema.internal.AbstractSchemaMigrator.doMigration(AbstractSchemaMigrator.java:117)
	at org.hibernate.tool.schema.spi.SchemaManagementToolCoordinator.performDatabaseAction(SchemaManagementToolCoordinator.java:284)
	at org.hibernate.tool.schema.spi.SchemaManagementToolCoordinator.lambda$process$5(SchemaManagementToolCoordinator.java:143)
	at java.base/java.util.HashMap.forEach(HashMap.java:1421)
	at org.hibernate.tool.schema.spi.SchemaManagementToolCoordinator.process(SchemaManagementToolCoordinator.java:140)
	at org.hibernate.boot.internal.SessionFactoryObserverForSchemaExport.sessionFactoryCreated(SessionFactoryObserverForSchemaExport.java:37)
	at org.hibernate.internal.SessionFactoryObserverChain.sessionFactoryCreated(SessionFactoryObserverChain.java:35)
	at org.hibernate.internal.SessionFactoryImpl.<init>(SessionFactoryImpl.java:293)
	at org.hibernate.boot.internal.SessionFactoryBuilderImpl.build(SessionFactoryBuilderImpl.java:444)
	at org.hibernate.jpa.boot.internal.EntityManagerFactoryBuilderImpl.build(EntityManagerFactoryBuilderImpl.java:1458)
	at org.springframework.orm.jpa.vendor.SpringHibernateJpaPersistenceProvider.createContainerEntityManagerFactory(SpringHibernateJpaPersistenceProvider.java:75)
	at org.springframework.orm.jpa.LocalContainerEntityManagerFactoryBean.createNativeEntityManagerFactory(LocalContainerEntityManagerFactoryBean.java:376)
	at org.springframework.orm.jpa.AbstractEntityManagerFactoryBean.buildNativeEntityManagerFactory(AbstractEntityManagerFactoryBean.java:409)
	at org.springframework.orm.jpa.AbstractEntityManagerFactoryBean.afterPropertiesSet(AbstractEntityManagerFactoryBean.java:396)
	at org.springframework.orm.jpa.LocalContainerEntityManagerFactoryBean.afterPropertiesSet(LocalContainerEntityManagerFactoryBean.java:352)
	at org.springframework.beans.factory.support.AbstractAutowireCapableBeanFactory.invokeInitMethods(AbstractAutowireCapableBeanFactory.java:1817)
	at org.springframework.beans.factory.support.AbstractAutowireCapableBeanFactory.initializeBean(AbstractAutowireCapableBeanFactory.java:1766)
	at org.springframework.beans.factory.support.AbstractAutowireCapableBeanFactory.doCreateBean(AbstractAutowireCapableBeanFactory.java:598)
	at org.springframework.beans.factory.support.AbstractAutowireCapableBeanFactory.createBean(AbstractAutowireCapableBeanFactory.java:520)
	at org.springframework.beans.factory.support.AbstractBeanFactory.lambda$doGetBean$0(AbstractBeanFactory.java:325)
	at org.springframework.beans.factory.support.DefaultSingletonBeanRegistry.getSingleton(DefaultSingletonBeanRegistry.java:234)
	at org.springframework.beans.factory.support.AbstractBeanFactory.doGetBean(AbstractBeanFactory.java:323)
	at org.springframework.beans.factory.support.AbstractBeanFactory.getBean(AbstractBeanFactory.java:199)
	at org.springframework.beans.factory.support.BeanDefinitionValueResolver.resolveReference(BeanDefinitionValueResolver.java:365)
	at org.springframework.beans.factory.support.BeanDefinitionValueResolver.resolveValueIfNecessary(BeanDefinitionValueResolver.java:135)
	at org.springframework.beans.factory.support.ConstructorResolver.resolveConstructorArguments(ConstructorResolver.java:688)
	at org.springframework.beans.factory.support.ConstructorResolver.instantiateUsingFactoryMethod(ConstructorResolver.java:512)
	at org.springframework.beans.factory.support.AbstractAutowireCapableBeanFactory.instantiateUsingFactoryMethod(AbstractAutowireCapableBeanFactory.java:1332)
	at org.springframework.beans.factory.support.AbstractAutowireCapableBeanFactory.createBeanInstance(AbstractAutowireCapableBeanFactory.java:1162)
	at org.springframework.beans.factory.support.AbstractAutowireCapableBeanFactory.doCreateBean(AbstractAutowireCapableBeanFactory.java:560)
	at org.springframework.beans.factory.support.AbstractAutowireCapableBeanFactory.createBean(AbstractAutowireCapableBeanFactory.java:520)
	at org.springframework.beans.factory.support.AbstractBeanFactory.lambda$doGetBean$0(AbstractBeanFactory.java:325)
	at org.springframework.beans.factory.support.DefaultSingletonBeanRegistry.getSingleton(DefaultSingletonBeanRegistry.java:234)
	at org.springframework.beans.factory.support.AbstractBeanFactory.doGetBean(AbstractBeanFactory.java:323)
	at org.springframework.beans.factory.support.AbstractBeanFactory.getBean(AbstractBeanFactory.java:199)
	at org.springframework.beans.factory.support.BeanDefinitionValueResolver.resolveReference(BeanDefinitionValueResolver.java:365)
	at org.springframework.beans.factory.support.BeanDefinitionValueResolver.resolveValueIfNecessary(BeanDefinitionValueResolver.java:135)
	at org.springframework.beans.factory.support.AbstractAutowireCapableBeanFactory.applyPropertyValues(AbstractAutowireCapableBeanFactory.java:1682)
	at org.springframework.beans.factory.support.AbstractAutowireCapableBeanFactory.populateBean(AbstractAutowireCapableBeanFactory.java:1431)
	at org.springframework.beans.factory.support.AbstractAutowireCapableBeanFactory.doCreateBean(AbstractAutowireCapableBeanFactory.java:597)
	at org.springframework.beans.factory.support.AbstractAutowireCapableBeanFactory.createBean(AbstractAutowireCapableBeanFactory.java:520)
	at org.springframework.beans.factory.support.AbstractBeanFactory.lambda$doGetBean$0(AbstractBeanFactory.java:325)
	at org.springframework.beans.factory.support.DefaultSingletonBeanRegistry.getSingleton(DefaultSingletonBeanRegistry.java:234)
	at org.springframework.beans.factory.support.AbstractBeanFactory.doGetBean(AbstractBeanFactory.java:323)
	at org.springframework.beans.factory.support.AbstractBeanFactory.getBean(AbstractBeanFactory.java:199)
	at org.springframework.beans.factory.config.DependencyDescriptor.resolveCandidate(DependencyDescriptor.java:254)
	at org.springframework.beans.factory.support.DefaultListableBeanFactory.doResolveDependency(DefaultListableBeanFactory.java:1417)
	at org.springframework.beans.factory.support.DefaultListableBeanFactory.resolveDependency(DefaultListableBeanFactory.java:1337)
	at org.springframework.beans.factory.support.ConstructorResolver.resolveAutowiredArgument(ConstructorResolver.java:910)
	at org.springframework.beans.factory.support.ConstructorResolver.createArgumentArray(ConstructorResolver.java:788)
	at org.springframework.beans.factory.support.ConstructorResolver.autowireConstructor(ConstructorResolver.java:240)
	at org.springframework.beans.factory.support.AbstractAutowireCapableBeanFactory.autowireConstructor(AbstractAutowireCapableBeanFactory.java:1352)
	at org.springframework.beans.factory.support.AbstractAutowireCapableBeanFactory.createBeanInstance(AbstractAutowireCapableBeanFactory.java:1189)
	at org.springframework.beans.factory.support.AbstractAutowireCapableBeanFactory.doCreateBean(AbstractAutowireCapableBeanFactory.java:560)
	at org.springframework.beans.factory.support.AbstractAutowireCapableBeanFactory.createBean(AbstractAutowireCapableBeanFactory.java:520)
	at org.springframework.beans.factory.support.AbstractBeanFactory.lambda$doGetBean$0(AbstractBeanFactory.java:325)
	at org.springframework.beans.factory.support.DefaultSingletonBeanRegistry.getSingleton(DefaultSingletonBeanRegistry.java:234)
	at org.springframework.beans.factory.support.AbstractBeanFactory.doGetBean(AbstractBeanFactory.java:323)
	at org.springframework.beans.factory.support.AbstractBeanFactory.getBean(AbstractBeanFactory.java:199)
	at org.springframework.beans.factory.config.DependencyDescriptor.resolveCandidate(DependencyDescriptor.java:254)
	at org.springframework.beans.factory.support.DefaultListableBeanFactory.doResolveDependency(DefaultListableBeanFactory.java:1417)
	at org.springframework.beans.factory.support.DefaultListableBeanFactory.resolveDependency(DefaultListableBeanFactory.java:1337)
	at org.springframework.beans.factory.support.ConstructorResolver.resolveAutowiredArgument(ConstructorResolver.java:910)
	at org.springframework.beans.factory.support.ConstructorResolver.createArgumentArray(ConstructorResolver.java:788)
	at org.springframework.beans.factory.support.ConstructorResolver.autowireConstructor(ConstructorResolver.java:240)
	at org.springframework.beans.factory.support.AbstractAutowireCapableBeanFactory.autowireConstructor(AbstractAutowireCapableBeanFactory.java:1352)
	at org.springframework.beans.factory.support.AbstractAutowireCapableBeanFactory.createBeanInstance(AbstractAutowireCapableBeanFactory.java:1189)
	at org.springframework.beans.factory.support.AbstractAutowireCapableBeanFactory.doCreateBean(AbstractAutowireCapableBeanFactory.java:560)
	at org.springframework.beans.factory.support.AbstractAutowireCapableBeanFactory.createBean(AbstractAutowireCapableBeanFactory.java:520)
	at org.springframework.beans.factory.support.AbstractBeanFactory.lambda$doGetBean$0(AbstractBeanFactory.java:325)
	at org.springframework.beans.factory.support.DefaultSingletonBeanRegistry.getSingleton(DefaultSingletonBeanRegistry.java:234)
	at org.springframework.beans.factory.support.AbstractBeanFactory.doGetBean(AbstractBeanFactory.java:323)
	at org.springframework.beans.factory.support.AbstractBeanFactory.getBean(AbstractBeanFactory.java:204)
	at org.springframework.boot.web.servlet.ServletContextInitializerBeans.getOrderedBeansOfType(ServletContextInitializerBeans.java:210)
	at org.springframework.boot.web.servlet.ServletContextInitializerBeans.addAsRegistrationBean(ServletContextInitializerBeans.java:173)
	at org.springframework.boot.web.servlet.ServletContextInitializerBeans.addAsRegistrationBean(ServletContextInitializerBeans.java:168)
	at org.springframework.boot.web.servlet.ServletContextInitializerBeans.addAdaptableBeans(ServletContextInitializerBeans.java:153)
	at org.springframework.boot.web.servlet.ServletContextInitializerBeans.<init>(ServletContextInitializerBeans.java:86)
	at org.springframework.boot.web.servlet.context.ServletWebServerApplicationContext.getServletContextInitializerBeans(ServletWebServerApplicationContext.java:261)
	at org.springframework.boot.web.servlet.context.ServletWebServerApplicationContext.selfInitialize(ServletWebServerApplicationContext.java:235)
	at org.springframework.boot.web.embedded.tomcat.TomcatStarter.onStartup(TomcatStarter.java:52)
	at org.apache.catalina.core.StandardContext.startInternal(StandardContext.java:4850)
	at org.apache.catalina.util.LifecycleBase.start(LifecycleBase.java:171)
	at org.apache.catalina.core.ContainerBase$StartChild.call(ContainerBase.java:1332)
	at org.apache.catalina.core.ContainerBase$StartChild.call(ContainerBase.java:1322)
	at java.base/java.util.concurrent.FutureTask.run(FutureTask.java:264)
	at org.apache.tomcat.util.threads.InlineExecutorService.execute(InlineExecutorService.java:75)
	at java.base/java.util.concurrent.AbstractExecutorService.submit(AbstractExecutorService.java:145)
	at org.apache.catalina.core.ContainerBase.startInternal(ContainerBase.java:866)
	at org.apache.catalina.core.StandardHost.startInternal(StandardHost.java:845)
	at org.apache.catalina.util.LifecycleBase.start(LifecycleBase.java:171)
	at org.apache.catalina.core.ContainerBase$StartChild.call(ContainerBase.java:1332)
	at org.apache.catalina.core.ContainerBase$StartChild.call(ContainerBase.java:1322)
	at java.base/java.util.concurrent.FutureTask.run(FutureTask.java:264)
	at org.apache.tomcat.util.threads.InlineExecutorService.execute(InlineExecutorService.java:75)
	at java.base/java.util.concurrent.AbstractExecutorService.submit(AbstractExecutorService.java:145)
	at org.apache.catalina.core.ContainerBase.startInternal(ContainerBase.java:866)
	at org.apache.catalina.core.StandardEngine.startInternal(StandardEngine.java:240)
	at org.apache.catalina.util.LifecycleBase.start(LifecycleBase.java:171)
	at org.apache.catalina.core.StandardService.startInternal(StandardService.java:433)
	at org.apache.catalina.util.LifecycleBase.start(LifecycleBase.java:171)
	at org.apache.catalina.core.StandardServer.startInternal(StandardServer.java:917)
	at org.apache.catalina.util.LifecycleBase.start(LifecycleBase.java:171)
	at org.apache.catalina.startup.Tomcat.start(Tomcat.java:488)
	at org.springframework.boot.web.embedded.tomcat.TomcatWebServer.initialize(TomcatWebServer.java:123)
	at org.springframework.boot.web.embedded.tomcat.TomcatWebServer.<init>(TomcatWebServer.java:104)
	at org.springframework.boot.web.embedded.tomcat.TomcatServletWebServerFactory.getTomcatWebServer(TomcatServletWebServerFactory.java:489)
	at org.springframework.boot.web.embedded.tomcat.TomcatServletWebServerFactory.getWebServer(TomcatServletWebServerFactory.java:211)
	at org.springframework.boot.web.servlet.context.ServletWebServerApplicationContext.createWebServer(ServletWebServerApplicationContext.java:183)
	at org.springframework.boot.web.servlet.context.ServletWebServerApplicationContext.onRefresh(ServletWebServerApplicationContext.java:161)
	at org.springframework.context.support.AbstractApplicationContext.refresh(AbstractApplicationContext.java:610)
	at org.springframework.boot.web.servlet.context.ServletWebServerApplicationContext.refresh(ServletWebServerApplicationContext.java:146)
	at org.springframework.boot.SpringApplication.refresh(SpringApplication.java:738)
	at org.springframework.boot.SpringApplication.refreshContext(SpringApplication.java:440)
	at org.springframework.boot.SpringApplication.run(SpringApplication.java:316)
	at org.springframework.boot.SpringApplication.run(SpringApplication.java:1306)
	at org.springframework.boot.SpringApplication.run(SpringApplication.java:1295)
	at config.SpringCrudApplication.main(SpringCrudApplication.java:17)
Caused by: com.microsoft.sqlserver.jdbc.SQLServerException: There is already an object named 'NavigationMenu' in the database.
	at com.microsoft.sqlserver.jdbc.SQLServerException.makeFromDatabaseError(SQLServerException.java:265)
	at com.microsoft.sqlserver.jdbc.SQLServerStatement.getNextResult(SQLServerStatement.java:1676)
	at com.microsoft.sqlserver.jdbc.SQLServerStatement.doExecuteStatement(SQLServerStatement.java:907)
	at com.microsoft.sqlserver.jdbc.SQLServerStatement$StmtExecCmd.doExecute(SQLServerStatement.java:802)
	at com.microsoft.sqlserver.jdbc.TDSCommand.execute(IOBuffer.java:7620)
	at com.microsoft.sqlserver.jdbc.SQLServerConnection.executeCommand(SQLServerConnection.java:3916)
	at com.microsoft.sqlserver.jdbc.SQLServerStatement.executeCommand(SQLServerStatement.java:268)
	at com.microsoft.sqlserver.jdbc.SQLServerStatement.executeStatement(SQLServerStatement.java:242)
	at com.microsoft.sqlserver.jdbc.SQLServerStatement.execute(SQLServerStatement.java:775)
	at com.zaxxer.hikari.pool.ProxyStatement.execute(ProxyStatement.java:94)
	at com.zaxxer.hikari.pool.HikariProxyStatement.execute(HikariProxyStatement.java)
	at org.hibernate.tool.schema.internal.exec.GenerationTargetToDatabase.accept(GenerationTargetToDatabase.java:80)
	... 123 common frames omitted
2026-09-12 00:55:07.107 [main] WARN  o.h.t.s.i.ExceptionHandlerLoggedImpl - GenerationTarget encountered exception accepting command : Error executing DDL "
    create table Payments (
        paymentId bigint identity not null,
        amount bigint,
        customerId bigint,
        date date,
        loanType varchar(255),
        paymentMode varchar(255),
        paymentStatus bit,
        primary key (paymentId)
    )" via JDBC [There is already an object named 'Payments' in the database.]
org.hibernate.tool.schema.spi.CommandAcceptanceException: Error executing DDL "
    create table Payments (
        paymentId bigint identity not null,
        amount bigint,
        customerId bigint,
        date date,
        loanType varchar(255),
        paymentMode varchar(255),
        paymentStatus bit,
        primary key (paymentId)
    )" via JDBC [There is already an object named 'Payments' in the database.]
	at org.hibernate.tool.schema.internal.exec.GenerationTargetToDatabase.accept(GenerationTargetToDatabase.java:94)
	at org.hibernate.tool.schema.internal.AbstractSchemaMigrator.applySqlString(AbstractSchemaMigrator.java:574)
	at org.hibernate.tool.schema.internal.AbstractSchemaMigrator.applySqlStrings(AbstractSchemaMigrator.java:514)
	at org.hibernate.tool.schema.internal.AbstractSchemaMigrator.createTable(AbstractSchemaMigrator.java:315)
	at org.hibernate.tool.schema.internal.GroupedSchemaMigratorImpl.performTablesMigration(GroupedSchemaMigratorImpl.java:80)
	at org.hibernate.tool.schema.internal.AbstractSchemaMigrator.performMigration(AbstractSchemaMigrator.java:232)
	at org.hibernate.tool.schema.internal.AbstractSchemaMigrator.doMigration(AbstractSchemaMigrator.java:117)
	at org.hibernate.tool.schema.spi.SchemaManagementToolCoordinator.performDatabaseAction(SchemaManagementToolCoordinator.java:284)
	at org.hibernate.tool.schema.spi.SchemaManagementToolCoordinator.lambda$process$5(SchemaManagementToolCoordinator.java:143)
	at java.base/java.util.HashMap.forEach(HashMap.java:1421)
	at org.hibernate.tool.schema.spi.SchemaManagementToolCoordinator.process(SchemaManagementToolCoordinator.java:140)
	at org.hibernate.boot.internal.SessionFactoryObserverForSchemaExport.sessionFactoryCreated(SessionFactoryObserverForSchemaExport.java:37)
	at org.hibernate.internal.SessionFactoryObserverChain.sessionFactoryCreated(SessionFactoryObserverChain.java:35)
	at org.hibernate.internal.SessionFactoryImpl.<init>(SessionFactoryImpl.java:293)
	at org.hibernate.boot.internal.SessionFactoryBuilderImpl.build(SessionFactoryBuilderImpl.java:444)
	at org.hibernate.jpa.boot.internal.EntityManagerFactoryBuilderImpl.build(EntityManagerFactoryBuilderImpl.java:1458)
	at org.springframework.orm.jpa.vendor.SpringHibernateJpaPersistenceProvider.createContainerEntityManagerFactory(SpringHibernateJpaPersistenceProvider.java:75)
	at org.springframework.orm.jpa.LocalContainerEntityManagerFactoryBean.createNativeEntityManagerFactory(LocalContainerEntityManagerFactoryBean.java:376)
	at org.springframework.orm.jpa.AbstractEntityManagerFactoryBean.buildNativeEntityManagerFactory(AbstractEntityManagerFactoryBean.java:409)
	at org.springframework.orm.jpa.AbstractEntityManagerFactoryBean.afterPropertiesSet(AbstractEntityManagerFactoryBean.java:396)
	at org.springframework.orm.jpa.LocalContainerEntityManagerFactoryBean.afterPropertiesSet(LocalContainerEntityManagerFactoryBean.java:352)
	at org.springframework.beans.factory.support.AbstractAutowireCapableBeanFactory.invokeInitMethods(AbstractAutowireCapableBeanFactory.java:1817)
	at org.springframework.beans.factory.support.AbstractAutowireCapableBeanFactory.initializeBean(AbstractAutowireCapableBeanFactory.java:1766)
	at org.springframework.beans.factory.support.AbstractAutowireCapableBeanFactory.doCreateBean(AbstractAutowireCapableBeanFactory.java:598)
	at org.springframework.beans.factory.support.AbstractAutowireCapableBeanFactory.createBean(AbstractAutowireCapableBeanFactory.java:520)
	at org.springframework.beans.factory.support.AbstractBeanFactory.lambda$doGetBean$0(AbstractBeanFactory.java:325)
	at org.springframework.beans.factory.support.DefaultSingletonBeanRegistry.getSingleton(DefaultSingletonBeanRegistry.java:234)
	at org.springframework.beans.factory.support.AbstractBeanFactory.doGetBean(AbstractBeanFactory.java:323)
	at org.springframework.beans.factory.support.AbstractBeanFactory.getBean(AbstractBeanFactory.java:199)
	at org.springframework.beans.factory.support.BeanDefinitionValueResolver.resolveReference(BeanDefinitionValueResolver.java:365)
	at org.springframework.beans.factory.support.BeanDefinitionValueResolver.resolveValueIfNecessary(BeanDefinitionValueResolver.java:135)
	at org.springframework.beans.factory.support.ConstructorResolver.resolveConstructorArguments(ConstructorResolver.java:688)
	at org.springframework.beans.factory.support.ConstructorResolver.instantiateUsingFactoryMethod(ConstructorResolver.java:512)
	at org.springframework.beans.factory.support.AbstractAutowireCapableBeanFactory.instantiateUsingFactoryMethod(AbstractAutowireCapableBeanFactory.java:1332)
	at org.springframework.beans.factory.support.AbstractAutowireCapableBeanFactory.createBeanInstance(AbstractAutowireCapableBeanFactory.java:1162)
	at org.springframework.beans.factory.support.AbstractAutowireCapableBeanFactory.doCreateBean(AbstractAutowireCapableBeanFactory.java:560)
	at org.springframework.beans.factory.support.AbstractAutowireCapableBeanFactory.createBean(AbstractAutowireCapableBeanFactory.java:520)
	at org.springframework.beans.factory.support.AbstractBeanFactory.lambda$doGetBean$0(AbstractBeanFactory.java:325)
	at org.springframework.beans.factory.support.DefaultSingletonBeanRegistry.getSingleton(DefaultSingletonBeanRegistry.java:234)
	at org.springframework.beans.factory.support.AbstractBeanFactory.doGetBean(AbstractBeanFactory.java:323)
	at org.springframework.beans.factory.support.AbstractBeanFactory.getBean(AbstractBeanFactory.java:199)
	at org.springframework.beans.factory.support.BeanDefinitionValueResolver.resolveReference(BeanDefinitionValueResolver.java:365)
	at org.springframework.beans.factory.support.BeanDefinitionValueResolver.resolveValueIfNecessary(BeanDefinitionValueResolver.java:135)
	at org.springframework.beans.factory.support.AbstractAutowireCapableBeanFactory.applyPropertyValues(AbstractAutowireCapableBeanFactory.java:1682)
	at org.springframework.beans.factory.support.AbstractAutowireCapableBeanFactory.populateBean(AbstractAutowireCapableBeanFactory.java:1431)
	at org.springframework.beans.factory.support.AbstractAutowireCapableBeanFactory.doCreateBean(AbstractAutowireCapableBeanFactory.java:597)
	at org.springframework.beans.factory.support.AbstractAutowireCapableBeanFactory.createBean(AbstractAutowireCapableBeanFactory.java:520)
	at org.springframework.beans.factory.support.AbstractBeanFactory.lambda$doGetBean$0(AbstractBeanFactory.java:325)
	at org.springframework.beans.factory.support.DefaultSingletonBeanRegistry.getSingleton(DefaultSingletonBeanRegistry.java:234)
	at org.springframework.beans.factory.support.AbstractBeanFactory.doGetBean(AbstractBeanFactory.java:323)
	at org.springframework.beans.factory.support.AbstractBeanFactory.getBean(AbstractBeanFactory.java:199)
	at org.springframework.beans.factory.config.DependencyDescriptor.resolveCandidate(DependencyDescriptor.java:254)
	at org.springframework.beans.factory.support.DefaultListableBeanFactory.doResolveDependency(DefaultListableBeanFactory.java:1417)
	at org.springframework.beans.factory.support.DefaultListableBeanFactory.resolveDependency(DefaultListableBeanFactory.java:1337)
	at org.springframework.beans.factory.support.ConstructorResolver.resolveAutowiredArgument(ConstructorResolver.java:910)
	at org.springframework.beans.factory.support.ConstructorResolver.createArgumentArray(ConstructorResolver.java:788)
	at org.springframework.beans.factory.support.ConstructorResolver.autowireConstructor(ConstructorResolver.java:240)
	at org.springframework.beans.factory.support.AbstractAutowireCapableBeanFactory.autowireConstructor(AbstractAutowireCapableBeanFactory.java:1352)
	at org.springframework.beans.factory.support.AbstractAutowireCapableBeanFactory.createBeanInstance(AbstractAutowireCapableBeanFactory.java:1189)
	at org.springframework.beans.factory.support.AbstractAutowireCapableBeanFactory.doCreateBean(AbstractAutowireCapableBeanFactory.java:560)
	at org.springframework.beans.factory.support.AbstractAutowireCapableBeanFactory.createBean(AbstractAutowireCapableBeanFactory.java:520)
	at org.springframework.beans.factory.support.AbstractBeanFactory.lambda$doGetBean$0(AbstractBeanFactory.java:325)
	at org.springframework.beans.factory.support.DefaultSingletonBeanRegistry.getSingleton(DefaultSingletonBeanRegistry.java:234)
	at org.springframework.beans.factory.support.AbstractBeanFactory.doGetBean(AbstractBeanFactory.java:323)
	at org.springframework.beans.factory.support.AbstractBeanFactory.getBean(AbstractBeanFactory.java:199)
	at org.springframework.beans.factory.config.DependencyDescriptor.resolveCandidate(DependencyDescriptor.java:254)
	at org.springframework.beans.factory.support.DefaultListableBeanFactory.doResolveDependency(DefaultListableBeanFactory.java:1417)
	at org.springframework.beans.factory.support.DefaultListableBeanFactory.resolveDependency(DefaultListableBeanFactory.java:1337)
	at org.springframework.beans.factory.support.ConstructorResolver.resolveAutowiredArgument(ConstructorResolver.java:910)
	at org.springframework.beans.factory.support.ConstructorResolver.createArgumentArray(ConstructorResolver.java:788)
	at org.springframework.beans.factory.support.ConstructorResolver.autowireConstructor(ConstructorResolver.java:240)
	at org.springframework.beans.factory.support.AbstractAutowireCapableBeanFactory.autowireConstructor(AbstractAutowireCapableBeanFactory.java:1352)
	at org.springframework.beans.factory.support.AbstractAutowireCapableBeanFactory.createBeanInstance(AbstractAutowireCapableBeanFactory.java:1189)
	at org.springframework.beans.factory.support.AbstractAutowireCapableBeanFactory.doCreateBean(AbstractAutowireCapableBeanFactory.java:560)
	at org.springframework.beans.factory.support.AbstractAutowireCapableBeanFactory.createBean(AbstractAutowireCapableBeanFactory.java:520)
	at org.springframework.beans.factory.support.AbstractBeanFactory.lambda$doGetBean$0(AbstractBeanFactory.java:325)
	at org.springframework.beans.factory.support.DefaultSingletonBeanRegistry.getSingleton(DefaultSingletonBeanRegistry.java:234)
	at org.springframework.beans.factory.support.AbstractBeanFactory.doGetBean(AbstractBeanFactory.java:323)
	at org.springframework.beans.factory.support.AbstractBeanFactory.getBean(AbstractBeanFactory.java:204)
	at org.springframework.boot.web.servlet.ServletContextInitializerBeans.getOrderedBeansOfType(ServletContextInitializerBeans.java:210)
	at org.springframework.boot.web.servlet.ServletContextInitializerBeans.addAsRegistrationBean(ServletContextInitializerBeans.java:173)
	at org.springframework.boot.web.servlet.ServletContextInitializerBeans.addAsRegistrationBean(ServletContextInitializerBeans.java:168)
	at org.springframework.boot.web.servlet.ServletContextInitializerBeans.addAdaptableBeans(ServletContextInitializerBeans.java:153)
	at org.springframework.boot.web.servlet.ServletContextInitializerBeans.<init>(ServletContextInitializerBeans.java:86)
	at org.springframework.boot.web.servlet.context.ServletWebServerApplicationContext.getServletContextInitializerBeans(ServletWebServerApplicationContext.java:261)
	at org.springframework.boot.web.servlet.context.ServletWebServerApplicationContext.selfInitialize(ServletWebServerApplicationContext.java:235)
	at org.springframework.boot.web.embedded.tomcat.TomcatStarter.onStartup(TomcatStarter.java:52)
	at org.apache.catalina.core.StandardContext.startInternal(StandardContext.java:4850)
	at org.apache.catalina.util.LifecycleBase.start(LifecycleBase.java:171)
	at org.apache.catalina.core.ContainerBase$StartChild.call(ContainerBase.java:1332)
	at org.apache.catalina.core.ContainerBase$StartChild.call(ContainerBase.java:1322)
	at java.base/java.util.concurrent.FutureTask.run(FutureTask.java:264)
	at org.apache.tomcat.util.threads.InlineExecutorService.execute(InlineExecutorService.java:75)
	at java.base/java.util.concurrent.AbstractExecutorService.submit(AbstractExecutorService.java:145)
	at org.apache.catalina.core.ContainerBase.startInternal(ContainerBase.java:866)
	at org.apache.catalina.core.StandardHost.startInternal(StandardHost.java:845)
	at org.apache.catalina.util.LifecycleBase.start(LifecycleBase.java:171)
	at org.apache.catalina.core.ContainerBase$StartChild.call(ContainerBase.java:1332)
	at org.apache.catalina.core.ContainerBase$StartChild.call(ContainerBase.java:1322)
	at java.base/java.util.concurrent.FutureTask.run(FutureTask.java:264)
	at org.apache.tomcat.util.threads.InlineExecutorService.execute(InlineExecutorService.java:75)
	at java.base/java.util.concurrent.AbstractExecutorService.submit(AbstractExecutorService.java:145)
	at org.apache.catalina.core.ContainerBase.startInternal(ContainerBase.java:866)
	at org.apache.catalina.core.StandardEngine.startInternal(StandardEngine.java:240)
	at org.apache.catalina.util.LifecycleBase.start(LifecycleBase.java:171)
	at org.apache.catalina.core.StandardService.startInternal(StandardService.java:433)
	at org.apache.catalina.util.LifecycleBase.start(LifecycleBase.java:171)
	at org.apache.catalina.core.StandardServer.startInternal(StandardServer.java:917)
	at org.apache.catalina.util.LifecycleBase.start(LifecycleBase.java:171)
	at org.apache.catalina.startup.Tomcat.start(Tomcat.java:488)
	at org.springframework.boot.web.embedded.tomcat.TomcatWebServer.initialize(TomcatWebServer.java:123)
	at org.springframework.boot.web.embedded.tomcat.TomcatWebServer.<init>(TomcatWebServer.java:104)
	at org.springframework.boot.web.embedded.tomcat.TomcatServletWebServerFactory.getTomcatWebServer(TomcatServletWebServerFactory.java:489)
	at org.springframework.boot.web.embedded.tomcat.TomcatServletWebServerFactory.getWebServer(TomcatServletWebServerFactory.java:211)
	at org.springframework.boot.web.servlet.context.ServletWebServerApplicationContext.createWebServer(ServletWebServerApplicationContext.java:183)
	at org.springframework.boot.web.servlet.context.ServletWebServerApplicationContext.onRefresh(ServletWebServerApplicationContext.java:161)
	at org.springframework.context.support.AbstractApplicationContext.refresh(AbstractApplicationContext.java:610)
	at org.springframework.boot.web.servlet.context.ServletWebServerApplicationContext.refresh(ServletWebServerApplicationContext.java:146)
	at org.springframework.boot.SpringApplication.refresh(SpringApplication.java:738)
	at org.springframework.boot.SpringApplication.refreshContext(SpringApplication.java:440)
	at org.springframework.boot.SpringApplication.run(SpringApplication.java:316)
	at org.springframework.boot.SpringApplication.run(SpringApplication.java:1306)
	at org.springframework.boot.SpringApplication.run(SpringApplication.java:1295)
	at config.SpringCrudApplication.main(SpringCrudApplication.java:17)
Caused by: com.microsoft.sqlserver.jdbc.SQLServerException: There is already an object named 'Payments' in the database.
	at com.microsoft.sqlserver.jdbc.SQLServerException.makeFromDatabaseError(SQLServerException.java:265)
	at com.microsoft.sqlserver.jdbc.SQLServerStatement.getNextResult(SQLServerStatement.java:1676)
	at com.microsoft.sqlserver.jdbc.SQLServerStatement.doExecuteStatement(SQLServerStatement.java:907)
	at com.microsoft.sqlserver.jdbc.SQLServerStatement$StmtExecCmd.doExecute(SQLServerStatement.java:802)
	at com.microsoft.sqlserver.jdbc.TDSCommand.execute(IOBuffer.java:7620)
	at com.microsoft.sqlserver.jdbc.SQLServerConnection.executeCommand(SQLServerConnection.java:3916)
	at com.microsoft.sqlserver.jdbc.SQLServerStatement.executeCommand(SQLServerStatement.java:268)
	at com.microsoft.sqlserver.jdbc.SQLServerStatement.executeStatement(SQLServerStatement.java:242)
	at com.microsoft.sqlserver.jdbc.SQLServerStatement.execute(SQLServerStatement.java:775)
	at com.zaxxer.hikari.pool.ProxyStatement.execute(ProxyStatement.java:94)
	at com.zaxxer.hikari.pool.HikariProxyStatement.execute(HikariProxyStatement.java)
	at org.hibernate.tool.schema.internal.exec.GenerationTargetToDatabase.accept(GenerationTargetToDatabase.java:80)
	... 123 common frames omitted
2026-09-12 00:55:07.110 [main] WARN  o.h.t.s.i.ExceptionHandlerLoggedImpl - GenerationTarget encountered exception accepting command : Error executing DDL "
    create table UserAccount (
        userAccountId bigint identity not null,
        address varchar(255),
        adharImagePath varchar(255),
        adharNumber bigint,
        altMobileNumber bigint,
        annualIncome bigint,
        city varchar(255),
        currentLoginDate date,
        dob date,
        email varchar(255),
        fathersName varchar(255),
        firstName varchar(255),
        gender varchar(255),
        isActive bit not null,
        lastLoginDate date,
        lastName varchar(255),
        loginAttempt int,
        marriedStatus varchar(255),
        mobileNumber bigint,
        occupation varchar(255),
        panImagePath varchar(255),
        panNumber varchar(255),
        password varchar(255),
        qualification varchar(255),
        state varchar(255),
        userGroupId bigint,
        userName varchar(255),
        zipcode varchar(255),
        primary key (userAccountId)
    )" via JDBC [There is already an object named 'UserAccount' in the database.]
org.hibernate.tool.schema.spi.CommandAcceptanceException: Error executing DDL "
    create table UserAccount (
        userAccountId bigint identity not null,
        address varchar(255),
        adharImagePath varchar(255),
        adharNumber bigint,
        altMobileNumber bigint,
        annualIncome bigint,
        city varchar(255),
        currentLoginDate date,
        dob date,
        email varchar(255),
        fathersName varchar(255),
        firstName varchar(255),
        gender varchar(255),
        isActive bit not null,
        lastLoginDate date,
        lastName varchar(255),
        loginAttempt int,
        marriedStatus varchar(255),
        mobileNumber bigint,
        occupation varchar(255),
        panImagePath varchar(255),
        panNumber varchar(255),
        password varchar(255),
        qualification varchar(255),
        state varchar(255),
        userGroupId bigint,
        userName varchar(255),
        zipcode varchar(255),
        primary key (userAccountId)
    )" via JDBC [There is already an object named 'UserAccount' in the database.]
	at org.hibernate.tool.schema.internal.exec.GenerationTargetToDatabase.accept(GenerationTargetToDatabase.java:94)
	at org.hibernate.tool.schema.internal.AbstractSchemaMigrator.applySqlString(AbstractSchemaMigrator.java:574)
	at org.hibernate.tool.schema.internal.AbstractSchemaMigrator.applySqlStrings(AbstractSchemaMigrator.java:514)
	at org.hibernate.tool.schema.internal.AbstractSchemaMigrator.createTable(AbstractSchemaMigrator.java:315)
	at org.hibernate.tool.schema.internal.GroupedSchemaMigratorImpl.performTablesMigration(GroupedSchemaMigratorImpl.java:80)
	at org.hibernate.tool.schema.internal.AbstractSchemaMigrator.performMigration(AbstractSchemaMigrator.java:232)
	at org.hibernate.tool.schema.internal.AbstractSchemaMigrator.doMigration(AbstractSchemaMigrator.java:117)
	at org.hibernate.tool.schema.spi.SchemaManagementToolCoordinator.performDatabaseAction(SchemaManagementToolCoordinator.java:284)
	at org.hibernate.tool.schema.spi.SchemaManagementToolCoordinator.lambda$process$5(SchemaManagementToolCoordinator.java:143)
	at java.base/java.util.HashMap.forEach(HashMap.java:1421)
	at org.hibernate.tool.schema.spi.SchemaManagementToolCoordinator.process(SchemaManagementToolCoordinator.java:140)
	at org.hibernate.boot.internal.SessionFactoryObserverForSchemaExport.sessionFactoryCreated(SessionFactoryObserverForSchemaExport.java:37)
	at org.hibernate.internal.SessionFactoryObserverChain.sessionFactoryCreated(SessionFactoryObserverChain.java:35)
	at org.hibernate.internal.SessionFactoryImpl.<init>(SessionFactoryImpl.java:293)
	at org.hibernate.boot.internal.SessionFactoryBuilderImpl.build(SessionFactoryBuilderImpl.java:444)
	at org.hibernate.jpa.boot.internal.EntityManagerFactoryBuilderImpl.build(EntityManagerFactoryBuilderImpl.java:1458)
	at org.springframework.orm.jpa.vendor.SpringHibernateJpaPersistenceProvider.createContainerEntityManagerFactory(SpringHibernateJpaPersistenceProvider.java:75)
	at org.springframework.orm.jpa.LocalContainerEntityManagerFactoryBean.createNativeEntityManagerFactory(LocalContainerEntityManagerFactoryBean.java:376)
	at org.springframework.orm.jpa.AbstractEntityManagerFactoryBean.buildNativeEntityManagerFactory(AbstractEntityManagerFactoryBean.java:409)
	at org.springframework.orm.jpa.AbstractEntityManagerFactoryBean.afterPropertiesSet(AbstractEntityManagerFactoryBean.java:396)
	at org.springframework.orm.jpa.LocalContainerEntityManagerFactoryBean.afterPropertiesSet(LocalContainerEntityManagerFactoryBean.java:352)
	at org.springframework.beans.factory.support.AbstractAutowireCapableBeanFactory.invokeInitMethods(AbstractAutowireCapableBeanFactory.java:1817)
	at org.springframework.beans.factory.support.AbstractAutowireCapableBeanFactory.initializeBean(AbstractAutowireCapableBeanFactory.java:1766)
	at org.springframework.beans.factory.support.AbstractAutowireCapableBeanFactory.doCreateBean(AbstractAutowireCapableBeanFactory.java:598)
	at org.springframework.beans.factory.support.AbstractAutowireCapableBeanFactory.createBean(AbstractAutowireCapableBeanFactory.java:520)
	at org.springframework.beans.factory.support.AbstractBeanFactory.lambda$doGetBean$0(AbstractBeanFactory.java:325)
	at org.springframework.beans.factory.support.DefaultSingletonBeanRegistry.getSingleton(DefaultSingletonBeanRegistry.java:234)
	at org.springframework.beans.factory.support.AbstractBeanFactory.doGetBean(AbstractBeanFactory.java:323)
	at org.springframework.beans.factory.support.AbstractBeanFactory.getBean(AbstractBeanFactory.java:199)
	at org.springframework.beans.factory.support.BeanDefinitionValueResolver.resolveReference(BeanDefinitionValueResolver.java:365)
	at org.springframework.beans.factory.support.BeanDefinitionValueResolver.resolveValueIfNecessary(BeanDefinitionValueResolver.java:135)
	at org.springframework.beans.factory.support.ConstructorResolver.resolveConstructorArguments(ConstructorResolver.java:688)
	at org.springframework.beans.factory.support.ConstructorResolver.instantiateUsingFactoryMethod(ConstructorResolver.java:512)
	at org.springframework.beans.factory.support.AbstractAutowireCapableBeanFactory.instantiateUsingFactoryMethod(AbstractAutowireCapableBeanFactory.java:1332)
	at org.springframework.beans.factory.support.AbstractAutowireCapableBeanFactory.createBeanInstance(AbstractAutowireCapableBeanFactory.java:1162)
	at org.springframework.beans.factory.support.AbstractAutowireCapableBeanFactory.doCreateBean(AbstractAutowireCapableBeanFactory.java:560)
	at org.springframework.beans.factory.support.AbstractAutowireCapableBeanFactory.createBean(AbstractAutowireCapableBeanFactory.java:520)
	at org.springframework.beans.factory.support.AbstractBeanFactory.lambda$doGetBean$0(AbstractBeanFactory.java:325)
	at org.springframework.beans.factory.support.DefaultSingletonBeanRegistry.getSingleton(DefaultSingletonBeanRegistry.java:234)
	at org.springframework.beans.factory.support.AbstractBeanFactory.doGetBean(AbstractBeanFactory.java:323)
	at org.springframework.beans.factory.support.AbstractBeanFactory.getBean(AbstractBeanFactory.java:199)
	at org.springframework.beans.factory.support.BeanDefinitionValueResolver.resolveReference(BeanDefinitionValueResolver.java:365)
	at org.springframework.beans.factory.support.BeanDefinitionValueResolver.resolveValueIfNecessary(BeanDefinitionValueResolver.java:135)
	at org.springframework.beans.factory.support.AbstractAutowireCapableBeanFactory.applyPropertyValues(AbstractAutowireCapableBeanFactory.java:1682)
	at org.springframework.beans.factory.support.AbstractAutowireCapableBeanFactory.populateBean(AbstractAutowireCapableBeanFactory.java:1431)
	at org.springframework.beans.factory.support.AbstractAutowireCapableBeanFactory.doCreateBean(AbstractAutowireCapableBeanFactory.java:597)
	at org.springframework.beans.factory.support.AbstractAutowireCapableBeanFactory.createBean(AbstractAutowireCapableBeanFactory.java:520)
	at org.springframework.beans.factory.support.AbstractBeanFactory.lambda$doGetBean$0(AbstractBeanFactory.java:325)
	at org.springframework.beans.factory.support.DefaultSingletonBeanRegistry.getSingleton(DefaultSingletonBeanRegistry.java:234)
	at org.springframework.beans.factory.support.AbstractBeanFactory.doGetBean(AbstractBeanFactory.java:323)
	at org.springframework.beans.factory.support.AbstractBeanFactory.getBean(AbstractBeanFactory.java:199)
	at org.springframework.beans.factory.config.DependencyDescriptor.resolveCandidate(DependencyDescriptor.java:254)
	at org.springframework.beans.factory.support.DefaultListableBeanFactory.doResolveDependency(DefaultListableBeanFactory.java:1417)
	at org.springframework.beans.factory.support.DefaultListableBeanFactory.resolveDependency(DefaultListableBeanFactory.java:1337)
	at org.springframework.beans.factory.support.ConstructorResolver.resolveAutowiredArgument(ConstructorResolver.java:910)
	at org.springframework.beans.factory.support.ConstructorResolver.createArgumentArray(ConstructorResolver.java:788)
	at org.springframework.beans.factory.support.ConstructorResolver.autowireConstructor(ConstructorResolver.java:240)
	at org.springframework.beans.factory.support.AbstractAutowireCapableBeanFactory.autowireConstructor(AbstractAutowireCapableBeanFactory.java:1352)
	at org.springframework.beans.factory.support.AbstractAutowireCapableBeanFactory.createBeanInstance(AbstractAutowireCapableBeanFactory.java:1189)
	at org.springframework.beans.factory.support.AbstractAutowireCapableBeanFactory.doCreateBean(AbstractAutowireCapableBeanFactory.java:560)
	at org.springframework.beans.factory.support.AbstractAutowireCapableBeanFactory.createBean(AbstractAutowireCapableBeanFactory.java:520)
	at org.springframework.beans.factory.support.AbstractBeanFactory.lambda$doGetBean$0(AbstractBeanFactory.java:325)
	at org.springframework.beans.factory.support.DefaultSingletonBeanRegistry.getSingleton(DefaultSingletonBeanRegistry.java:234)
	at org.springframework.beans.factory.support.AbstractBeanFactory.doGetBean(AbstractBeanFactory.java:323)
	at org.springframework.beans.factory.support.AbstractBeanFactory.getBean(AbstractBeanFactory.java:199)
	at org.springframework.beans.factory.config.DependencyDescriptor.resolveCandidate(DependencyDescriptor.java:254)
	at org.springframework.beans.factory.support.DefaultListableBeanFactory.doResolveDependency(DefaultListableBeanFactory.java:1417)
	at org.springframework.beans.factory.support.DefaultListableBeanFactory.resolveDependency(DefaultListableBeanFactory.java:1337)
	at org.springframework.beans.factory.support.ConstructorResolver.resolveAutowiredArgument(ConstructorResolver.java:910)
	at org.springframework.beans.factory.support.ConstructorResolver.createArgumentArray(ConstructorResolver.java:788)
	at org.springframework.beans.factory.support.ConstructorResolver.autowireConstructor(ConstructorResolver.java:240)
	at org.springframework.beans.factory.support.AbstractAutowireCapableBeanFactory.autowireConstructor(AbstractAutowireCapableBeanFactory.java:1352)
	at org.springframework.beans.factory.support.AbstractAutowireCapableBeanFactory.createBeanInstance(AbstractAutowireCapableBeanFactory.java:1189)
	at org.springframework.beans.factory.support.AbstractAutowireCapableBeanFactory.doCreateBean(AbstractAutowireCapableBeanFactory.java:560)
	at org.springframework.beans.factory.support.AbstractAutowireCapableBeanFactory.createBean(AbstractAutowireCapableBeanFactory.java:520)
	at org.springframework.beans.factory.support.AbstractBeanFactory.lambda$doGetBean$0(AbstractBeanFactory.java:325)
	at org.springframework.beans.factory.support.DefaultSingletonBeanRegistry.getSingleton(DefaultSingletonBeanRegistry.java:234)
	at org.springframework.beans.factory.support.AbstractBeanFactory.doGetBean(AbstractBeanFactory.java:323)
	at org.springframework.beans.factory.support.AbstractBeanFactory.getBean(AbstractBeanFactory.java:204)
	at org.springframework.boot.web.servlet.ServletContextInitializerBeans.getOrderedBeansOfType(ServletContextInitializerBeans.java:210)
	at org.springframework.boot.web.servlet.ServletContextInitializerBeans.addAsRegistrationBean(ServletContextInitializerBeans.java:173)
	at org.springframework.boot.web.servlet.ServletContextInitializerBeans.addAsRegistrationBean(ServletContextInitializerBeans.java:168)
	at org.springframework.boot.web.servlet.ServletContextInitializerBeans.addAdaptableBeans(ServletContextInitializerBeans.java:153)
	at org.springframework.boot.web.servlet.ServletContextInitializerBeans.<init>(ServletContextInitializerBeans.java:86)
	at org.springframework.boot.web.servlet.context.ServletWebServerApplicationContext.getServletContextInitializerBeans(ServletWebServerApplicationContext.java:261)
	at org.springframework.boot.web.servlet.context.ServletWebServerApplicationContext.selfInitialize(ServletWebServerApplicationContext.java:235)
	at org.springframework.boot.web.embedded.tomcat.TomcatStarter.onStartup(TomcatStarter.java:52)
	at org.apache.catalina.core.StandardContext.startInternal(StandardContext.java:4850)
	at org.apache.catalina.util.LifecycleBase.start(LifecycleBase.java:171)
	at org.apache.catalina.core.ContainerBase$StartChild.call(ContainerBase.java:1332)
	at org.apache.catalina.core.ContainerBase$StartChild.call(ContainerBase.java:1322)
	at java.base/java.util.concurrent.FutureTask.run(FutureTask.java:264)
	at org.apache.tomcat.util.threads.InlineExecutorService.execute(InlineExecutorService.java:75)
	at java.base/java.util.concurrent.AbstractExecutorService.submit(AbstractExecutorService.java:145)
	at org.apache.catalina.core.ContainerBase.startInternal(ContainerBase.java:866)
	at org.apache.catalina.core.StandardHost.startInternal(StandardHost.java:845)
	at org.apache.catalina.util.LifecycleBase.start(LifecycleBase.java:171)
	at org.apache.catalina.core.ContainerBase$StartChild.call(ContainerBase.java:1332)
	at org.apache.catalina.core.ContainerBase$StartChild.call(ContainerBase.java:1322)
	at java.base/java.util.concurrent.FutureTask.run(FutureTask.java:264)
	at org.apache.tomcat.util.threads.InlineExecutorService.execute(InlineExecutorService.java:75)
	at java.base/java.util.concurrent.AbstractExecutorService.submit(AbstractExecutorService.java:145)
	at org.apache.catalina.core.ContainerBase.startInternal(ContainerBase.java:866)
	at org.apache.catalina.core.StandardEngine.startInternal(StandardEngine.java:240)
	at org.apache.catalina.util.LifecycleBase.start(LifecycleBase.java:171)
	at org.apache.catalina.core.StandardService.startInternal(StandardService.java:433)
	at org.apache.catalina.util.LifecycleBase.start(LifecycleBase.java:171)
	at org.apache.catalina.core.StandardServer.startInternal(StandardServer.java:917)
	at org.apache.catalina.util.LifecycleBase.start(LifecycleBase.java:171)
	at org.apache.catalina.startup.Tomcat.start(Tomcat.java:488)
	at org.springframework.boot.web.embedded.tomcat.TomcatWebServer.initialize(TomcatWebServer.java:123)
	at org.springframework.boot.web.embedded.tomcat.TomcatWebServer.<init>(TomcatWebServer.java:104)
	at org.springframework.boot.web.embedded.tomcat.TomcatServletWebServerFactory.getTomcatWebServer(TomcatServletWebServerFactory.java:489)
	at org.springframework.boot.web.embedded.tomcat.TomcatServletWebServerFactory.getWebServer(TomcatServletWebServerFactory.java:211)
	at org.springframework.boot.web.servlet.context.ServletWebServerApplicationContext.createWebServer(ServletWebServerApplicationContext.java:183)
	at org.springframework.boot.web.servlet.context.ServletWebServerApplicationContext.onRefresh(ServletWebServerApplicationContext.java:161)
	at org.springframework.context.support.AbstractApplicationContext.refresh(AbstractApplicationContext.java:610)
	at org.springframework.boot.web.servlet.context.ServletWebServerApplicationContext.refresh(ServletWebServerApplicationContext.java:146)
	at org.springframework.boot.SpringApplication.refresh(SpringApplication.java:738)
	at org.springframework.boot.SpringApplication.refreshContext(SpringApplication.java:440)
	at org.springframework.boot.SpringApplication.run(SpringApplication.java:316)
	at org.springframework.boot.SpringApplication.run(SpringApplication.java:1306)
	at org.springframework.boot.SpringApplication.run(SpringApplication.java:1295)
	at config.SpringCrudApplication.main(SpringCrudApplication.java:17)
Caused by: com.microsoft.sqlserver.jdbc.SQLServerException: There is already an object named 'UserAccount' in the database.
	at com.microsoft.sqlserver.jdbc.SQLServerException.makeFromDatabaseError(SQLServerException.java:265)
	at com.microsoft.sqlserver.jdbc.SQLServerStatement.getNextResult(SQLServerStatement.java:1676)
	at com.microsoft.sqlserver.jdbc.SQLServerStatement.doExecuteStatement(SQLServerStatement.java:907)
	at com.microsoft.sqlserver.jdbc.SQLServerStatement$StmtExecCmd.doExecute(SQLServerStatement.java:802)
	at com.microsoft.sqlserver.jdbc.TDSCommand.execute(IOBuffer.java:7620)
	at com.microsoft.sqlserver.jdbc.SQLServerConnection.executeCommand(SQLServerConnection.java:3916)
	at com.microsoft.sqlserver.jdbc.SQLServerStatement.executeCommand(SQLServerStatement.java:268)
	at com.microsoft.sqlserver.jdbc.SQLServerStatement.executeStatement(SQLServerStatement.java:242)
	at com.microsoft.sqlserver.jdbc.SQLServerStatement.execute(SQLServerStatement.java:775)
	at com.zaxxer.hikari.pool.ProxyStatement.execute(ProxyStatement.java:94)
	at com.zaxxer.hikari.pool.HikariProxyStatement.execute(HikariProxyStatement.java)
	at org.hibernate.tool.schema.internal.exec.GenerationTargetToDatabase.accept(GenerationTargetToDatabase.java:80)
	... 123 common frames omitted
2026-09-12 00:55:07.114 [main] WARN  o.h.t.s.i.ExceptionHandlerLoggedImpl - GenerationTarget encountered exception accepting command : Error executing DDL "
    create table UserGroup (
        userGroupId bigint identity not null,
        userGroupName varchar(255),
        primary key (userGroupId)
    )" via JDBC [There is already an object named 'UserGroup' in the database.]
org.hibernate.tool.schema.spi.CommandAcceptanceException: Error executing DDL "
    create table UserGroup (
        userGroupId bigint identity not null,
        userGroupName varchar(255),
        primary key (userGroupId)
    )" via JDBC [There is already an object named 'UserGroup' in the database.]
	at org.hibernate.tool.schema.internal.exec.GenerationTargetToDatabase.accept(GenerationTargetToDatabase.java:94)
	at org.hibernate.tool.schema.internal.AbstractSchemaMigrator.applySqlString(AbstractSchemaMigrator.java:574)
	at org.hibernate.tool.schema.internal.AbstractSchemaMigrator.applySqlStrings(AbstractSchemaMigrator.java:514)
	at org.hibernate.tool.schema.internal.AbstractSchemaMigrator.createTable(AbstractSchemaMigrator.java:315)
	at org.hibernate.tool.schema.internal.GroupedSchemaMigratorImpl.performTablesMigration(GroupedSchemaMigratorImpl.java:80)
	at org.hibernate.tool.schema.internal.AbstractSchemaMigrator.performMigration(AbstractSchemaMigrator.java:232)
	at org.hibernate.tool.schema.internal.AbstractSchemaMigrator.doMigration(AbstractSchemaMigrator.java:117)
	at org.hibernate.tool.schema.spi.SchemaManagementToolCoordinator.performDatabaseAction(SchemaManagementToolCoordinator.java:284)
	at org.hibernate.tool.schema.spi.SchemaManagementToolCoordinator.lambda$process$5(SchemaManagementToolCoordinator.java:143)
	at java.base/java.util.HashMap.forEach(HashMap.java:1421)
	at org.hibernate.tool.schema.spi.SchemaManagementToolCoordinator.process(SchemaManagementToolCoordinator.java:140)
	at org.hibernate.boot.internal.SessionFactoryObserverForSchemaExport.sessionFactoryCreated(SessionFactoryObserverForSchemaExport.java:37)
	at org.hibernate.internal.SessionFactoryObserverChain.sessionFactoryCreated(SessionFactoryObserverChain.java:35)
	at org.hibernate.internal.SessionFactoryImpl.<init>(SessionFactoryImpl.java:293)
	at org.hibernate.boot.internal.SessionFactoryBuilderImpl.build(SessionFactoryBuilderImpl.java:444)
	at org.hibernate.jpa.boot.internal.EntityManagerFactoryBuilderImpl.build(EntityManagerFactoryBuilderImpl.java:1458)
	at org.springframework.orm.jpa.vendor.SpringHibernateJpaPersistenceProvider.createContainerEntityManagerFactory(SpringHibernateJpaPersistenceProvider.java:75)
	at org.springframework.orm.jpa.LocalContainerEntityManagerFactoryBean.createNativeEntityManagerFactory(LocalContainerEntityManagerFactoryBean.java:376)
	at org.springframework.orm.jpa.AbstractEntityManagerFactoryBean.buildNativeEntityManagerFactory(AbstractEntityManagerFactoryBean.java:409)
	at org.springframework.orm.jpa.AbstractEntityManagerFactoryBean.afterPropertiesSet(AbstractEntityManagerFactoryBean.java:396)
	at org.springframework.orm.jpa.LocalContainerEntityManagerFactoryBean.afterPropertiesSet(LocalContainerEntityManagerFactoryBean.java:352)
	at org.springframework.beans.factory.support.AbstractAutowireCapableBeanFactory.invokeInitMethods(AbstractAutowireCapableBeanFactory.java:1817)
	at org.springframework.beans.factory.support.AbstractAutowireCapableBeanFactory.initializeBean(AbstractAutowireCapableBeanFactory.java:1766)
	at org.springframework.beans.factory.support.AbstractAutowireCapableBeanFactory.doCreateBean(AbstractAutowireCapableBeanFactory.java:598)
	at org.springframework.beans.factory.support.AbstractAutowireCapableBeanFactory.createBean(AbstractAutowireCapableBeanFactory.java:520)
	at org.springframework.beans.factory.support.AbstractBeanFactory.lambda$doGetBean$0(AbstractBeanFactory.java:325)
	at org.springframework.beans.factory.support.DefaultSingletonBeanRegistry.getSingleton(DefaultSingletonBeanRegistry.java:234)
	at org.springframework.beans.factory.support.AbstractBeanFactory.doGetBean(AbstractBeanFactory.java:323)
	at org.springframework.beans.factory.support.AbstractBeanFactory.getBean(AbstractBeanFactory.java:199)
	at org.springframework.beans.factory.support.BeanDefinitionValueResolver.resolveReference(BeanDefinitionValueResolver.java:365)
	at org.springframework.beans.factory.support.BeanDefinitionValueResolver.resolveValueIfNecessary(BeanDefinitionValueResolver.java:135)
	at org.springframework.beans.factory.support.ConstructorResolver.resolveConstructorArguments(ConstructorResolver.java:688)
	at org.springframework.beans.factory.support.ConstructorResolver.instantiateUsingFactoryMethod(ConstructorResolver.java:512)
	at org.springframework.beans.factory.support.AbstractAutowireCapableBeanFactory.instantiateUsingFactoryMethod(AbstractAutowireCapableBeanFactory.java:1332)
	at org.springframework.beans.factory.support.AbstractAutowireCapableBeanFactory.createBeanInstance(AbstractAutowireCapableBeanFactory.java:1162)
	at org.springframework.beans.factory.support.AbstractAutowireCapableBeanFactory.doCreateBean(AbstractAutowireCapableBeanFactory.java:560)
	at org.springframework.beans.factory.support.AbstractAutowireCapableBeanFactory.createBean(AbstractAutowireCapableBeanFactory.java:520)
	at org.springframework.beans.factory.support.AbstractBeanFactory.lambda$doGetBean$0(AbstractBeanFactory.java:325)
	at org.springframework.beans.factory.support.DefaultSingletonBeanRegistry.getSingleton(DefaultSingletonBeanRegistry.java:234)
	at org.springframework.beans.factory.support.AbstractBeanFactory.doGetBean(AbstractBeanFactory.java:323)
	at org.springframework.beans.factory.support.AbstractBeanFactory.getBean(AbstractBeanFactory.java:199)
	at org.springframework.beans.factory.support.BeanDefinitionValueResolver.resolveReference(BeanDefinitionValueResolver.java:365)
	at org.springframework.beans.factory.support.BeanDefinitionValueResolver.resolveValueIfNecessary(BeanDefinitionValueResolver.java:135)
	at org.springframework.beans.factory.support.AbstractAutowireCapableBeanFactory.applyPropertyValues(AbstractAutowireCapableBeanFactory.java:1682)
	at org.springframework.beans.factory.support.AbstractAutowireCapableBeanFactory.populateBean(AbstractAutowireCapableBeanFactory.java:1431)
	at org.springframework.beans.factory.support.AbstractAutowireCapableBeanFactory.doCreateBean(AbstractAutowireCapableBeanFactory.java:597)
	at org.springframework.beans.factory.support.AbstractAutowireCapableBeanFactory.createBean(AbstractAutowireCapableBeanFactory.java:520)
	at org.springframework.beans.factory.support.AbstractBeanFactory.lambda$doGetBean$0(AbstractBeanFactory.java:325)
	at org.springframework.beans.factory.support.DefaultSingletonBeanRegistry.getSingleton(DefaultSingletonBeanRegistry.java:234)
	at org.springframework.beans.factory.support.AbstractBeanFactory.doGetBean(AbstractBeanFactory.java:323)
	at org.springframework.beans.factory.support.AbstractBeanFactory.getBean(AbstractBeanFactory.java:199)
	at org.springframework.beans.factory.config.DependencyDescriptor.resolveCandidate(DependencyDescriptor.java:254)
	at org.springframework.beans.factory.support.DefaultListableBeanFactory.doResolveDependency(DefaultListableBeanFactory.java:1417)
	at org.springframework.beans.factory.support.DefaultListableBeanFactory.resolveDependency(DefaultListableBeanFactory.java:1337)
	at org.springframework.beans.factory.support.ConstructorResolver.resolveAutowiredArgument(ConstructorResolver.java:910)
	at org.springframework.beans.factory.support.ConstructorResolver.createArgumentArray(ConstructorResolver.java:788)
	at org.springframework.beans.factory.support.ConstructorResolver.autowireConstructor(ConstructorResolver.java:240)
	at org.springframework.beans.factory.support.AbstractAutowireCapableBeanFactory.autowireConstructor(AbstractAutowireCapableBeanFactory.java:1352)
	at org.springframework.beans.factory.support.AbstractAutowireCapableBeanFactory.createBeanInstance(AbstractAutowireCapableBeanFactory.java:1189)
	at org.springframework.beans.factory.support.AbstractAutowireCapableBeanFactory.doCreateBean(AbstractAutowireCapableBeanFactory.java:560)
	at org.springframework.beans.factory.support.AbstractAutowireCapableBeanFactory.createBean(AbstractAutowireCapableBeanFactory.java:520)
	at org.springframework.beans.factory.support.AbstractBeanFactory.lambda$doGetBean$0(AbstractBeanFactory.java:325)
	at org.springframework.beans.factory.support.DefaultSingletonBeanRegistry.getSingleton(DefaultSingletonBeanRegistry.java:234)
	at org.springframework.beans.factory.support.AbstractBeanFactory.doGetBean(AbstractBeanFactory.java:323)
	at org.springframework.beans.factory.support.AbstractBeanFactory.getBean(AbstractBeanFactory.java:199)
	at org.springframework.beans.factory.config.DependencyDescriptor.resolveCandidate(DependencyDescriptor.java:254)
	at org.springframework.beans.factory.support.DefaultListableBeanFactory.doResolveDependency(DefaultListableBeanFactory.java:1417)
	at org.springframework.beans.factory.support.DefaultListableBeanFactory.resolveDependency(DefaultListableBeanFactory.java:1337)
	at org.springframework.beans.factory.support.ConstructorResolver.resolveAutowiredArgument(ConstructorResolver.java:910)
	at org.springframework.beans.factory.support.ConstructorResolver.createArgumentArray(ConstructorResolver.java:788)
	at org.springframework.beans.factory.support.ConstructorResolver.autowireConstructor(ConstructorResolver.java:240)
	at org.springframework.beans.factory.support.AbstractAutowireCapableBeanFactory.autowireConstructor(AbstractAutowireCapableBeanFactory.java:1352)
	at org.springframework.beans.factory.support.AbstractAutowireCapableBeanFactory.createBeanInstance(AbstractAutowireCapableBeanFactory.java:1189)
	at org.springframework.beans.factory.support.AbstractAutowireCapableBeanFactory.doCreateBean(AbstractAutowireCapableBeanFactory.java:560)
	at org.springframework.beans.factory.support.AbstractAutowireCapableBeanFactory.createBean(AbstractAutowireCapableBeanFactory.java:520)
	at org.springframework.beans.factory.support.AbstractBeanFactory.lambda$doGetBean$0(AbstractBeanFactory.java:325)
	at org.springframework.beans.factory.support.DefaultSingletonBeanRegistry.getSingleton(DefaultSingletonBeanRegistry.java:234)
	at org.springframework.beans.factory.support.AbstractBeanFactory.doGetBean(AbstractBeanFactory.java:323)
	at org.springframework.beans.factory.support.AbstractBeanFactory.getBean(AbstractBeanFactory.java:204)
	at org.springframework.boot.web.servlet.ServletContextInitializerBeans.getOrderedBeansOfType(ServletContextInitializerBeans.java:210)
	at org.springframework.boot.web.servlet.ServletContextInitializerBeans.addAsRegistrationBean(ServletContextInitializerBeans.java:173)
	at org.springframework.boot.web.servlet.ServletContextInitializerBeans.addAsRegistrationBean(ServletContextInitializerBeans.java:168)
	at org.springframework.boot.web.servlet.ServletContextInitializerBeans.addAdaptableBeans(ServletContextInitializerBeans.java:153)
	at org.springframework.boot.web.servlet.ServletContextInitializerBeans.<init>(ServletContextInitializerBeans.java:86)
	at org.springframework.boot.web.servlet.context.ServletWebServerApplicationContext.getServletContextInitializerBeans(ServletWebServerApplicationContext.java:261)
	at org.springframework.boot.web.servlet.context.ServletWebServerApplicationContext.selfInitialize(ServletWebServerApplicationContext.java:235)
	at org.springframework.boot.web.embedded.tomcat.TomcatStarter.onStartup(TomcatStarter.java:52)
	at org.apache.catalina.core.StandardContext.startInternal(StandardContext.java:4850)
	at org.apache.catalina.util.LifecycleBase.start(LifecycleBase.java:171)
	at org.apache.catalina.core.ContainerBase$StartChild.call(ContainerBase.java:1332)
	at org.apache.catalina.core.ContainerBase$StartChild.call(ContainerBase.java:1322)
	at java.base/java.util.concurrent.FutureTask.run(FutureTask.java:264)
	at org.apache.tomcat.util.threads.InlineExecutorService.execute(InlineExecutorService.java:75)
	at java.base/java.util.concurrent.AbstractExecutorService.submit(AbstractExecutorService.java:145)
	at org.apache.catalina.core.ContainerBase.startInternal(ContainerBase.java:866)
	at org.apache.catalina.core.StandardHost.startInternal(StandardHost.java:845)
	at org.apache.catalina.util.LifecycleBase.start(LifecycleBase.java:171)
	at org.apache.catalina.core.ContainerBase$StartChild.call(ContainerBase.java:1332)
	at org.apache.catalina.core.ContainerBase$StartChild.call(ContainerBase.java:1322)
	at java.base/java.util.concurrent.FutureTask.run(FutureTask.java:264)
	at org.apache.tomcat.util.threads.InlineExecutorService.execute(InlineExecutorService.java:75)
	at java.base/java.util.concurrent.AbstractExecutorService.submit(AbstractExecutorService.java:145)
	at org.apache.catalina.core.ContainerBase.startInternal(ContainerBase.java:866)
	at org.apache.catalina.core.StandardEngine.startInternal(StandardEngine.java:240)
	at org.apache.catalina.util.LifecycleBase.start(LifecycleBase.java:171)
	at org.apache.catalina.core.StandardService.startInternal(StandardService.java:433)
	at org.apache.catalina.util.LifecycleBase.start(LifecycleBase.java:171)
	at org.apache.catalina.core.StandardServer.startInternal(StandardServer.java:917)
	at org.apache.catalina.util.LifecycleBase.start(LifecycleBase.java:171)
	at org.apache.catalina.startup.Tomcat.start(Tomcat.java:488)
	at org.springframework.boot.web.embedded.tomcat.TomcatWebServer.initialize(TomcatWebServer.java:123)
	at org.springframework.boot.web.embedded.tomcat.TomcatWebServer.<init>(TomcatWebServer.java:104)
	at org.springframework.boot.web.embedded.tomcat.TomcatServletWebServerFactory.getTomcatWebServer(TomcatServletWebServerFactory.java:489)
	at org.springframework.boot.web.embedded.tomcat.TomcatServletWebServerFactory.getWebServer(TomcatServletWebServerFactory.java:211)
	at org.springframework.boot.web.servlet.context.ServletWebServerApplicationContext.createWebServer(ServletWebServerApplicationContext.java:183)
	at org.springframework.boot.web.servlet.context.ServletWebServerApplicationContext.onRefresh(ServletWebServerApplicationContext.java:161)
	at org.springframework.context.support.AbstractApplicationContext.refresh(AbstractApplicationContext.java:610)
	at org.springframework.boot.web.servlet.context.ServletWebServerApplicationContext.refresh(ServletWebServerApplicationContext.java:146)
	at org.springframework.boot.SpringApplication.refresh(SpringApplication.java:738)
	at org.springframework.boot.SpringApplication.refreshContext(SpringApplication.java:440)
	at org.springframework.boot.SpringApplication.run(SpringApplication.java:316)
	at org.springframework.boot.SpringApplication.run(SpringApplication.java:1306)
	at org.springframework.boot.SpringApplication.run(SpringApplication.java:1295)
	at config.SpringCrudApplication.main(SpringCrudApplication.java:17)
Caused by: com.microsoft.sqlserver.jdbc.SQLServerException: There is already an object named 'UserGroup' in the database.
	at com.microsoft.sqlserver.jdbc.SQLServerException.makeFromDatabaseError(SQLServerException.java:265)
	at com.microsoft.sqlserver.jdbc.SQLServerStatement.getNextResult(SQLServerStatement.java:1676)
	at com.microsoft.sqlserver.jdbc.SQLServerStatement.doExecuteStatement(SQLServerStatement.java:907)
	at com.microsoft.sqlserver.jdbc.SQLServerStatement$StmtExecCmd.doExecute(SQLServerStatement.java:802)
	at com.microsoft.sqlserver.jdbc.TDSCommand.execute(IOBuffer.java:7620)
	at com.microsoft.sqlserver.jdbc.SQLServerConnection.executeCommand(SQLServerConnection.java:3916)
	at com.microsoft.sqlserver.jdbc.SQLServerStatement.executeCommand(SQLServerStatement.java:268)
	at com.microsoft.sqlserver.jdbc.SQLServerStatement.executeStatement(SQLServerStatement.java:242)
	at com.microsoft.sqlserver.jdbc.SQLServerStatement.execute(SQLServerStatement.java:775)
	at com.zaxxer.hikari.pool.ProxyStatement.execute(ProxyStatement.java:94)
	at com.zaxxer.hikari.pool.HikariProxyStatement.execute(HikariProxyStatement.java)
	at org.hibernate.tool.schema.internal.exec.GenerationTargetToDatabase.accept(GenerationTargetToDatabase.java:80)
	... 123 common frames omitted
2026-09-12 00:55:07.124 [main] WARN  o.h.t.s.i.ExceptionHandlerLoggedImpl - GenerationTarget encountered exception accepting command : Error executing DDL "
    alter table Payments 
       add constraint FKmcddpsiemwcivhnevsvagjwk4 
       foreign key (customerId) 
       references CustomerList" via JDBC [There is already an object named 'FKmcddpsiemwcivhnevsvagjwk4' in the database.]
org.hibernate.tool.schema.spi.CommandAcceptanceException: Error executing DDL "
    alter table Payments 
       add constraint FKmcddpsiemwcivhnevsvagjwk4 
       foreign key (customerId) 
       references CustomerList" via JDBC [There is already an object named 'FKmcddpsiemwcivhnevsvagjwk4' in the database.]
	at org.hibernate.tool.schema.internal.exec.GenerationTargetToDatabase.accept(GenerationTargetToDatabase.java:94)
	at org.hibernate.tool.schema.internal.AbstractSchemaMigrator.applySqlString(AbstractSchemaMigrator.java:574)
	at org.hibernate.tool.schema.internal.AbstractSchemaMigrator.applySqlStrings(AbstractSchemaMigrator.java:514)
	at org.hibernate.tool.schema.internal.AbstractSchemaMigrator.applyForeignKeys(AbstractSchemaMigrator.java:446)
	at org.hibernate.tool.schema.internal.AbstractSchemaMigrator.performMigration(AbstractSchemaMigrator.java:268)
	at org.hibernate.tool.schema.internal.AbstractSchemaMigrator.doMigration(AbstractSchemaMigrator.java:117)
	at org.hibernate.tool.schema.spi.SchemaManagementToolCoordinator.performDatabaseAction(SchemaManagementToolCoordinator.java:284)
	at org.hibernate.tool.schema.spi.SchemaManagementToolCoordinator.lambda$process$5(SchemaManagementToolCoordinator.java:143)
	at java.base/java.util.HashMap.forEach(HashMap.java:1421)
	at org.hibernate.tool.schema.spi.SchemaManagementToolCoordinator.process(SchemaManagementToolCoordinator.java:140)
	at org.hibernate.boot.internal.SessionFactoryObserverForSchemaExport.sessionFactoryCreated(SessionFactoryObserverForSchemaExport.java:37)
	at org.hibernate.internal.SessionFactoryObserverChain.sessionFactoryCreated(SessionFactoryObserverChain.java:35)
	at org.hibernate.internal.SessionFactoryImpl.<init>(SessionFactoryImpl.java:293)
	at org.hibernate.boot.internal.SessionFactoryBuilderImpl.build(SessionFactoryBuilderImpl.java:444)
	at org.hibernate.jpa.boot.internal.EntityManagerFactoryBuilderImpl.build(EntityManagerFactoryBuilderImpl.java:1458)
	at org.springframework.orm.jpa.vendor.SpringHibernateJpaPersistenceProvider.createContainerEntityManagerFactory(SpringHibernateJpaPersistenceProvider.java:75)
	at org.springframework.orm.jpa.LocalContainerEntityManagerFactoryBean.createNativeEntityManagerFactory(LocalContainerEntityManagerFactoryBean.java:376)
	at org.springframework.orm.jpa.AbstractEntityManagerFactoryBean.buildNativeEntityManagerFactory(AbstractEntityManagerFactoryBean.java:409)
	at org.springframework.orm.jpa.AbstractEntityManagerFactoryBean.afterPropertiesSet(AbstractEntityManagerFactoryBean.java:396)
	at org.springframework.orm.jpa.LocalContainerEntityManagerFactoryBean.afterPropertiesSet(LocalContainerEntityManagerFactoryBean.java:352)
	at org.springframework.beans.factory.support.AbstractAutowireCapableBeanFactory.invokeInitMethods(AbstractAutowireCapableBeanFactory.java:1817)
	at org.springframework.beans.factory.support.AbstractAutowireCapableBeanFactory.initializeBean(AbstractAutowireCapableBeanFactory.java:1766)
	at org.springframework.beans.factory.support.AbstractAutowireCapableBeanFactory.doCreateBean(AbstractAutowireCapableBeanFactory.java:598)
	at org.springframework.beans.factory.support.AbstractAutowireCapableBeanFactory.createBean(AbstractAutowireCapableBeanFactory.java:520)
	at org.springframework.beans.factory.support.AbstractBeanFactory.lambda$doGetBean$0(AbstractBeanFactory.java:325)
	at org.springframework.beans.factory.support.DefaultSingletonBeanRegistry.getSingleton(DefaultSingletonBeanRegistry.java:234)
	at org.springframework.beans.factory.support.AbstractBeanFactory.doGetBean(AbstractBeanFactory.java:323)
	at org.springframework.beans.factory.support.AbstractBeanFactory.getBean(AbstractBeanFactory.java:199)
	at org.springframework.beans.factory.support.BeanDefinitionValueResolver.resolveReference(BeanDefinitionValueResolver.java:365)
	at org.springframework.beans.factory.support.BeanDefinitionValueResolver.resolveValueIfNecessary(BeanDefinitionValueResolver.java:135)
	at org.springframework.beans.factory.support.ConstructorResolver.resolveConstructorArguments(ConstructorResolver.java:688)
	at org.springframework.beans.factory.support.ConstructorResolver.instantiateUsingFactoryMethod(ConstructorResolver.java:512)
	at org.springframework.beans.factory.support.AbstractAutowireCapableBeanFactory.instantiateUsingFactoryMethod(AbstractAutowireCapableBeanFactory.java:1332)
	at org.springframework.beans.factory.support.AbstractAutowireCapableBeanFactory.createBeanInstance(AbstractAutowireCapableBeanFactory.java:1162)
	at org.springframework.beans.factory.support.AbstractAutowireCapableBeanFactory.doCreateBean(AbstractAutowireCapableBeanFactory.java:560)
	at org.springframework.beans.factory.support.AbstractAutowireCapableBeanFactory.createBean(AbstractAutowireCapableBeanFactory.java:520)
	at org.springframework.beans.factory.support.AbstractBeanFactory.lambda$doGetBean$0(AbstractBeanFactory.java:325)
	at org.springframework.beans.factory.support.DefaultSingletonBeanRegistry.getSingleton(DefaultSingletonBeanRegistry.java:234)
	at org.springframework.beans.factory.support.AbstractBeanFactory.doGetBean(AbstractBeanFactory.java:323)
	at org.springframework.beans.factory.support.AbstractBeanFactory.getBean(AbstractBeanFactory.java:199)
	at org.springframework.beans.factory.support.BeanDefinitionValueResolver.resolveReference(BeanDefinitionValueResolver.java:365)
	at org.springframework.beans.factory.support.BeanDefinitionValueResolver.resolveValueIfNecessary(BeanDefinitionValueResolver.java:135)
	at org.springframework.beans.factory.support.AbstractAutowireCapableBeanFactory.applyPropertyValues(AbstractAutowireCapableBeanFactory.java:1682)
	at org.springframework.beans.factory.support.AbstractAutowireCapableBeanFactory.populateBean(AbstractAutowireCapableBeanFactory.java:1431)
	at org.springframework.beans.factory.support.AbstractAutowireCapableBeanFactory.doCreateBean(AbstractAutowireCapableBeanFactory.java:597)
	at org.springframework.beans.factory.support.AbstractAutowireCapableBeanFactory.createBean(AbstractAutowireCapableBeanFactory.java:520)
	at org.springframework.beans.factory.support.AbstractBeanFactory.lambda$doGetBean$0(AbstractBeanFactory.java:325)
	at org.springframework.beans.factory.support.DefaultSingletonBeanRegistry.getSingleton(DefaultSingletonBeanRegistry.java:234)
	at org.springframework.beans.factory.support.AbstractBeanFactory.doGetBean(AbstractBeanFactory.java:323)
	at org.springframework.beans.factory.support.AbstractBeanFactory.getBean(AbstractBeanFactory.java:199)
	at org.springframework.beans.factory.config.DependencyDescriptor.resolveCandidate(DependencyDescriptor.java:254)
	at org.springframework.beans.factory.support.DefaultListableBeanFactory.doResolveDependency(DefaultListableBeanFactory.java:1417)
	at org.springframework.beans.factory.support.DefaultListableBeanFactory.resolveDependency(DefaultListableBeanFactory.java:1337)
	at org.springframework.beans.factory.support.ConstructorResolver.resolveAutowiredArgument(ConstructorResolver.java:910)
	at org.springframework.beans.factory.support.ConstructorResolver.createArgumentArray(ConstructorResolver.java:788)
	at org.springframework.beans.factory.support.ConstructorResolver.autowireConstructor(ConstructorResolver.java:240)
	at org.springframework.beans.factory.support.AbstractAutowireCapableBeanFactory.autowireConstructor(AbstractAutowireCapableBeanFactory.java:1352)
	at org.springframework.beans.factory.support.AbstractAutowireCapableBeanFactory.createBeanInstance(AbstractAutowireCapableBeanFactory.java:1189)
	at org.springframework.beans.factory.support.AbstractAutowireCapableBeanFactory.doCreateBean(AbstractAutowireCapableBeanFactory.java:560)
	at org.springframework.beans.factory.support.AbstractAutowireCapableBeanFactory.createBean(AbstractAutowireCapableBeanFactory.java:520)
	at org.springframework.beans.factory.support.AbstractBeanFactory.lambda$doGetBean$0(AbstractBeanFactory.java:325)
	at org.springframework.beans.factory.support.DefaultSingletonBeanRegistry.getSingleton(DefaultSingletonBeanRegistry.java:234)
	at org.springframework.beans.factory.support.AbstractBeanFactory.doGetBean(AbstractBeanFactory.java:323)
	at org.springframework.beans.factory.support.AbstractBeanFactory.getBean(AbstractBeanFactory.java:199)
	at org.springframework.beans.factory.config.DependencyDescriptor.resolveCandidate(DependencyDescriptor.java:254)
	at org.springframework.beans.factory.support.DefaultListableBeanFactory.doResolveDependency(DefaultListableBeanFactory.java:1417)
	at org.springframework.beans.factory.support.DefaultListableBeanFactory.resolveDependency(DefaultListableBeanFactory.java:1337)
	at org.springframework.beans.factory.support.ConstructorResolver.resolveAutowiredArgument(ConstructorResolver.java:910)
	at org.springframework.beans.factory.support.ConstructorResolver.createArgumentArray(ConstructorResolver.java:788)
	at org.springframework.beans.factory.support.ConstructorResolver.autowireConstructor(ConstructorResolver.java:240)
	at org.springframework.beans.factory.support.AbstractAutowireCapableBeanFactory.autowireConstructor(AbstractAutowireCapableBeanFactory.java:1352)
	at org.springframework.beans.factory.support.AbstractAutowireCapableBeanFactory.createBeanInstance(AbstractAutowireCapableBeanFactory.java:1189)
	at org.springframework.beans.factory.support.AbstractAutowireCapableBeanFactory.doCreateBean(AbstractAutowireCapableBeanFactory.java:560)
	at org.springframework.beans.factory.support.AbstractAutowireCapableBeanFactory.createBean(AbstractAutowireCapableBeanFactory.java:520)
	at org.springframework.beans.factory.support.AbstractBeanFactory.lambda$doGetBean$0(AbstractBeanFactory.java:325)
	at org.springframework.beans.factory.support.DefaultSingletonBeanRegistry.getSingleton(DefaultSingletonBeanRegistry.java:234)
	at org.springframework.beans.factory.support.AbstractBeanFactory.doGetBean(AbstractBeanFactory.java:323)
	at org.springframework.beans.factory.support.AbstractBeanFactory.getBean(AbstractBeanFactory.java:204)
	at org.springframework.boot.web.servlet.ServletContextInitializerBeans.getOrderedBeansOfType(ServletContextInitializerBeans.java:210)
	at org.springframework.boot.web.servlet.ServletContextInitializerBeans.addAsRegistrationBean(ServletContextInitializerBeans.java:173)
	at org.springframework.boot.web.servlet.ServletContextInitializerBeans.addAsRegistrationBean(ServletContextInitializerBeans.java:168)
	at org.springframework.boot.web.servlet.ServletContextInitializerBeans.addAdaptableBeans(ServletContextInitializerBeans.java:153)
	at org.springframework.boot.web.servlet.ServletContextInitializerBeans.<init>(ServletContextInitializerBeans.java:86)
	at org.springframework.boot.web.servlet.context.ServletWebServerApplicationContext.getServletContextInitializerBeans(ServletWebServerApplicationContext.java:261)
	at org.springframework.boot.web.servlet.context.ServletWebServerApplicationContext.selfInitialize(ServletWebServerApplicationContext.java:235)
	at org.springframework.boot.web.embedded.tomcat.TomcatStarter.onStartup(TomcatStarter.java:52)
	at org.apache.catalina.core.StandardContext.startInternal(StandardContext.java:4850)
	at org.apache.catalina.util.LifecycleBase.start(LifecycleBase.java:171)
	at org.apache.catalina.core.ContainerBase$StartChild.call(ContainerBase.java:1332)
	at org.apache.catalina.core.ContainerBase$StartChild.call(ContainerBase.java:1322)
	at java.base/java.util.concurrent.FutureTask.run(FutureTask.java:264)
	at org.apache.tomcat.util.threads.InlineExecutorService.execute(InlineExecutorService.java:75)
	at java.base/java.util.concurrent.AbstractExecutorService.submit(AbstractExecutorService.java:145)
	at org.apache.catalina.core.ContainerBase.startInternal(ContainerBase.java:866)
	at org.apache.catalina.core.StandardHost.startInternal(StandardHost.java:845)
	at org.apache.catalina.util.LifecycleBase.start(LifecycleBase.java:171)
	at org.apache.catalina.core.ContainerBase$StartChild.call(ContainerBase.java:1332)
	at org.apache.catalina.core.ContainerBase$StartChild.call(ContainerBase.java:1322)
	at java.base/java.util.concurrent.FutureTask.run(FutureTask.java:264)
	at org.apache.tomcat.util.threads.InlineExecutorService.execute(InlineExecutorService.java:75)
	at java.base/java.util.concurrent.AbstractExecutorService.submit(AbstractExecutorService.java:145)
	at org.apache.catalina.core.ContainerBase.startInternal(ContainerBase.java:866)
	at org.apache.catalina.core.StandardEngine.startInternal(StandardEngine.java:240)
	at org.apache.catalina.util.LifecycleBase.start(LifecycleBase.java:171)
	at org.apache.catalina.core.StandardService.startInternal(StandardService.java:433)
	at org.apache.catalina.util.LifecycleBase.start(LifecycleBase.java:171)
	at org.apache.catalina.core.StandardServer.startInternal(StandardServer.java:917)
	at org.apache.catalina.util.LifecycleBase.start(LifecycleBase.java:171)
	at org.apache.catalina.startup.Tomcat.start(Tomcat.java:488)
	at org.springframework.boot.web.embedded.tomcat.TomcatWebServer.initialize(TomcatWebServer.java:123)
	at org.springframework.boot.web.embedded.tomcat.TomcatWebServer.<init>(TomcatWebServer.java:104)
	at org.springframework.boot.web.embedded.tomcat.TomcatServletWebServerFactory.getTomcatWebServer(TomcatServletWebServerFactory.java:489)
	at org.springframework.boot.web.embedded.tomcat.TomcatServletWebServerFactory.getWebServer(TomcatServletWebServerFactory.java:211)
	at org.springframework.boot.web.servlet.context.ServletWebServerApplicationContext.createWebServer(ServletWebServerApplicationContext.java:183)
	at org.springframework.boot.web.servlet.context.ServletWebServerApplicationContext.onRefresh(ServletWebServerApplicationContext.java:161)
	at org.springframework.context.support.AbstractApplicationContext.refresh(AbstractApplicationContext.java:610)
	at org.springframework.boot.web.servlet.context.ServletWebServerApplicationContext.refresh(ServletWebServerApplicationContext.java:146)
	at org.springframework.boot.SpringApplication.refresh(SpringApplication.java:738)
	at org.springframework.boot.SpringApplication.refreshContext(SpringApplication.java:440)
	at org.springframework.boot.SpringApplication.run(SpringApplication.java:316)
	at org.springframework.boot.SpringApplication.run(SpringApplication.java:1306)
	at org.springframework.boot.SpringApplication.run(SpringApplication.java:1295)
	at config.SpringCrudApplication.main(SpringCrudApplication.java:17)
Caused by: com.microsoft.sqlserver.jdbc.SQLServerException: There is already an object named 'FKmcddpsiemwcivhnevsvagjwk4' in the database.
	at com.microsoft.sqlserver.jdbc.SQLServerException.makeFromDatabaseError(SQLServerException.java:265)
	at com.microsoft.sqlserver.jdbc.SQLServerStatement.getNextResult(SQLServerStatement.java:1676)
	at com.microsoft.sqlserver.jdbc.SQLServerStatement.doExecuteStatement(SQLServerStatement.java:907)
	at com.microsoft.sqlserver.jdbc.SQLServerStatement$StmtExecCmd.doExecute(SQLServerStatement.java:802)
	at com.microsoft.sqlserver.jdbc.TDSCommand.execute(IOBuffer.java:7620)
	at com.microsoft.sqlserver.jdbc.SQLServerConnection.executeCommand(SQLServerConnection.java:3916)
	at com.microsoft.sqlserver.jdbc.SQLServerStatement.executeCommand(SQLServerStatement.java:268)
	at com.microsoft.sqlserver.jdbc.SQLServerStatement.executeStatement(SQLServerStatement.java:242)
	at com.microsoft.sqlserver.jdbc.SQLServerStatement.execute(SQLServerStatement.java:775)
	at com.zaxxer.hikari.pool.ProxyStatement.execute(ProxyStatement.java:94)
	at com.zaxxer.hikari.pool.HikariProxyStatement.execute(HikariProxyStatement.java)
	at org.hibernate.tool.schema.internal.exec.GenerationTargetToDatabase.accept(GenerationTargetToDatabase.java:80)
	... 122 common frames omitted
2026-09-12 00:55:07.128 [main] INFO  o.s.o.j.LocalContainerEntityManagerFactoryBean - Initialized JPA EntityManagerFactory for persistence unit 'default'
2026-09-12 00:55:07.594 [main] DEBUG c.security.JwtAuthenticationFilter - Filter 'jwtAuthenticationFilter' configured for use
2026-09-12 00:55:07.808 [main] INFO  o.s.d.j.r.query.QueryEnhancerFactory - Hibernate is in classpath; If applicable, HQL parser will be used.
2026-09-12 00:55:08.327 [main] WARN  o.s.b.a.o.j.JpaBaseConfiguration$JpaWebConfiguration - spring.jpa.open-in-view is enabled by default. Therefore, database queries may be performed during view rendering. Explicitly configure spring.jpa.open-in-view to disable this warning
2026-09-12 00:55:08.493 [main] INFO  config.commonConfig.WebConfig - HTTP logging interceptor registered for /api/**
2026-09-12 00:55:08.777 [main] INFO  o.s.s.web.DefaultSecurityFilterChain - Will secure any request with [org.springframework.security.web.session.DisableEncodeUrlFilter@1aa7d66e, org.springframework.security.web.context.request.async.WebAsyncManagerIntegrationFilter@5cc85ffc, org.springframework.security.web.context.SecurityContextHolderFilter@3e7c66b3, org.springframework.security.web.header.HeaderWriterFilter@5e8f1db2, org.springframework.web.filter.CorsFilter@189f2184, org.springframework.security.web.authentication.logout.LogoutFilter@5317a7ef, config.security.JwtAuthenticationFilter@4a84beb7, org.springframework.security.web.savedrequest.RequestCacheAwareFilter@64a0ee65, org.springframework.security.web.servletapi.SecurityContextHolderAwareRequestFilter@61f2bf3a, org.springframework.security.web.authentication.AnonymousAuthenticationFilter@57386162, org.springframework.security.web.session.SessionManagementFilter@4a648b35, org.springframework.security.web.access.ExceptionTranslationFilter@68fb6c1e, org.springframework.security.web.access.intercept.AuthorizationFilter@72769bf5]
2026-09-12 00:55:09.338 [main] INFO  o.a.coyote.http11.Http11NioProtocol - Starting ProtocolHandler ["http-nio-8888"]
2026-09-12 00:55:09.386 [main] INFO  o.s.b.w.e.tomcat.TomcatWebServer - Tomcat started on port(s): 8888 (http) with context path ''
2026-09-12 00:55:09.402 [main] INFO  config.SpringCrudApplication - Started SpringCrudApplication in 10.609 seconds (process running for 12.861)
2026-09-12 00:55:57.656 [http-nio-8888-exec-1] INFO  o.a.c.c.C.[Tomcat].[localhost].[/] - Initializing Spring DispatcherServlet 'dispatcherServlet'
2026-09-12 00:55:57.657 [http-nio-8888-exec-1] INFO  o.s.web.servlet.DispatcherServlet - Initializing Servlet 'dispatcherServlet'
2026-09-12 00:55:57.661 [http-nio-8888-exec-1] INFO  o.s.web.servlet.DispatcherServlet - Completed initialization in 4 ms
2026-09-12 00:55:57.691 [http-nio-8888-exec-1] DEBUG o.s.security.web.FilterChainProxy - Securing GET /swagger-ui.html
2026-09-12 00:55:57.751 [http-nio-8888-exec-1] DEBUG o.s.s.w.a.AnonymousAuthenticationFilter - Set SecurityContextHolder to anonymous SecurityContext
2026-09-12 00:55:57.813 [http-nio-8888-exec-1] DEBUG o.s.security.web.FilterChainProxy - Secured GET /swagger-ui.html
2026-09-12 00:55:58.306 [http-nio-8888-exec-2] DEBUG o.s.security.web.FilterChainProxy - Securing GET /swagger-ui/index.html
2026-09-12 00:55:58.309 [http-nio-8888-exec-2] DEBUG o.s.s.w.a.AnonymousAuthenticationFilter - Set SecurityContextHolder to anonymous SecurityContext
2026-09-12 00:55:58.335 [http-nio-8888-exec-2] DEBUG o.s.security.web.FilterChainProxy - Secured GET /swagger-ui/index.html
2026-09-12 00:55:58.682 [http-nio-8888-exec-3] DEBUG o.s.security.web.FilterChainProxy - Securing GET /swagger-ui/swagger-ui.css
2026-09-12 00:55:58.688 [http-nio-8888-exec-3] DEBUG o.s.s.w.a.AnonymousAuthenticationFilter - Set SecurityContextHolder to anonymous SecurityContext
2026-09-12 00:55:58.695 [http-nio-8888-exec-4] DEBUG o.s.security.web.FilterChainProxy - Securing GET /swagger-ui/index.css
2026-09-12 00:55:58.696 [http-nio-8888-exec-4] DEBUG o.s.s.w.a.AnonymousAuthenticationFilter - Set SecurityContextHolder to anonymous SecurityContext
2026-09-12 00:55:58.709 [http-nio-8888-exec-3] DEBUG o.s.security.web.FilterChainProxy - Secured GET /swagger-ui/swagger-ui.css
2026-09-12 00:55:58.716 [http-nio-8888-exec-4] DEBUG o.s.security.web.FilterChainProxy - Secured GET /swagger-ui/index.css
2026-09-12 00:55:58.740 [http-nio-8888-exec-6] DEBUG o.s.security.web.FilterChainProxy - Securing GET /swagger-ui/swagger-ui-bundle.js
2026-09-12 00:55:58.741 [http-nio-8888-exec-6] DEBUG o.s.s.w.a.AnonymousAuthenticationFilter - Set SecurityContextHolder to anonymous SecurityContext
2026-09-12 00:55:58.743 [http-nio-8888-exec-7] DEBUG o.s.security.web.FilterChainProxy - Securing GET /swagger-ui/swagger-ui-standalone-preset.js
2026-09-12 00:55:58.743 [http-nio-8888-exec-5] DEBUG o.s.security.web.FilterChainProxy - Securing GET /swagger-ui/swagger-initializer.js
2026-09-12 00:55:58.744 [http-nio-8888-exec-7] DEBUG o.s.s.w.a.AnonymousAuthenticationFilter - Set SecurityContextHolder to anonymous SecurityContext
2026-09-12 00:55:58.744 [http-nio-8888-exec-5] DEBUG o.s.s.w.a.AnonymousAuthenticationFilter - Set SecurityContextHolder to anonymous SecurityContext
2026-09-12 00:55:58.747 [http-nio-8888-exec-6] DEBUG o.s.security.web.FilterChainProxy - Secured GET /swagger-ui/swagger-ui-bundle.js
2026-09-12 00:55:58.748 [http-nio-8888-exec-7] DEBUG o.s.security.web.FilterChainProxy - Secured GET /swagger-ui/swagger-ui-standalone-preset.js
2026-09-12 00:55:58.748 [http-nio-8888-exec-5] DEBUG o.s.security.web.FilterChainProxy - Secured GET /swagger-ui/swagger-initializer.js
2026-09-12 00:55:59.482 [http-nio-8888-exec-8] DEBUG o.s.security.web.FilterChainProxy - Securing GET /v3/api-docs/swagger-config
2026-09-12 00:55:59.484 [http-nio-8888-exec-8] DEBUG o.s.s.w.a.AnonymousAuthenticationFilter - Set SecurityContextHolder to anonymous SecurityContext
2026-09-12 00:55:59.488 [http-nio-8888-exec-9] DEBUG o.s.security.web.FilterChainProxy - Securing GET /swagger-ui/favicon-32x32.png
2026-09-12 00:55:59.488 [http-nio-8888-exec-9] DEBUG o.s.s.w.a.AnonymousAuthenticationFilter - Set SecurityContextHolder to anonymous SecurityContext
2026-09-12 00:55:59.489 [http-nio-8888-exec-8] DEBUG o.s.security.web.FilterChainProxy - Secured GET /v3/api-docs/swagger-config
2026-09-12 00:55:59.495 [http-nio-8888-exec-9] DEBUG o.s.security.web.FilterChainProxy - Secured GET /swagger-ui/favicon-32x32.png
2026-09-12 00:55:59.591 [http-nio-8888-exec-10] DEBUG o.s.security.web.FilterChainProxy - Securing GET /v3/api-docs
2026-09-12 00:55:59.592 [http-nio-8888-exec-10] DEBUG o.s.s.w.a.AnonymousAuthenticationFilter - Set SecurityContextHolder to anonymous SecurityContext
2026-09-12 00:55:59.595 [http-nio-8888-exec-10] DEBUG o.s.security.web.FilterChainProxy - Secured GET /v3/api-docs
2026-09-12 00:56:01.653 [http-nio-8888-exec-10] INFO  o.s.api.AbstractOpenApiResource - Init duration for springdoc-openapi is: 2005 ms
2026-09-12 00:56:36.643 [http-nio-8888-exec-1] DEBUG o.s.security.web.FilterChainProxy - Securing OPTIONS /api/getSession
2026-09-12 00:56:36.653 [http-nio-8888-exec-2] DEBUG o.s.security.web.FilterChainProxy - Securing POST /api/getSession
2026-09-12 00:56:37.103 [http-nio-8888-exec-2] WARN  config.commonConfig.JsonWebToken - Token verification failed: JWT signature does not match locally computed signature. JWT validity cannot be asserted and should not be trusted.
2026-09-12 00:56:37.104 [http-nio-8888-exec-2] WARN  c.security.JwtAuthenticationFilter - JWT authentication failed for /api/getSession: Token was expired or invalid
2026-09-12 00:56:37.107 [http-nio-8888-exec-2] DEBUG o.s.s.w.a.AnonymousAuthenticationFilter - Set SecurityContextHolder to anonymous SecurityContext
2026-09-12 00:56:37.125 [http-nio-8888-exec-2] WARN  c.s.JwtAuthenticationEntryPoint - Unauthorized access attempt to /api/getSession: Full authentication is required to access this resource
2026-09-12 00:56:38.291 [http-nio-8888-exec-4] DEBUG o.s.security.web.FilterChainProxy - Securing POST /api/getSession
2026-09-12 00:56:38.294 [http-nio-8888-exec-4] WARN  config.commonConfig.JsonWebToken - Token verification failed: JWT signature does not match locally computed signature. JWT validity cannot be asserted and should not be trusted.
2026-09-12 00:56:38.297 [http-nio-8888-exec-4] WARN  c.security.JwtAuthenticationFilter - JWT authentication failed for /api/getSession: Token was expired or invalid
2026-09-12 00:56:38.302 [http-nio-8888-exec-4] DEBUG o.s.s.w.a.AnonymousAuthenticationFilter - Set SecurityContextHolder to anonymous SecurityContext
2026-09-12 00:56:38.314 [http-nio-8888-exec-4] WARN  c.s.JwtAuthenticationEntryPoint - Unauthorized access attempt to /api/getSession: Full authentication is required to access this resource
2026-09-12 00:56:38.451 [http-nio-8888-exec-3] DEBUG o.s.security.web.FilterChainProxy - Securing OPTIONS /api/getCapcha
2026-09-12 00:56:38.460 [http-nio-8888-exec-7] DEBUG o.s.security.web.FilterChainProxy - Securing POST /api/getCapcha
2026-09-12 00:56:38.461 [http-nio-8888-exec-7] DEBUG o.s.s.w.a.AnonymousAuthenticationFilter - Set SecurityContextHolder to anonymous SecurityContext
2026-09-12 00:56:38.462 [http-nio-8888-exec-7] DEBUG o.s.security.web.FilterChainProxy - Secured POST /api/getCapcha
2026-09-12 00:56:38.463 [http-nio-8888-exec-7] INFO  c.c.i.HttpLoggingInterceptor - === REQUEST START ===
2026-09-12 00:56:38.463 [http-nio-8888-exec-7] INFO  c.c.i.HttpLoggingInterceptor - Method: POST | URI: /api/getCapcha
2026-09-12 00:56:38.463 [http-nio-8888-exec-7] INFO  c.c.i.HttpLoggingInterceptor - Remote Address: 0:0:0:0:0:0:0:1
2026-09-12 00:56:38.463 [http-nio-8888-exec-7] INFO  c.c.i.HttpLoggingInterceptor - === REQUEST END ===
2026-09-12 00:56:39.652 [http-nio-8888-exec-7] INFO  c.c.i.HttpLoggingInterceptor - === RESPONSE START ===
2026-09-12 00:56:39.652 [http-nio-8888-exec-7] INFO  c.c.i.HttpLoggingInterceptor - Status: 200 | Duration: 1189ms
2026-09-12 00:56:39.652 [http-nio-8888-exec-7] INFO  c.c.i.HttpLoggingInterceptor - Content-Type: application/json
2026-09-12 00:56:39.652 [http-nio-8888-exec-7] INFO  c.c.i.HttpLoggingInterceptor - === RESPONSE END ===
2026-09-12 00:56:42.303 [http-nio-8888-exec-5] DEBUG o.s.security.web.FilterChainProxy - Securing OPTIONS /api/getUsergroupList
2026-09-12 00:56:42.311 [http-nio-8888-exec-6] DEBUG o.s.security.web.FilterChainProxy - Securing GET /api/getUsergroupList
2026-09-12 00:56:42.312 [http-nio-8888-exec-6] DEBUG o.s.s.w.a.AnonymousAuthenticationFilter - Set SecurityContextHolder to anonymous SecurityContext
2026-09-12 00:56:42.314 [http-nio-8888-exec-6] DEBUG o.s.security.web.FilterChainProxy - Secured GET /api/getUsergroupList
2026-09-12 00:56:42.315 [http-nio-8888-exec-6] INFO  c.c.i.HttpLoggingInterceptor - === REQUEST START ===
2026-09-12 00:56:42.315 [http-nio-8888-exec-6] INFO  c.c.i.HttpLoggingInterceptor - Method: GET | URI: /api/getUsergroupList
2026-09-12 00:56:42.315 [http-nio-8888-exec-6] INFO  c.c.i.HttpLoggingInterceptor - Remote Address: 0:0:0:0:0:0:0:1
2026-09-12 00:56:42.315 [http-nio-8888-exec-6] INFO  c.c.i.HttpLoggingInterceptor - === REQUEST END ===
2026-09-12 00:56:42.593 [http-nio-8888-exec-6] INFO  c.c.i.HttpLoggingInterceptor - === RESPONSE START ===
2026-09-12 00:56:42.593 [http-nio-8888-exec-6] INFO  c.c.i.HttpLoggingInterceptor - Status: 200 | Duration: 278ms
2026-09-12 00:56:42.593 [http-nio-8888-exec-6] INFO  c.c.i.HttpLoggingInterceptor - Content-Type: application/json
2026-09-12 00:56:42.593 [http-nio-8888-exec-6] INFO  c.c.i.HttpLoggingInterceptor - === RESPONSE END ===
2026-09-12 00:58:30.709 [http-nio-8888-exec-3] DEBUG o.s.security.web.FilterChainProxy - Securing POST /api/createUser
2026-09-12 00:58:30.712 [http-nio-8888-exec-3] DEBUG o.s.s.w.a.AnonymousAuthenticationFilter - Set SecurityContextHolder to anonymous SecurityContext
2026-09-12 00:58:30.713 [http-nio-8888-exec-3] DEBUG o.s.security.web.FilterChainProxy - Secured POST /api/createUser
2026-09-12 00:58:30.792 [http-nio-8888-exec-3] INFO  c.c.i.HttpLoggingInterceptor - === REQUEST START ===
2026-09-12 00:58:30.792 [http-nio-8888-exec-3] INFO  c.c.i.HttpLoggingInterceptor - Method: POST | URI: /api/createUser
2026-09-12 00:58:30.792 [http-nio-8888-exec-3] INFO  c.c.i.HttpLoggingInterceptor - Remote Address: 0:0:0:0:0:0:0:1
2026-09-12 00:58:30.792 [http-nio-8888-exec-3] INFO  c.c.i.HttpLoggingInterceptor - === REQUEST END ===
2026-09-12 00:58:30.907 [http-nio-8888-exec-3] ERROR c.serviceI.CreateClientServiceI - createClient failed
java.lang.IllegalStateException: Azure storage is not configured. Set AZURE_STORAGE_CONNECTION_STRING / azure.storage.connection-string
	at config.Service.AzureBlobService.requireClient(AzureBlobService.java:92)
	at config.Service.AzureBlobService.uploadFile(AzureBlobService.java:37)
	at config.serviceI.CreateClientServiceI.createClient(CreateClientServiceI.java:46)
	at config.controller.CreateClientController.createUser(CreateClientController.java:64)
	at java.base/jdk.internal.reflect.NativeMethodAccessorImpl.invoke0(Native Method)
	at java.base/jdk.internal.reflect.NativeMethodAccessorImpl.invoke(NativeMethodAccessorImpl.java:77)
	at java.base/jdk.internal.reflect.DelegatingMethodAccessorImpl.invoke(DelegatingMethodAccessorImpl.java:43)
	at java.base/java.lang.reflect.Method.invoke(Method.java:568)
	at org.springframework.web.method.support.InvocableHandlerMethod.doInvoke(InvocableHandlerMethod.java:205)
	at org.springframework.web.method.support.InvocableHandlerMethod.invokeForRequest(InvocableHandlerMethod.java:150)
	at org.springframework.web.servlet.mvc.method.annotation.ServletInvocableHandlerMethod.invokeAndHandle(ServletInvocableHandlerMethod.java:118)
	at org.springframework.web.servlet.mvc.method.annotation.RequestMappingHandlerAdapter.invokeHandlerMethod(RequestMappingHandlerAdapter.java:884)
	at org.springframework.web.servlet.mvc.method.annotation.RequestMappingHandlerAdapter.handleInternal(RequestMappingHandlerAdapter.java:797)
	at org.springframework.web.servlet.mvc.method.AbstractHandlerMethodAdapter.handle(AbstractHandlerMethodAdapter.java:87)
	at org.springframework.web.servlet.DispatcherServlet.doDispatch(DispatcherServlet.java:1081)
	at org.springframework.web.servlet.DispatcherServlet.doService(DispatcherServlet.java:974)
	at org.springframework.web.servlet.FrameworkServlet.processRequest(FrameworkServlet.java:1011)
	at org.springframework.web.servlet.FrameworkServlet.doPost(FrameworkServlet.java:914)
	at jakarta.servlet.http.HttpServlet.service(HttpServlet.java:590)
	at org.springframework.web.servlet.FrameworkServlet.service(FrameworkServlet.java:885)
	at jakarta.servlet.http.HttpServlet.service(HttpServlet.java:658)
	at org.apache.catalina.core.ApplicationFilterChain.internalDoFilter(ApplicationFilterChain.java:205)
	at org.apache.catalina.core.ApplicationFilterChain.doFilter(ApplicationFilterChain.java:149)
	at org.apache.tomcat.websocket.server.WsFilter.doFilter(WsFilter.java:51)
	at org.apache.catalina.core.ApplicationFilterChain.internalDoFilter(ApplicationFilterChain.java:174)
	at org.apache.catalina.core.ApplicationFilterChain.doFilter(ApplicationFilterChain.java:149)
	at org.springframework.web.filter.OncePerRequestFilter.doFilter(OncePerRequestFilter.java:110)
	at org.apache.catalina.core.ApplicationFilterChain.internalDoFilter(ApplicationFilterChain.java:174)
	at org.apache.catalina.core.ApplicationFilterChain.doFilter(ApplicationFilterChain.java:149)
	at org.springframework.security.web.FilterChainProxy.lambda$doFilterInternal$3(FilterChainProxy.java:231)
	at org.springframework.security.web.FilterChainProxy$VirtualFilterChain.doFilter(FilterChainProxy.java:365)
	at org.springframework.security.web.access.intercept.AuthorizationFilter.doFilter(AuthorizationFilter.java:100)
	at org.springframework.security.web.FilterChainProxy$VirtualFilterChain.doFilter(FilterChainProxy.java:374)
	at org.springframework.security.web.access.ExceptionTranslationFilter.doFilter(ExceptionTranslationFilter.java:126)
	at org.springframework.security.web.access.ExceptionTranslationFilter.doFilter(ExceptionTranslationFilter.java:120)
	at org.springframework.security.web.FilterChainProxy$VirtualFilterChain.doFilter(FilterChainProxy.java:374)
	at org.springframework.security.web.session.SessionManagementFilter.doFilter(SessionManagementFilter.java:131)
	at org.springframework.security.web.session.SessionManagementFilter.doFilter(SessionManagementFilter.java:85)
	at org.springframework.security.web.FilterChainProxy$VirtualFilterChain.doFilter(FilterChainProxy.java:374)
	at org.springframework.security.web.authentication.AnonymousAuthenticationFilter.doFilter(AnonymousAuthenticationFilter.java:100)
	at org.springframework.security.web.FilterChainProxy$VirtualFilterChain.doFilter(FilterChainProxy.java:374)
	at org.springframework.security.web.servletapi.SecurityContextHolderAwareRequestFilter.doFilter(SecurityContextHolderAwareRequestFilter.java:179)
	at org.springframework.security.web.FilterChainProxy$VirtualFilterChain.doFilter(FilterChainProxy.java:374)
	at org.springframework.security.web.savedrequest.RequestCacheAwareFilter.doFilter(RequestCacheAwareFilter.java:63)
	at org.springframework.security.web.FilterChainProxy$VirtualFilterChain.doFilter(FilterChainProxy.java:374)
	at config.security.JwtAuthenticationFilter.doFilterInternal(JwtAuthenticationFilter.java:52)
	at org.springframework.web.filter.OncePerRequestFilter.doFilter(OncePerRequestFilter.java:116)
	at org.springframework.security.web.FilterChainProxy$VirtualFilterChain.doFilter(FilterChainProxy.java:374)
	at org.springframework.security.web.authentication.logout.LogoutFilter.doFilter(LogoutFilter.java:107)
	at org.springframework.security.web.authentication.logout.LogoutFilter.doFilter(LogoutFilter.java:93)
	at org.springframework.security.web.FilterChainProxy$VirtualFilterChain.doFilter(FilterChainProxy.java:374)
	at org.springframework.web.filter.CorsFilter.doFilterInternal(CorsFilter.java:91)
	at org.springframework.web.filter.OncePerRequestFilter.doFilter(OncePerRequestFilter.java:116)
	at org.springframework.security.web.FilterChainProxy$VirtualFilterChain.doFilter(FilterChainProxy.java:374)
	at org.springframework.security.web.header.HeaderWriterFilter.doHeadersAfter(HeaderWriterFilter.java:90)
	at org.springframework.security.web.header.HeaderWriterFilter.doFilterInternal(HeaderWriterFilter.java:75)
	at org.springframework.web.filter.OncePerRequestFilter.doFilter(OncePerRequestFilter.java:116)
	at org.springframework.security.web.FilterChainProxy$VirtualFilterChain.doFilter(FilterChainProxy.java:374)
	at org.springframework.security.web.context.SecurityContextHolderFilter.doFilter(SecurityContextHolderFilter.java:82)
	at org.springframework.security.web.context.SecurityContextHolderFilter.doFilter(SecurityContextHolderFilter.java:69)
	at org.springframework.security.web.FilterChainProxy$VirtualFilterChain.doFilter(FilterChainProxy.java:374)
	at org.springframework.security.web.context.request.async.WebAsyncManagerIntegrationFilter.doFilterInternal(WebAsyncManagerIntegrationFilter.java:62)
	at org.springframework.web.filter.OncePerRequestFilter.doFilter(OncePerRequestFilter.java:116)
	at org.springframework.security.web.FilterChainProxy$VirtualFilterChain.doFilter(FilterChainProxy.java:374)
	at org.springframework.security.web.session.DisableEncodeUrlFilter.doFilterInternal(DisableEncodeUrlFilter.java:42)
	at org.springframework.web.filter.OncePerRequestFilter.doFilter(OncePerRequestFilter.java:116)
	at org.springframework.security.web.FilterChainProxy$VirtualFilterChain.doFilter(FilterChainProxy.java:374)
	at org.springframework.security.web.FilterChainProxy.doFilterInternal(FilterChainProxy.java:233)
	at org.springframework.security.web.FilterChainProxy.doFilter(FilterChainProxy.java:191)
	at org.springframework.web.filter.DelegatingFilterProxy.invokeDelegate(DelegatingFilterProxy.java:352)
	at org.springframework.web.filter.DelegatingFilterProxy.doFilter(DelegatingFilterProxy.java:268)
	at org.apache.catalina.core.ApplicationFilterChain.internalDoFilter(ApplicationFilterChain.java:174)
	at org.apache.catalina.core.ApplicationFilterChain.doFilter(ApplicationFilterChain.java:149)
	at org.springframework.web.filter.RequestContextFilter.doFilterInternal(RequestContextFilter.java:100)
	at org.springframework.web.filter.OncePerRequestFilter.doFilter(OncePerRequestFilter.java:116)
	at org.apache.catalina.core.ApplicationFilterChain.internalDoFilter(ApplicationFilterChain.java:174)
	at org.apache.catalina.core.ApplicationFilterChain.doFilter(ApplicationFilterChain.java:149)
	at org.springframework.web.filter.FormContentFilter.doFilterInternal(FormContentFilter.java:93)
	at org.springframework.web.filter.OncePerRequestFilter.doFilter(OncePerRequestFilter.java:116)
	at org.apache.catalina.core.ApplicationFilterChain.internalDoFilter(ApplicationFilterChain.java:174)
	at org.apache.catalina.core.ApplicationFilterChain.doFilter(ApplicationFilterChain.java:149)
	at org.springframework.web.filter.CharacterEncodingFilter.doFilterInternal(CharacterEncodingFilter.java:201)
	at org.springframework.web.filter.OncePerRequestFilter.doFilter(OncePerRequestFilter.java:116)
	at org.apache.catalina.core.ApplicationFilterChain.internalDoFilter(ApplicationFilterChain.java:174)
	at org.apache.catalina.core.ApplicationFilterChain.doFilter(ApplicationFilterChain.java:149)
	at org.apache.catalina.core.StandardWrapperValve.invoke(StandardWrapperValve.java:167)
	at org.apache.catalina.core.StandardContextValve.invoke(StandardContextValve.java:90)
	at org.apache.catalina.authenticator.AuthenticatorBase.invoke(AuthenticatorBase.java:482)
	at org.apache.catalina.core.StandardHostValve.invoke(StandardHostValve.java:115)
	at org.apache.catalina.valves.ErrorReportValve.invoke(ErrorReportValve.java:93)
	at org.apache.catalina.core.StandardEngineValve.invoke(StandardEngineValve.java:74)
	at org.apache.catalina.connector.CoyoteAdapter.service(CoyoteAdapter.java:340)
	at org.apache.coyote.http11.Http11Processor.service(Http11Processor.java:391)
	at org.apache.coyote.AbstractProcessorLight.process(AbstractProcessorLight.java:63)
	at org.apache.coyote.AbstractProtocol$ConnectionHandler.process(AbstractProtocol.java:896)
	at org.apache.tomcat.util.net.NioEndpoint$SocketProcessor.doRun(NioEndpoint.java:1744)
	at org.apache.tomcat.util.net.SocketProcessorBase.run(SocketProcessorBase.java:52)
	at org.apache.tomcat.util.threads.ThreadPoolExecutor.runWorker(ThreadPoolExecutor.java:1191)
	at org.apache.tomcat.util.threads.ThreadPoolExecutor$Worker.run(ThreadPoolExecutor.java:659)
	at org.apache.tomcat.util.threads.TaskThread$WrappingRunnable.run(TaskThread.java:61)
	at java.base/java.lang.Thread.run(Thread.java:833)
2026-09-12 00:58:30.910 [http-nio-8888-exec-3] INFO  c.c.i.HttpLoggingInterceptor - === RESPONSE START ===
2026-09-12 00:58:30.910 [http-nio-8888-exec-3] INFO  c.c.i.HttpLoggingInterceptor - Status: 200 | Duration: 118ms
2026-09-12 00:58:30.910 [http-nio-8888-exec-3] INFO  c.c.i.HttpLoggingInterceptor - Content-Type: application/json
2026-09-12 00:58:30.910 [http-nio-8888-exec-3] INFO  c.c.i.HttpLoggingInterceptor - === RESPONSE END ===
2026-09-12 01:06:53.210 [http-nio-8888-exec-5] DEBUG o.s.security.web.FilterChainProxy - Securing POST /api/getCapcha
2026-09-12 01:06:53.211 [http-nio-8888-exec-5] DEBUG o.s.s.w.a.AnonymousAuthenticationFilter - Set SecurityContextHolder to anonymous SecurityContext
2026-09-12 01:06:53.212 [http-nio-8888-exec-5] DEBUG o.s.security.web.FilterChainProxy - Secured POST /api/getCapcha
2026-09-12 01:06:53.213 [http-nio-8888-exec-5] INFO  c.c.i.HttpLoggingInterceptor - === REQUEST START ===
2026-09-12 01:06:53.213 [http-nio-8888-exec-5] INFO  c.c.i.HttpLoggingInterceptor - Method: POST | URI: /api/getCapcha
2026-09-12 01:06:53.213 [http-nio-8888-exec-5] INFO  c.c.i.HttpLoggingInterceptor - Remote Address: 0:0:0:0:0:0:0:1
2026-09-12 01:06:53.213 [http-nio-8888-exec-5] INFO  c.c.i.HttpLoggingInterceptor - === REQUEST END ===
2026-09-12 01:06:53.242 [http-nio-8888-exec-5] INFO  c.c.i.HttpLoggingInterceptor - === RESPONSE START ===
2026-09-12 01:06:53.242 [http-nio-8888-exec-5] INFO  c.c.i.HttpLoggingInterceptor - Status: 200 | Duration: 29ms
2026-09-12 01:06:53.242 [http-nio-8888-exec-5] INFO  c.c.i.HttpLoggingInterceptor - Content-Type: application/json
2026-09-12 01:06:53.242 [http-nio-8888-exec-5] INFO  c.c.i.HttpLoggingInterceptor - === RESPONSE END ===
2026-09-12 01:07:03.949 [http-nio-8888-exec-6] DEBUG o.s.security.web.FilterChainProxy - Securing OPTIONS /api/authSession
2026-09-12 01:07:03.955 [http-nio-8888-exec-9] DEBUG o.s.security.web.FilterChainProxy - Securing POST /api/authSession
2026-09-12 01:07:03.956 [http-nio-8888-exec-9] DEBUG o.s.s.w.a.AnonymousAuthenticationFilter - Set SecurityContextHolder to anonymous SecurityContext
2026-09-12 01:07:03.956 [http-nio-8888-exec-9] DEBUG o.s.security.web.FilterChainProxy - Secured POST /api/authSession
2026-09-12 01:07:03.957 [http-nio-8888-exec-9] INFO  c.c.i.HttpLoggingInterceptor - === REQUEST START ===
2026-09-12 01:07:03.957 [http-nio-8888-exec-9] INFO  c.c.i.HttpLoggingInterceptor - Method: POST | URI: /api/authSession
2026-09-12 01:07:03.957 [http-nio-8888-exec-9] INFO  c.c.i.HttpLoggingInterceptor - Remote Address: 0:0:0:0:0:0:0:1
2026-09-12 01:07:03.957 [http-nio-8888-exec-9] INFO  c.c.i.HttpLoggingInterceptor - === REQUEST END ===
2026-09-12 01:07:04.110 [http-nio-8888-exec-9] INFO  config.serviceI.AuthServiceI - Upgraded password hash for user ChanBuvi99
2026-09-12 01:07:04.218 [http-nio-8888-exec-9] INFO  config.serviceI.AuthServiceI - User authenticated successfully: ChanBuvi99
2026-09-12 01:07:04.218 [http-nio-8888-exec-9] INFO  c.c.i.HttpLoggingInterceptor - === RESPONSE START ===
2026-09-12 01:07:04.218 [http-nio-8888-exec-9] INFO  c.c.i.HttpLoggingInterceptor - Status: 200 | Duration: 261ms
2026-09-12 01:07:04.218 [http-nio-8888-exec-9] INFO  c.c.i.HttpLoggingInterceptor - Content-Type: application/json
2026-09-12 01:07:04.218 [http-nio-8888-exec-9] INFO  c.c.i.HttpLoggingInterceptor - === RESPONSE END ===
2026-09-12 01:07:04.244 [http-nio-8888-exec-1] DEBUG o.s.security.web.FilterChainProxy - Securing POST /api/getSession
2026-09-12 01:07:04.288 [http-nio-8888-exec-1] DEBUG o.s.security.web.FilterChainProxy - Secured POST /api/getSession
2026-09-12 01:07:04.288 [http-nio-8888-exec-1] INFO  c.c.i.HttpLoggingInterceptor - === REQUEST START ===
2026-09-12 01:07:04.288 [http-nio-8888-exec-1] INFO  c.c.i.HttpLoggingInterceptor - Method: POST | URI: /api/getSession
2026-09-12 01:07:04.288 [http-nio-8888-exec-1] INFO  c.c.i.HttpLoggingInterceptor - Remote Address: 0:0:0:0:0:0:0:1
2026-09-12 01:07:04.288 [http-nio-8888-exec-1] INFO  c.c.i.HttpLoggingInterceptor - === REQUEST END ===
2026-09-12 01:07:04.288 [http-nio-8888-exec-1] WARN  config.Service.AzureBlobService - Azure Blob is not configured; returning raw file name
2026-09-12 01:07:04.288 [http-nio-8888-exec-1] WARN  config.Service.AzureBlobService - Azure Blob is not configured; returning raw file name
2026-09-12 01:07:04.304 [http-nio-8888-exec-1] INFO  c.c.i.HttpLoggingInterceptor - === RESPONSE START ===
2026-09-12 01:07:04.304 [http-nio-8888-exec-1] INFO  c.c.i.HttpLoggingInterceptor - Status: 200 | Duration: 16ms
2026-09-12 01:07:04.304 [http-nio-8888-exec-1] INFO  c.c.i.HttpLoggingInterceptor - Content-Type: application/json
2026-09-12 01:07:04.304 [http-nio-8888-exec-1] INFO  c.c.i.HttpLoggingInterceptor - === RESPONSE END ===
2026-09-12 01:07:04.422 [http-nio-8888-exec-10] DEBUG o.s.security.web.FilterChainProxy - Securing OPTIONS /api/getNavigationMenu/1
2026-09-12 01:07:04.432 [http-nio-8888-exec-8] DEBUG o.s.security.web.FilterChainProxy - Securing GET /api/getNavigationMenu/1
2026-09-12 01:07:04.454 [http-nio-8888-exec-8] DEBUG o.s.security.web.FilterChainProxy - Secured GET /api/getNavigationMenu/1
2026-09-12 01:07:04.455 [http-nio-8888-exec-8] INFO  c.c.i.HttpLoggingInterceptor - === REQUEST START ===
2026-09-12 01:07:04.455 [http-nio-8888-exec-8] INFO  c.c.i.HttpLoggingInterceptor - Method: GET | URI: /api/getNavigationMenu/1
2026-09-12 01:07:04.455 [http-nio-8888-exec-8] INFO  c.c.i.HttpLoggingInterceptor - Remote Address: 0:0:0:0:0:0:0:1
2026-09-12 01:07:04.455 [http-nio-8888-exec-8] INFO  c.c.i.HttpLoggingInterceptor - === REQUEST END ===
2026-09-12 01:07:04.556 [http-nio-8888-exec-8] INFO  c.c.i.HttpLoggingInterceptor - === RESPONSE START ===
2026-09-12 01:07:04.556 [http-nio-8888-exec-8] INFO  c.c.i.HttpLoggingInterceptor - Status: 200 | Duration: 101ms
2026-09-12 01:07:04.556 [http-nio-8888-exec-8] INFO  c.c.i.HttpLoggingInterceptor - Content-Type: application/json
2026-09-12 01:07:04.556 [http-nio-8888-exec-8] INFO  c.c.i.HttpLoggingInterceptor - === RESPONSE END ===
2026-09-12 01:07:06.430 [http-nio-8888-exec-2] DEBUG o.s.security.web.FilterChainProxy - Securing OPTIONS /api/getAllCustomerList
2026-09-12 01:07:06.442 [http-nio-8888-exec-4] DEBUG o.s.security.web.FilterChainProxy - Securing POST /api/getAllCustomerList
2026-09-12 01:07:06.453 [http-nio-8888-exec-4] DEBUG o.s.security.web.FilterChainProxy - Secured POST /api/getAllCustomerList
2026-09-12 01:07:06.455 [http-nio-8888-exec-4] INFO  c.c.i.HttpLoggingInterceptor - === REQUEST START ===
2026-09-12 01:07:06.455 [http-nio-8888-exec-4] INFO  c.c.i.HttpLoggingInterceptor - Method: POST | URI: /api/getAllCustomerList
2026-09-12 01:07:06.455 [http-nio-8888-exec-4] INFO  c.c.i.HttpLoggingInterceptor - Remote Address: 0:0:0:0:0:0:0:1
2026-09-12 01:07:06.455 [http-nio-8888-exec-4] INFO  c.c.i.HttpLoggingInterceptor - === REQUEST END ===
2026-09-12 01:07:06.477 [http-nio-8888-exec-4] INFO  c.c.i.HttpLoggingInterceptor - === RESPONSE START ===
2026-09-12 01:07:06.478 [http-nio-8888-exec-4] INFO  c.c.i.HttpLoggingInterceptor - Status: 200 | Duration: 22ms
2026-09-12 01:07:06.478 [http-nio-8888-exec-4] INFO  c.c.i.HttpLoggingInterceptor - Content-Type: application/json
2026-09-12 01:07:06.478 [http-nio-8888-exec-4] INFO  c.c.i.HttpLoggingInterceptor - === RESPONSE END ===
2026-09-12 01:07:08.298 [http-nio-8888-exec-3] DEBUG o.s.security.web.FilterChainProxy - Securing OPTIONS /api/getUploadedFileDetails
2026-09-12 01:07:08.310 [http-nio-8888-exec-7] DEBUG o.s.security.web.FilterChainProxy - Securing POST /api/getUploadedFileDetails
2026-09-12 01:07:08.326 [http-nio-8888-exec-7] DEBUG o.s.security.web.FilterChainProxy - Secured POST /api/getUploadedFileDetails
2026-09-12 01:07:08.326 [http-nio-8888-exec-7] INFO  c.c.i.HttpLoggingInterceptor - === REQUEST START ===
2026-09-12 01:07:08.326 [http-nio-8888-exec-7] INFO  c.c.i.HttpLoggingInterceptor - Method: POST | URI: /api/getUploadedFileDetails
2026-09-12 01:07:08.326 [http-nio-8888-exec-7] INFO  c.c.i.HttpLoggingInterceptor - Remote Address: 0:0:0:0:0:0:0:1
2026-09-12 01:07:08.326 [http-nio-8888-exec-7] INFO  c.c.i.HttpLoggingInterceptor - === REQUEST END ===
2026-09-12 01:07:08.343 [http-nio-8888-exec-7] WARN  config.Service.AzureBlobService - Azure Blob is not configured; returning raw file name
2026-09-12 01:07:08.343 [http-nio-8888-exec-7] WARN  config.Service.AzureBlobService - Azure Blob is not configured; returning raw file name
2026-09-12 01:07:08.346 [http-nio-8888-exec-7] INFO  c.c.i.HttpLoggingInterceptor - === RESPONSE START ===
2026-09-12 01:07:08.346 [http-nio-8888-exec-7] INFO  c.c.i.HttpLoggingInterceptor - Status: 200 | Duration: 20ms
2026-09-12 01:07:08.346 [http-nio-8888-exec-7] INFO  c.c.i.HttpLoggingInterceptor - Content-Type: application/json
2026-09-12 01:07:08.346 [http-nio-8888-exec-7] INFO  c.c.i.HttpLoggingInterceptor - === RESPONSE END ===
2026-09-12 01:07:09.950 [http-nio-8888-exec-5] DEBUG o.s.security.web.FilterChainProxy - Securing OPTIONS /api/getPaymentList
2026-09-12 01:07:09.955 [http-nio-8888-exec-6] DEBUG o.s.security.web.FilterChainProxy - Securing POST /api/getPaymentList
2026-09-12 01:07:09.966 [http-nio-8888-exec-6] DEBUG o.s.security.web.FilterChainProxy - Secured POST /api/getPaymentList
2026-09-12 01:07:09.966 [http-nio-8888-exec-6] INFO  c.c.i.HttpLoggingInterceptor - === REQUEST START ===
2026-09-12 01:07:09.966 [http-nio-8888-exec-6] INFO  c.c.i.HttpLoggingInterceptor - Method: POST | URI: /api/getPaymentList
2026-09-12 01:07:09.966 [http-nio-8888-exec-6] INFO  c.c.i.HttpLoggingInterceptor - Remote Address: 0:0:0:0:0:0:0:1
2026-09-12 01:07:09.966 [http-nio-8888-exec-6] INFO  c.c.i.HttpLoggingInterceptor - === REQUEST END ===
2026-09-12 01:07:10.022 [http-nio-8888-exec-6] INFO  c.c.i.HttpLoggingInterceptor - === RESPONSE START ===
2026-09-12 01:07:10.022 [http-nio-8888-exec-6] INFO  c.c.i.HttpLoggingInterceptor - Status: 200 | Duration: 56ms
2026-09-12 01:07:10.022 [http-nio-8888-exec-6] INFO  c.c.i.HttpLoggingInterceptor - Content-Type: application/json
2026-09-12 01:07:10.022 [http-nio-8888-exec-6] INFO  c.c.i.HttpLoggingInterceptor - === RESPONSE END ===
2026-09-12 01:09:26.918 [http-nio-8888-exec-1] DEBUG o.s.security.web.FilterChainProxy - Securing OPTIONS /api/logout
2026-09-12 01:09:26.944 [http-nio-8888-exec-10] DEBUG o.s.security.web.FilterChainProxy - Securing POST /api/getCapcha
2026-09-12 01:09:26.944 [http-nio-8888-exec-8] DEBUG o.s.security.web.FilterChainProxy - Securing POST /api/logout
2026-09-12 01:09:26.945 [http-nio-8888-exec-10] DEBUG o.s.s.w.a.AnonymousAuthenticationFilter - Set SecurityContextHolder to anonymous SecurityContext
2026-09-12 01:09:26.946 [http-nio-8888-exec-10] DEBUG o.s.security.web.FilterChainProxy - Secured POST /api/getCapcha
2026-09-12 01:09:26.946 [http-nio-8888-exec-10] INFO  c.c.i.HttpLoggingInterceptor - === REQUEST START ===
2026-09-12 01:09:26.947 [http-nio-8888-exec-10] INFO  c.c.i.HttpLoggingInterceptor - Method: POST | URI: /api/getCapcha
2026-09-12 01:09:26.947 [http-nio-8888-exec-10] INFO  c.c.i.HttpLoggingInterceptor - Remote Address: 0:0:0:0:0:0:0:1
2026-09-12 01:09:26.947 [http-nio-8888-exec-10] INFO  c.c.i.HttpLoggingInterceptor - === REQUEST END ===
2026-09-12 01:09:26.961 [http-nio-8888-exec-10] INFO  c.c.i.HttpLoggingInterceptor - === RESPONSE START ===
2026-09-12 01:09:26.961 [http-nio-8888-exec-10] INFO  c.c.i.HttpLoggingInterceptor - Status: 200 | Duration: 15ms
2026-09-12 01:09:26.961 [http-nio-8888-exec-10] INFO  c.c.i.HttpLoggingInterceptor - Content-Type: application/json
2026-09-12 01:09:26.961 [http-nio-8888-exec-10] INFO  c.c.i.HttpLoggingInterceptor - === RESPONSE END ===
2026-09-12 01:09:26.968 [http-nio-8888-exec-8] DEBUG o.s.security.web.FilterChainProxy - Secured POST /api/logout
2026-09-12 01:09:26.968 [http-nio-8888-exec-8] INFO  c.c.i.HttpLoggingInterceptor - === REQUEST START ===
2026-09-12 01:09:26.968 [http-nio-8888-exec-8] INFO  c.c.i.HttpLoggingInterceptor - Method: POST | URI: /api/logout
2026-09-12 01:09:26.968 [http-nio-8888-exec-8] INFO  c.c.i.HttpLoggingInterceptor - Remote Address: 0:0:0:0:0:0:0:1
2026-09-12 01:09:26.968 [http-nio-8888-exec-8] INFO  c.c.i.HttpLoggingInterceptor - === REQUEST END ===
2026-09-12 01:09:26.995 [http-nio-8888-exec-8] INFO  config.serviceI.AuthServiceI - User logged out: ChanBuvi99
2026-09-12 01:09:26.997 [http-nio-8888-exec-8] INFO  c.c.i.HttpLoggingInterceptor - === RESPONSE START ===
2026-09-12 01:09:26.997 [http-nio-8888-exec-8] INFO  c.c.i.HttpLoggingInterceptor - Status: 200 | Duration: 29ms
2026-09-12 01:09:26.997 [http-nio-8888-exec-8] INFO  c.c.i.HttpLoggingInterceptor - Content-Type: application/json
2026-09-12 01:09:26.997 [http-nio-8888-exec-8] INFO  c.c.i.HttpLoggingInterceptor - === RESPONSE END ===
2026-09-12 01:09:44.772 [http-nio-8888-exec-2] DEBUG o.s.security.web.FilterChainProxy - Securing POST /api/getCapcha
2026-09-12 01:09:44.773 [http-nio-8888-exec-2] DEBUG o.s.s.w.a.AnonymousAuthenticationFilter - Set SecurityContextHolder to anonymous SecurityContext
2026-09-12 01:09:44.773 [http-nio-8888-exec-2] DEBUG o.s.security.web.FilterChainProxy - Secured POST /api/getCapcha
2026-09-12 01:09:44.773 [http-nio-8888-exec-2] INFO  c.c.i.HttpLoggingInterceptor - === REQUEST START ===
2026-09-12 01:09:44.773 [http-nio-8888-exec-2] INFO  c.c.i.HttpLoggingInterceptor - Method: POST | URI: /api/getCapcha
2026-09-12 01:09:44.773 [http-nio-8888-exec-2] INFO  c.c.i.HttpLoggingInterceptor - Remote Address: 0:0:0:0:0:0:0:1
2026-09-12 01:09:44.773 [http-nio-8888-exec-2] INFO  c.c.i.HttpLoggingInterceptor - === REQUEST END ===
2026-09-12 01:09:44.780 [http-nio-8888-exec-2] INFO  c.c.i.HttpLoggingInterceptor - === RESPONSE START ===
2026-09-12 01:09:44.780 [http-nio-8888-exec-2] INFO  c.c.i.HttpLoggingInterceptor - Status: 200 | Duration: 7ms
2026-09-12 01:09:44.780 [http-nio-8888-exec-2] INFO  c.c.i.HttpLoggingInterceptor - Content-Type: application/json
2026-09-12 01:09:44.780 [http-nio-8888-exec-2] INFO  c.c.i.HttpLoggingInterceptor - === RESPONSE END ===
2026-09-12 01:10:00.031 [http-nio-8888-exec-4] DEBUG o.s.security.web.FilterChainProxy - Securing POST /api/authSession
2026-09-12 01:10:00.031 [http-nio-8888-exec-4] DEBUG o.s.s.w.a.AnonymousAuthenticationFilter - Set SecurityContextHolder to anonymous SecurityContext
2026-09-12 01:10:00.032 [http-nio-8888-exec-4] DEBUG o.s.security.web.FilterChainProxy - Secured POST /api/authSession
2026-09-12 01:10:00.032 [http-nio-8888-exec-4] INFO  c.c.i.HttpLoggingInterceptor - === REQUEST START ===
2026-09-12 01:10:00.032 [http-nio-8888-exec-4] INFO  c.c.i.HttpLoggingInterceptor - Method: POST | URI: /api/authSession
2026-09-12 01:10:00.032 [http-nio-8888-exec-4] INFO  c.c.i.HttpLoggingInterceptor - Remote Address: 0:0:0:0:0:0:0:1
2026-09-12 01:10:00.033 [http-nio-8888-exec-4] INFO  c.c.i.HttpLoggingInterceptor - === REQUEST END ===
2026-09-12 01:10:00.145 [http-nio-8888-exec-4] INFO  config.serviceI.AuthServiceI - User authenticated successfully: ChanBuvi99
2026-09-12 01:10:00.145 [http-nio-8888-exec-4] INFO  c.c.i.HttpLoggingInterceptor - === RESPONSE START ===
2026-09-12 01:10:00.145 [http-nio-8888-exec-4] INFO  c.c.i.HttpLoggingInterceptor - Status: 200 | Duration: 113ms
2026-09-12 01:10:00.145 [http-nio-8888-exec-4] INFO  c.c.i.HttpLoggingInterceptor - Content-Type: application/json
2026-09-12 01:10:00.145 [http-nio-8888-exec-4] INFO  c.c.i.HttpLoggingInterceptor - === RESPONSE END ===
2026-09-12 01:10:00.155 [http-nio-8888-exec-3] DEBUG o.s.security.web.FilterChainProxy - Securing POST /api/getSession
2026-09-12 01:10:00.161 [http-nio-8888-exec-3] DEBUG o.s.security.web.FilterChainProxy - Secured POST /api/getSession
2026-09-12 01:10:00.161 [http-nio-8888-exec-3] INFO  c.c.i.HttpLoggingInterceptor - === REQUEST START ===
2026-09-12 01:10:00.162 [http-nio-8888-exec-3] INFO  c.c.i.HttpLoggingInterceptor - Method: POST | URI: /api/getSession
2026-09-12 01:10:00.162 [http-nio-8888-exec-3] INFO  c.c.i.HttpLoggingInterceptor - Remote Address: 0:0:0:0:0:0:0:1
2026-09-12 01:10:00.162 [http-nio-8888-exec-3] INFO  c.c.i.HttpLoggingInterceptor - === REQUEST END ===
2026-09-12 01:10:00.168 [http-nio-8888-exec-3] WARN  config.Service.AzureBlobService - Azure Blob is not configured; returning raw file name
2026-09-12 01:10:00.168 [http-nio-8888-exec-3] WARN  config.Service.AzureBlobService - Azure Blob is not configured; returning raw file name
2026-09-12 01:10:00.169 [http-nio-8888-exec-3] INFO  c.c.i.HttpLoggingInterceptor - === RESPONSE START ===
2026-09-12 01:10:00.170 [http-nio-8888-exec-3] INFO  c.c.i.HttpLoggingInterceptor - Status: 200 | Duration: 8ms
2026-09-12 01:10:00.170 [http-nio-8888-exec-3] INFO  c.c.i.HttpLoggingInterceptor - Content-Type: application/json
2026-09-12 01:10:00.170 [http-nio-8888-exec-3] INFO  c.c.i.HttpLoggingInterceptor - === RESPONSE END ===
2026-09-12 01:10:00.191 [http-nio-8888-exec-7] DEBUG o.s.security.web.FilterChainProxy - Securing GET /api/getNavigationMenu/1
2026-09-12 01:10:00.202 [http-nio-8888-exec-7] DEBUG o.s.security.web.FilterChainProxy - Secured GET /api/getNavigationMenu/1
2026-09-12 01:10:00.202 [http-nio-8888-exec-7] INFO  c.c.i.HttpLoggingInterceptor - === REQUEST START ===
2026-09-12 01:10:00.202 [http-nio-8888-exec-7] INFO  c.c.i.HttpLoggingInterceptor - Method: GET | URI: /api/getNavigationMenu/1
2026-09-12 01:10:00.202 [http-nio-8888-exec-7] INFO  c.c.i.HttpLoggingInterceptor - Remote Address: 0:0:0:0:0:0:0:1
2026-09-12 01:10:00.202 [http-nio-8888-exec-7] INFO  c.c.i.HttpLoggingInterceptor - === REQUEST END ===
2026-09-12 01:10:00.227 [http-nio-8888-exec-7] INFO  c.c.i.HttpLoggingInterceptor - === RESPONSE START ===
2026-09-12 01:10:00.227 [http-nio-8888-exec-7] INFO  c.c.i.HttpLoggingInterceptor - Status: 200 | Duration: 25ms
2026-09-12 01:10:00.227 [http-nio-8888-exec-7] INFO  c.c.i.HttpLoggingInterceptor - Content-Type: application/json
2026-09-12 01:10:00.227 [http-nio-8888-exec-7] INFO  c.c.i.HttpLoggingInterceptor - === RESPONSE END ===
2026-09-12 01:10:17.319 [http-nio-8888-exec-5] DEBUG o.s.security.web.FilterChainProxy - Securing POST /api/getSession
2026-09-12 01:10:17.332 [http-nio-8888-exec-5] DEBUG o.s.security.web.FilterChainProxy - Secured POST /api/getSession
2026-09-12 01:10:17.333 [http-nio-8888-exec-5] INFO  c.c.i.HttpLoggingInterceptor - === REQUEST START ===
2026-09-12 01:10:17.333 [http-nio-8888-exec-5] INFO  c.c.i.HttpLoggingInterceptor - Method: POST | URI: /api/getSession
2026-09-12 01:10:17.333 [http-nio-8888-exec-5] INFO  c.c.i.HttpLoggingInterceptor - Remote Address: 0:0:0:0:0:0:0:1
2026-09-12 01:10:17.333 [http-nio-8888-exec-5] INFO  c.c.i.HttpLoggingInterceptor - === REQUEST END ===
2026-09-12 01:10:17.343 [http-nio-8888-exec-5] WARN  config.Service.AzureBlobService - Azure Blob is not configured; returning raw file name
2026-09-12 01:10:17.343 [http-nio-8888-exec-5] WARN  config.Service.AzureBlobService - Azure Blob is not configured; returning raw file name
2026-09-12 01:10:17.346 [http-nio-8888-exec-5] INFO  c.c.i.HttpLoggingInterceptor - === RESPONSE START ===
2026-09-12 01:10:17.346 [http-nio-8888-exec-5] INFO  c.c.i.HttpLoggingInterceptor - Status: 200 | Duration: 13ms
2026-09-12 01:10:17.346 [http-nio-8888-exec-5] INFO  c.c.i.HttpLoggingInterceptor - Content-Type: application/json
2026-09-12 01:10:17.346 [http-nio-8888-exec-5] INFO  c.c.i.HttpLoggingInterceptor - === RESPONSE END ===
2026-09-12 01:10:17.479 [http-nio-8888-exec-6] DEBUG o.s.security.web.FilterChainProxy - Securing GET /api/getNavigationMenu/1
2026-09-12 01:10:17.487 [http-nio-8888-exec-6] DEBUG o.s.security.web.FilterChainProxy - Secured GET /api/getNavigationMenu/1
2026-09-12 01:10:17.488 [http-nio-8888-exec-6] INFO  c.c.i.HttpLoggingInterceptor - === REQUEST START ===
2026-09-12 01:10:17.488 [http-nio-8888-exec-6] INFO  c.c.i.HttpLoggingInterceptor - Method: GET | URI: /api/getNavigationMenu/1
2026-09-12 01:10:17.488 [http-nio-8888-exec-6] INFO  c.c.i.HttpLoggingInterceptor - Remote Address: 0:0:0:0:0:0:0:1
2026-09-12 01:10:17.488 [http-nio-8888-exec-6] INFO  c.c.i.HttpLoggingInterceptor - === REQUEST END ===
2026-09-12 01:10:17.496 [http-nio-8888-exec-6] INFO  c.c.i.HttpLoggingInterceptor - === RESPONSE START ===
2026-09-12 01:10:17.496 [http-nio-8888-exec-6] INFO  c.c.i.HttpLoggingInterceptor - Status: 200 | Duration: 8ms
2026-09-12 01:10:17.496 [http-nio-8888-exec-6] INFO  c.c.i.HttpLoggingInterceptor - Content-Type: application/json
2026-09-12 01:10:17.496 [http-nio-8888-exec-6] INFO  c.c.i.HttpLoggingInterceptor - === RESPONSE END ===
2026-09-12 01:11:03.379 [http-nio-8888-exec-1] DEBUG o.s.security.web.FilterChainProxy - Securing POST /api/getSession
2026-09-12 01:11:03.379 [http-nio-8888-exec-1] DEBUG o.s.s.w.a.AnonymousAuthenticationFilter - Set SecurityContextHolder to anonymous SecurityContext
2026-09-12 01:11:03.380 [http-nio-8888-exec-1] WARN  c.s.JwtAuthenticationEntryPoint - Unauthorized access attempt to /api/getSession: Full authentication is required to access this resource
2026-09-12 01:12:07.693 [http-nio-8888-exec-2] DEBUG o.s.security.web.FilterChainProxy - Securing POST /api/getSession
2026-09-12 01:12:07.706 [http-nio-8888-exec-2] DEBUG o.s.security.web.FilterChainProxy - Secured POST /api/getSession
2026-09-12 01:12:07.706 [http-nio-8888-exec-2] INFO  c.c.i.HttpLoggingInterceptor - === REQUEST START ===
2026-09-12 01:12:07.706 [http-nio-8888-exec-2] INFO  c.c.i.HttpLoggingInterceptor - Method: POST | URI: /api/getSession
2026-09-12 01:12:07.706 [http-nio-8888-exec-2] INFO  c.c.i.HttpLoggingInterceptor - Remote Address: 0:0:0:0:0:0:0:1
2026-09-12 01:12:07.706 [http-nio-8888-exec-2] INFO  c.c.i.HttpLoggingInterceptor - === REQUEST END ===
2026-09-12 01:12:07.706 [http-nio-8888-exec-2] WARN  config.Service.AzureBlobService - Azure Blob is not configured; returning raw file name
2026-09-12 01:12:07.706 [http-nio-8888-exec-2] WARN  config.Service.AzureBlobService - Azure Blob is not configured; returning raw file name
2026-09-12 01:12:07.706 [http-nio-8888-exec-2] INFO  c.c.i.HttpLoggingInterceptor - === RESPONSE START ===
2026-09-12 01:12:07.706 [http-nio-8888-exec-2] INFO  c.c.i.HttpLoggingInterceptor - Status: 200 | Duration: 0ms
2026-09-12 01:12:07.706 [http-nio-8888-exec-2] INFO  c.c.i.HttpLoggingInterceptor - Content-Type: application/json
2026-09-12 01:12:07.706 [http-nio-8888-exec-2] INFO  c.c.i.HttpLoggingInterceptor - === RESPONSE END ===
