2026-09-11 01:29:39.973 [http-nio-8888-exec-7] INFO  c.c.i.HttpLoggingInterceptor - === REQUEST START ===
2026-09-11 01:29:39.998 [http-nio-8888-exec-7] INFO  c.c.i.HttpLoggingInterceptor - Method: OPTIONS | URI: /api/getSession
2026-09-11 01:29:40.001 [http-nio-8888-exec-7] INFO  c.c.i.HttpLoggingInterceptor - Remote Address: 0:0:0:0:0:0:0:1
2026-09-11 01:29:40.001 [http-nio-8888-exec-7] INFO  c.c.i.HttpLoggingInterceptor - === REQUEST END ===
2026-09-11 01:29:40.007 [http-nio-8888-exec-7] INFO  c.c.i.HttpLoggingInterceptor - === RESPONSE START ===
2026-09-11 01:29:40.012 [http-nio-8888-exec-7] INFO  c.c.i.HttpLoggingInterceptor - Status: 200 | Duration: 36ms
2026-09-11 01:29:40.012 [http-nio-8888-exec-7] INFO  c.c.i.HttpLoggingInterceptor - Content-Type: null
2026-09-11 01:29:40.013 [http-nio-8888-exec-7] INFO  c.c.i.HttpLoggingInterceptor - === RESPONSE END ===
2026-09-11 01:29:40.092 [http-nio-8888-exec-9] INFO  c.c.i.HttpLoggingInterceptor - === REQUEST START ===
2026-09-11 01:29:40.094 [http-nio-8888-exec-9] INFO  c.c.i.HttpLoggingInterceptor - Method: POST | URI: /api/getSession
2026-09-11 01:29:40.094 [http-nio-8888-exec-9] INFO  c.c.i.HttpLoggingInterceptor - Remote Address: 0:0:0:0:0:0:0:1
2026-09-11 01:29:40.094 [http-nio-8888-exec-9] INFO  c.c.i.HttpLoggingInterceptor - === REQUEST END ===
2026-09-11 01:41:41.030 [main] INFO  config.SpringCrudApplication - Starting SpringCrudApplication using Java 17.0.5 with PID 43756 (B:\projects\SpringBoot\LearnSpringBoot-main\target\classes started by murug in B:\projects\SpringBoot\LearnSpringBoot-main)
2026-09-11 01:41:41.033 [main] DEBUG config.SpringCrudApplication - Running with Spring Boot v3.1.5, Spring v6.0.13
2026-09-11 01:41:41.035 [main] INFO  config.SpringCrudApplication - The following 1 profile is active: "dev"
2026-09-11 01:41:42.686 [main] INFO  o.s.d.r.c.RepositoryConfigurationDelegate - Bootstrapping Spring Data JPA repositories in DEFAULT mode.
2026-09-11 01:41:43.184 [main] INFO  o.s.d.r.c.RepositoryConfigurationDelegate - Finished Spring Data repository scanning in 482 ms. Found 7 JPA repository interfaces.
2026-09-11 01:41:44.486 [main] INFO  o.s.b.w.e.tomcat.TomcatWebServer - Tomcat initialized with port(s): 8888 (http)
2026-09-11 01:41:44.501 [main] INFO  o.a.coyote.http11.Http11NioProtocol - Initializing ProtocolHandler ["http-nio-8888"]
2026-09-11 01:41:44.504 [main] INFO  o.a.catalina.core.StandardService - Starting service [Tomcat]
2026-09-11 01:41:44.505 [main] INFO  o.a.catalina.core.StandardEngine - Starting Servlet engine: [Apache Tomcat/10.1.15]
2026-09-11 01:41:44.714 [main] INFO  o.a.c.c.C.[Tomcat].[localhost].[/] - Initializing Spring embedded WebApplicationContext
2026-09-11 01:41:44.715 [main] INFO  o.s.b.w.s.c.ServletWebServerApplicationContext - Root WebApplicationContext: initialization completed in 3590 ms
2026-09-11 01:41:46.188 [main] INFO  o.s.o.j.p.SpringPersistenceUnitInfo - No LoadTimeWeaver setup: ignoring JPA class transformer
2026-09-11 01:41:46.274 [main] INFO  com.zaxxer.hikari.HikariDataSource - HikariPool-1 - Starting...
2026-09-11 01:41:47.180 [main] INFO  com.zaxxer.hikari.pool.HikariPool - HikariPool-1 - Added connection ConnectionID:1 ClientConnectionId: 6cdaf96c-d9d6-4bb7-8512-91c663116ed9
2026-09-11 01:41:47.188 [main] INFO  com.zaxxer.hikari.HikariDataSource - HikariPool-1 - Start completed.
2026-09-11 01:41:47.275 [main] WARN  org.hibernate.orm.deprecation - HHH90000025: SQLServerDialect does not need to be specified explicitly using 'hibernate.dialect' (remove the property setting and it will be selected by default)
2026-09-11 01:41:52.432 [main] WARN  o.h.t.s.i.ExceptionHandlerLoggedImpl - GenerationTarget encountered exception accepting command : Error executing DDL "
    create table ClientDocuments (
        fileId bigint identity not null,
        fileName varchar(255),
        filePath varchar(255),
        fileSize varchar(255),
        fileType varchar(255),
        uploadedBy varchar(255),
        uploadedDate date,
        userAccountId bigint not null,
        primary key (fileId)
    )" via JDBC [There is already an object named 'ClientDocuments' in the database.]
org.hibernate.tool.schema.spi.CommandAcceptanceException: Error executing DDL "
    create table ClientDocuments (
        fileId bigint identity not null,
        fileName varchar(255),
        filePath varchar(255),
        fileSize varchar(255),
        fileType varchar(255),
        uploadedBy varchar(255),
        uploadedDate date,
        userAccountId bigint not null,
        primary key (fileId)
    )" via JDBC [There is already an object named 'ClientDocuments' in the database.]
	at org.hibernate.tool.schema.internal.exec.GenerationTargetToDatabase.accept(GenerationTargetToDatabase.java:94)
	at org.hibernate.tool.schema.internal.AbstractSchemaMigrator.applySqlString(AbstractSchemaMigrator.java:574)
	at org.hibernate.tool.schema.internal.AbstractSchemaMigrator.applySqlStrings(AbstractSchemaMigrator.java:514)
	at org.hibernate.tool.schema.internal.AbstractSchemaMigrator.createTable(AbstractSchemaMigrator.java:315)
	at org.hibernate.tool.schema.internal.GroupedSchemaMigratorImpl.performTablesMigration(GroupedSchemaMigratorImpl.java:80)
	at org.hibernate.tool.schema.internal.AbstractSchemaMigrator.performMigration(AbstractSchemaMigrator.java:232)
	at org.hibernate.tool.schema.internal.AbstractSchemaMigrator.doMigration(AbstractSchemaMigrator.java:117)
	at org.hibernate.tool.schema.spi.SchemaManagementToolCoordinator.performDatabaseAction(SchemaManagementToolCoordinator.java:284)
	at org.hibernate.tool.schema.spi.SchemaManagementToolCoordinator.lambda$process$5(SchemaManagementToolCoordinator.java:143)
	at java.base/java.util.HashMap.forEach(HashMap.java:1421)
	at org.hibernate.tool.schema.spi.SchemaManagementToolCoordinator.process(SchemaManagementToolCoordinator.java:140)
	at org.hibernate.boot.internal.SessionFactoryObserverForSchemaExport.sessionFactoryCreated(SessionFactoryObserverForSchemaExport.java:37)
	at org.hibernate.internal.SessionFactoryObserverChain.sessionFactoryCreated(SessionFactoryObserverChain.java:35)
	at org.hibernate.internal.SessionFactoryImpl.<init>(SessionFactoryImpl.java:293)
	at org.hibernate.boot.internal.SessionFactoryBuilderImpl.build(SessionFactoryBuilderImpl.java:444)
	at org.hibernate.jpa.boot.internal.EntityManagerFactoryBuilderImpl.build(EntityManagerFactoryBuilderImpl.java:1458)
	at org.springframework.orm.jpa.vendor.SpringHibernateJpaPersistenceProvider.createContainerEntityManagerFactory(SpringHibernateJpaPersistenceProvider.java:75)
	at org.springframework.orm.jpa.LocalContainerEntityManagerFactoryBean.createNativeEntityManagerFactory(LocalContainerEntityManagerFactoryBean.java:376)
	at org.springframework.orm.jpa.AbstractEntityManagerFactoryBean.buildNativeEntityManagerFactory(AbstractEntityManagerFactoryBean.java:409)
	at org.springframework.orm.jpa.AbstractEntityManagerFactoryBean.afterPropertiesSet(AbstractEntityManagerFactoryBean.java:396)
	at org.springframework.orm.jpa.LocalContainerEntityManagerFactoryBean.afterPropertiesSet(LocalContainerEntityManagerFactoryBean.java:352)
	at org.springframework.beans.factory.support.AbstractAutowireCapableBeanFactory.invokeInitMethods(AbstractAutowireCapableBeanFactory.java:1817)
	at org.springframework.beans.factory.support.AbstractAutowireCapableBeanFactory.initializeBean(AbstractAutowireCapableBeanFactory.java:1766)
	at org.springframework.beans.factory.support.AbstractAutowireCapableBeanFactory.doCreateBean(AbstractAutowireCapableBeanFactory.java:598)
	at org.springframework.beans.factory.support.AbstractAutowireCapableBeanFactory.createBean(AbstractAutowireCapableBeanFactory.java:520)
	at org.springframework.beans.factory.support.AbstractBeanFactory.lambda$doGetBean$0(AbstractBeanFactory.java:325)
	at org.springframework.beans.factory.support.DefaultSingletonBeanRegistry.getSingleton(DefaultSingletonBeanRegistry.java:234)
	at org.springframework.beans.factory.support.AbstractBeanFactory.doGetBean(AbstractBeanFactory.java:323)
	at org.springframework.beans.factory.support.AbstractBeanFactory.getBean(AbstractBeanFactory.java:199)
	at org.springframework.context.support.AbstractApplicationContext.getBean(AbstractApplicationContext.java:1166)
	at org.springframework.context.support.AbstractApplicationContext.finishBeanFactoryInitialization(AbstractApplicationContext.java:940)
	at org.springframework.context.support.AbstractApplicationContext.refresh(AbstractApplicationContext.java:616)
	at org.springframework.boot.web.servlet.context.ServletWebServerApplicationContext.refresh(ServletWebServerApplicationContext.java:146)
	at org.springframework.boot.SpringApplication.refresh(SpringApplication.java:738)
	at org.springframework.boot.SpringApplication.refreshContext(SpringApplication.java:440)
	at org.springframework.boot.SpringApplication.run(SpringApplication.java:316)
	at org.springframework.boot.SpringApplication.run(SpringApplication.java:1306)
	at org.springframework.boot.SpringApplication.run(SpringApplication.java:1295)
	at config.SpringCrudApplication.main(SpringCrudApplication.java:21)
Caused by: com.microsoft.sqlserver.jdbc.SQLServerException: There is already an object named 'ClientDocuments' in the database.
	at com.microsoft.sqlserver.jdbc.SQLServerException.makeFromDatabaseError(SQLServerException.java:265)
	at com.microsoft.sqlserver.jdbc.SQLServerStatement.getNextResult(SQLServerStatement.java:1676)
	at com.microsoft.sqlserver.jdbc.SQLServerStatement.doExecuteStatement(SQLServerStatement.java:907)
	at com.microsoft.sqlserver.jdbc.SQLServerStatement$StmtExecCmd.doExecute(SQLServerStatement.java:802)
	at com.microsoft.sqlserver.jdbc.TDSCommand.execute(IOBuffer.java:7620)
	at com.microsoft.sqlserver.jdbc.SQLServerConnection.executeCommand(SQLServerConnection.java:3916)
	at com.microsoft.sqlserver.jdbc.SQLServerStatement.executeCommand(SQLServerStatement.java:268)
	at com.microsoft.sqlserver.jdbc.SQLServerStatement.executeStatement(SQLServerStatement.java:242)
	at com.microsoft.sqlserver.jdbc.SQLServerStatement.execute(SQLServerStatement.java:775)
	at com.zaxxer.hikari.pool.ProxyStatement.execute(ProxyStatement.java:94)
	at com.zaxxer.hikari.pool.HikariProxyStatement.execute(HikariProxyStatement.java)
	at org.hibernate.tool.schema.internal.exec.GenerationTargetToDatabase.accept(GenerationTargetToDatabase.java:80)
	... 38 common frames omitted
2026-09-11 01:41:52.463 [main] WARN  o.h.t.s.i.ExceptionHandlerLoggedImpl - GenerationTarget encountered exception accepting command : Error executing DDL "
    create table CustomerList (
        customerId bigint identity not null,
        endDate date,
        firstName varchar(255),
        gender varchar(255),
        lastName varchar(255),
        loanAmount bigint,
        loanType varchar(255),
        mobileNumber bigint,
        startDate date,
        totalPaid bigint,
        totalPayable bigint,
        userAccountId bigint,
        primary key (customerId)
    )" via JDBC [There is already an object named 'CustomerList' in the database.]
org.hibernate.tool.schema.spi.CommandAcceptanceException: Error executing DDL "
    create table CustomerList (
        customerId bigint identity not null,
        endDate date,
        firstName varchar(255),
        gender varchar(255),
        lastName varchar(255),
        loanAmount bigint,
        loanType varchar(255),
        mobileNumber bigint,
        startDate date,
        totalPaid bigint,
        totalPayable bigint,
        userAccountId bigint,
        primary key (customerId)
    )" via JDBC [There is already an object named 'CustomerList' in the database.]
	at org.hibernate.tool.schema.internal.exec.GenerationTargetToDatabase.accept(GenerationTargetToDatabase.java:94)
	at org.hibernate.tool.schema.internal.AbstractSchemaMigrator.applySqlString(AbstractSchemaMigrator.java:574)
	at org.hibernate.tool.schema.internal.AbstractSchemaMigrator.applySqlStrings(AbstractSchemaMigrator.java:514)
	at org.hibernate.tool.schema.internal.AbstractSchemaMigrator.createTable(AbstractSchemaMigrator.java:315)
	at org.hibernate.tool.schema.internal.GroupedSchemaMigratorImpl.performTablesMigration(GroupedSchemaMigratorImpl.java:80)
	at org.hibernate.tool.schema.internal.AbstractSchemaMigrator.performMigration(AbstractSchemaMigrator.java:232)
	at org.hibernate.tool.schema.internal.AbstractSchemaMigrator.doMigration(AbstractSchemaMigrator.java:117)
	at org.hibernate.tool.schema.spi.SchemaManagementToolCoordinator.performDatabaseAction(SchemaManagementToolCoordinator.java:284)
	at org.hibernate.tool.schema.spi.SchemaManagementToolCoordinator.lambda$process$5(SchemaManagementToolCoordinator.java:143)
	at java.base/java.util.HashMap.forEach(HashMap.java:1421)
	at org.hibernate.tool.schema.spi.SchemaManagementToolCoordinator.process(SchemaManagementToolCoordinator.java:140)
	at org.hibernate.boot.internal.SessionFactoryObserverForSchemaExport.sessionFactoryCreated(SessionFactoryObserverForSchemaExport.java:37)
	at org.hibernate.internal.SessionFactoryObserverChain.sessionFactoryCreated(SessionFactoryObserverChain.java:35)
	at org.hibernate.internal.SessionFactoryImpl.<init>(SessionFactoryImpl.java:293)
	at org.hibernate.boot.internal.SessionFactoryBuilderImpl.build(SessionFactoryBuilderImpl.java:444)
	at org.hibernate.jpa.boot.internal.EntityManagerFactoryBuilderImpl.build(EntityManagerFactoryBuilderImpl.java:1458)
	at org.springframework.orm.jpa.vendor.SpringHibernateJpaPersistenceProvider.createContainerEntityManagerFactory(SpringHibernateJpaPersistenceProvider.java:75)
	at org.springframework.orm.jpa.LocalContainerEntityManagerFactoryBean.createNativeEntityManagerFactory(LocalContainerEntityManagerFactoryBean.java:376)
	at org.springframework.orm.jpa.AbstractEntityManagerFactoryBean.buildNativeEntityManagerFactory(AbstractEntityManagerFactoryBean.java:409)
	at org.springframework.orm.jpa.AbstractEntityManagerFactoryBean.afterPropertiesSet(AbstractEntityManagerFactoryBean.java:396)
	at org.springframework.orm.jpa.LocalContainerEntityManagerFactoryBean.afterPropertiesSet(LocalContainerEntityManagerFactoryBean.java:352)
	at org.springframework.beans.factory.support.AbstractAutowireCapableBeanFactory.invokeInitMethods(AbstractAutowireCapableBeanFactory.java:1817)
	at org.springframework.beans.factory.support.AbstractAutowireCapableBeanFactory.initializeBean(AbstractAutowireCapableBeanFactory.java:1766)
	at org.springframework.beans.factory.support.AbstractAutowireCapableBeanFactory.doCreateBean(AbstractAutowireCapableBeanFactory.java:598)
	at org.springframework.beans.factory.support.AbstractAutowireCapableBeanFactory.createBean(AbstractAutowireCapableBeanFactory.java:520)
	at org.springframework.beans.factory.support.AbstractBeanFactory.lambda$doGetBean$0(AbstractBeanFactory.java:325)
	at org.springframework.beans.factory.support.DefaultSingletonBeanRegistry.getSingleton(DefaultSingletonBeanRegistry.java:234)
	at org.springframework.beans.factory.support.AbstractBeanFactory.doGetBean(AbstractBeanFactory.java:323)
	at org.springframework.beans.factory.support.AbstractBeanFactory.getBean(AbstractBeanFactory.java:199)
	at org.springframework.context.support.AbstractApplicationContext.getBean(AbstractApplicationContext.java:1166)
	at org.springframework.context.support.AbstractApplicationContext.finishBeanFactoryInitialization(AbstractApplicationContext.java:940)
	at org.springframework.context.support.AbstractApplicationContext.refresh(AbstractApplicationContext.java:616)
	at org.springframework.boot.web.servlet.context.ServletWebServerApplicationContext.refresh(ServletWebServerApplicationContext.java:146)
	at org.springframework.boot.SpringApplication.refresh(SpringApplication.java:738)
	at org.springframework.boot.SpringApplication.refreshContext(SpringApplication.java:440)
	at org.springframework.boot.SpringApplication.run(SpringApplication.java:316)
	at org.springframework.boot.SpringApplication.run(SpringApplication.java:1306)
	at org.springframework.boot.SpringApplication.run(SpringApplication.java:1295)
	at config.SpringCrudApplication.main(SpringCrudApplication.java:21)
Caused by: com.microsoft.sqlserver.jdbc.SQLServerException: There is already an object named 'CustomerList' in the database.
	at com.microsoft.sqlserver.jdbc.SQLServerException.makeFromDatabaseError(SQLServerException.java:265)
	at com.microsoft.sqlserver.jdbc.SQLServerStatement.getNextResult(SQLServerStatement.java:1676)
	at com.microsoft.sqlserver.jdbc.SQLServerStatement.doExecuteStatement(SQLServerStatement.java:907)
	at com.microsoft.sqlserver.jdbc.SQLServerStatement$StmtExecCmd.doExecute(SQLServerStatement.java:802)
	at com.microsoft.sqlserver.jdbc.TDSCommand.execute(IOBuffer.java:7620)
	at com.microsoft.sqlserver.jdbc.SQLServerConnection.executeCommand(SQLServerConnection.java:3916)
	at com.microsoft.sqlserver.jdbc.SQLServerStatement.executeCommand(SQLServerStatement.java:268)
	at com.microsoft.sqlserver.jdbc.SQLServerStatement.executeStatement(SQLServerStatement.java:242)
	at com.microsoft.sqlserver.jdbc.SQLServerStatement.execute(SQLServerStatement.java:775)
	at com.zaxxer.hikari.pool.ProxyStatement.execute(ProxyStatement.java:94)
	at com.zaxxer.hikari.pool.HikariProxyStatement.execute(HikariProxyStatement.java)
	at org.hibernate.tool.schema.internal.exec.GenerationTargetToDatabase.accept(GenerationTargetToDatabase.java:80)
	... 38 common frames omitted
2026-09-11 01:41:52.490 [main] WARN  o.h.t.s.i.ExceptionHandlerLoggedImpl - GenerationTarget encountered exception accepting command : Error executing DDL "
    create table NavigationMenu (
        menuId bigint identity not null,
        menuName varchar(255),
        primary key (menuId)
    )" via JDBC [There is already an object named 'NavigationMenu' in the database.]
org.hibernate.tool.schema.spi.CommandAcceptanceException: Error executing DDL "
    create table NavigationMenu (
        menuId bigint identity not null,
        menuName varchar(255),
        primary key (menuId)
    )" via JDBC [There is already an object named 'NavigationMenu' in the database.]
	at org.hibernate.tool.schema.internal.exec.GenerationTargetToDatabase.accept(GenerationTargetToDatabase.java:94)
	at org.hibernate.tool.schema.internal.AbstractSchemaMigrator.applySqlString(AbstractSchemaMigrator.java:574)
	at org.hibernate.tool.schema.internal.AbstractSchemaMigrator.applySqlStrings(AbstractSchemaMigrator.java:514)
	at org.hibernate.tool.schema.internal.AbstractSchemaMigrator.createTable(AbstractSchemaMigrator.java:315)
	at org.hibernate.tool.schema.internal.GroupedSchemaMigratorImpl.performTablesMigration(GroupedSchemaMigratorImpl.java:80)
	at org.hibernate.tool.schema.internal.AbstractSchemaMigrator.performMigration(AbstractSchemaMigrator.java:232)
	at org.hibernate.tool.schema.internal.AbstractSchemaMigrator.doMigration(AbstractSchemaMigrator.java:117)
	at org.hibernate.tool.schema.spi.SchemaManagementToolCoordinator.performDatabaseAction(SchemaManagementToolCoordinator.java:284)
	at org.hibernate.tool.schema.spi.SchemaManagementToolCoordinator.lambda$process$5(SchemaManagementToolCoordinator.java:143)
	at java.base/java.util.HashMap.forEach(HashMap.java:1421)
	at org.hibernate.tool.schema.spi.SchemaManagementToolCoordinator.process(SchemaManagementToolCoordinator.java:140)
	at org.hibernate.boot.internal.SessionFactoryObserverForSchemaExport.sessionFactoryCreated(SessionFactoryObserverForSchemaExport.java:37)
	at org.hibernate.internal.SessionFactoryObserverChain.sessionFactoryCreated(SessionFactoryObserverChain.java:35)
	at org.hibernate.internal.SessionFactoryImpl.<init>(SessionFactoryImpl.java:293)
	at org.hibernate.boot.internal.SessionFactoryBuilderImpl.build(SessionFactoryBuilderImpl.java:444)
	at org.hibernate.jpa.boot.internal.EntityManagerFactoryBuilderImpl.build(EntityManagerFactoryBuilderImpl.java:1458)
	at org.springframework.orm.jpa.vendor.SpringHibernateJpaPersistenceProvider.createContainerEntityManagerFactory(SpringHibernateJpaPersistenceProvider.java:75)
	at org.springframework.orm.jpa.LocalContainerEntityManagerFactoryBean.createNativeEntityManagerFactory(LocalContainerEntityManagerFactoryBean.java:376)
	at org.springframework.orm.jpa.AbstractEntityManagerFactoryBean.buildNativeEntityManagerFactory(AbstractEntityManagerFactoryBean.java:409)
	at org.springframework.orm.jpa.AbstractEntityManagerFactoryBean.afterPropertiesSet(AbstractEntityManagerFactoryBean.java:396)
	at org.springframework.orm.jpa.LocalContainerEntityManagerFactoryBean.afterPropertiesSet(LocalContainerEntityManagerFactoryBean.java:352)
	at org.springframework.beans.factory.support.AbstractAutowireCapableBeanFactory.invokeInitMethods(AbstractAutowireCapableBeanFactory.java:1817)
	at org.springframework.beans.factory.support.AbstractAutowireCapableBeanFactory.initializeBean(AbstractAutowireCapableBeanFactory.java:1766)
	at org.springframework.beans.factory.support.AbstractAutowireCapableBeanFactory.doCreateBean(AbstractAutowireCapableBeanFactory.java:598)
	at org.springframework.beans.factory.support.AbstractAutowireCapableBeanFactory.createBean(AbstractAutowireCapableBeanFactory.java:520)
	at org.springframework.beans.factory.support.AbstractBeanFactory.lambda$doGetBean$0(AbstractBeanFactory.java:325)
	at org.springframework.beans.factory.support.DefaultSingletonBeanRegistry.getSingleton(DefaultSingletonBeanRegistry.java:234)
	at org.springframework.beans.factory.support.AbstractBeanFactory.doGetBean(AbstractBeanFactory.java:323)
	at org.springframework.beans.factory.support.AbstractBeanFactory.getBean(AbstractBeanFactory.java:199)
	at org.springframework.context.support.AbstractApplicationContext.getBean(AbstractApplicationContext.java:1166)
	at org.springframework.context.support.AbstractApplicationContext.finishBeanFactoryInitialization(AbstractApplicationContext.java:940)
	at org.springframework.context.support.AbstractApplicationContext.refresh(AbstractApplicationContext.java:616)
	at org.springframework.boot.web.servlet.context.ServletWebServerApplicationContext.refresh(ServletWebServerApplicationContext.java:146)
	at org.springframework.boot.SpringApplication.refresh(SpringApplication.java:738)
	at org.springframework.boot.SpringApplication.refreshContext(SpringApplication.java:440)
	at org.springframework.boot.SpringApplication.run(SpringApplication.java:316)
	at org.springframework.boot.SpringApplication.run(SpringApplication.java:1306)
	at org.springframework.boot.SpringApplication.run(SpringApplication.java:1295)
	at config.SpringCrudApplication.main(SpringCrudApplication.java:21)
Caused by: com.microsoft.sqlserver.jdbc.SQLServerException: There is already an object named 'NavigationMenu' in the database.
	at com.microsoft.sqlserver.jdbc.SQLServerException.makeFromDatabaseError(SQLServerException.java:265)
	at com.microsoft.sqlserver.jdbc.SQLServerStatement.getNextResult(SQLServerStatement.java:1676)
	at com.microsoft.sqlserver.jdbc.SQLServerStatement.doExecuteStatement(SQLServerStatement.java:907)
	at com.microsoft.sqlserver.jdbc.SQLServerStatement$StmtExecCmd.doExecute(SQLServerStatement.java:802)
	at com.microsoft.sqlserver.jdbc.TDSCommand.execute(IOBuffer.java:7620)
	at com.microsoft.sqlserver.jdbc.SQLServerConnection.executeCommand(SQLServerConnection.java:3916)
	at com.microsoft.sqlserver.jdbc.SQLServerStatement.executeCommand(SQLServerStatement.java:268)
	at com.microsoft.sqlserver.jdbc.SQLServerStatement.executeStatement(SQLServerStatement.java:242)
	at com.microsoft.sqlserver.jdbc.SQLServerStatement.execute(SQLServerStatement.java:775)
	at com.zaxxer.hikari.pool.ProxyStatement.execute(ProxyStatement.java:94)
	at com.zaxxer.hikari.pool.HikariProxyStatement.execute(HikariProxyStatement.java)
	at org.hibernate.tool.schema.internal.exec.GenerationTargetToDatabase.accept(GenerationTargetToDatabase.java:80)
	... 38 common frames omitted
2026-09-11 01:41:52.510 [main] WARN  o.h.t.s.i.ExceptionHandlerLoggedImpl - GenerationTarget encountered exception accepting command : Error executing DDL "
    create table Payments (
        paymentId bigint identity not null,
        amount bigint,
        customerId bigint,
        date date,
        loanType varchar(255),
        paymentMode varchar(255),
        paymentStatus bit,
        primary key (paymentId)
    )" via JDBC [There is already an object named 'Payments' in the database.]
org.hibernate.tool.schema.spi.CommandAcceptanceException: Error executing DDL "
    create table Payments (
        paymentId bigint identity not null,
        amount bigint,
        customerId bigint,
        date date,
        loanType varchar(255),
        paymentMode varchar(255),
        paymentStatus bit,
        primary key (paymentId)
    )" via JDBC [There is already an object named 'Payments' in the database.]
	at org.hibernate.tool.schema.internal.exec.GenerationTargetToDatabase.accept(GenerationTargetToDatabase.java:94)
	at org.hibernate.tool.schema.internal.AbstractSchemaMigrator.applySqlString(AbstractSchemaMigrator.java:574)
	at org.hibernate.tool.schema.internal.AbstractSchemaMigrator.applySqlStrings(AbstractSchemaMigrator.java:514)
	at org.hibernate.tool.schema.internal.AbstractSchemaMigrator.createTable(AbstractSchemaMigrator.java:315)
	at org.hibernate.tool.schema.internal.GroupedSchemaMigratorImpl.performTablesMigration(GroupedSchemaMigratorImpl.java:80)
	at org.hibernate.tool.schema.internal.AbstractSchemaMigrator.performMigration(AbstractSchemaMigrator.java:232)
	at org.hibernate.tool.schema.internal.AbstractSchemaMigrator.doMigration(AbstractSchemaMigrator.java:117)
	at org.hibernate.tool.schema.spi.SchemaManagementToolCoordinator.performDatabaseAction(SchemaManagementToolCoordinator.java:284)
	at org.hibernate.tool.schema.spi.SchemaManagementToolCoordinator.lambda$process$5(SchemaManagementToolCoordinator.java:143)
	at java.base/java.util.HashMap.forEach(HashMap.java:1421)
	at org.hibernate.tool.schema.spi.SchemaManagementToolCoordinator.process(SchemaManagementToolCoordinator.java:140)
	at org.hibernate.boot.internal.SessionFactoryObserverForSchemaExport.sessionFactoryCreated(SessionFactoryObserverForSchemaExport.java:37)
	at org.hibernate.internal.SessionFactoryObserverChain.sessionFactoryCreated(SessionFactoryObserverChain.java:35)
	at org.hibernate.internal.SessionFactoryImpl.<init>(SessionFactoryImpl.java:293)
	at org.hibernate.boot.internal.SessionFactoryBuilderImpl.build(SessionFactoryBuilderImpl.java:444)
	at org.hibernate.jpa.boot.internal.EntityManagerFactoryBuilderImpl.build(EntityManagerFactoryBuilderImpl.java:1458)
	at org.springframework.orm.jpa.vendor.SpringHibernateJpaPersistenceProvider.createContainerEntityManagerFactory(SpringHibernateJpaPersistenceProvider.java:75)
	at org.springframework.orm.jpa.LocalContainerEntityManagerFactoryBean.createNativeEntityManagerFactory(LocalContainerEntityManagerFactoryBean.java:376)
	at org.springframework.orm.jpa.AbstractEntityManagerFactoryBean.buildNativeEntityManagerFactory(AbstractEntityManagerFactoryBean.java:409)
	at org.springframework.orm.jpa.AbstractEntityManagerFactoryBean.afterPropertiesSet(AbstractEntityManagerFactoryBean.java:396)
	at org.springframework.orm.jpa.LocalContainerEntityManagerFactoryBean.afterPropertiesSet(LocalContainerEntityManagerFactoryBean.java:352)
	at org.springframework.beans.factory.support.AbstractAutowireCapableBeanFactory.invokeInitMethods(AbstractAutowireCapableBeanFactory.java:1817)
	at org.springframework.beans.factory.support.AbstractAutowireCapableBeanFactory.initializeBean(AbstractAutowireCapableBeanFactory.java:1766)
	at org.springframework.beans.factory.support.AbstractAutowireCapableBeanFactory.doCreateBean(AbstractAutowireCapableBeanFactory.java:598)
	at org.springframework.beans.factory.support.AbstractAutowireCapableBeanFactory.createBean(AbstractAutowireCapableBeanFactory.java:520)
	at org.springframework.beans.factory.support.AbstractBeanFactory.lambda$doGetBean$0(AbstractBeanFactory.java:325)
	at org.springframework.beans.factory.support.DefaultSingletonBeanRegistry.getSingleton(DefaultSingletonBeanRegistry.java:234)
	at org.springframework.beans.factory.support.AbstractBeanFactory.doGetBean(AbstractBeanFactory.java:323)
	at org.springframework.beans.factory.support.AbstractBeanFactory.getBean(AbstractBeanFactory.java:199)
	at org.springframework.context.support.AbstractApplicationContext.getBean(AbstractApplicationContext.java:1166)
	at org.springframework.context.support.AbstractApplicationContext.finishBeanFactoryInitialization(AbstractApplicationContext.java:940)
	at org.springframework.context.support.AbstractApplicationContext.refresh(AbstractApplicationContext.java:616)
	at org.springframework.boot.web.servlet.context.ServletWebServerApplicationContext.refresh(ServletWebServerApplicationContext.java:146)
	at org.springframework.boot.SpringApplication.refresh(SpringApplication.java:738)
	at org.springframework.boot.SpringApplication.refreshContext(SpringApplication.java:440)
	at org.springframework.boot.SpringApplication.run(SpringApplication.java:316)
	at org.springframework.boot.SpringApplication.run(SpringApplication.java:1306)
	at org.springframework.boot.SpringApplication.run(SpringApplication.java:1295)
	at config.SpringCrudApplication.main(SpringCrudApplication.java:21)
Caused by: com.microsoft.sqlserver.jdbc.SQLServerException: There is already an object named 'Payments' in the database.
	at com.microsoft.sqlserver.jdbc.SQLServerException.makeFromDatabaseError(SQLServerException.java:265)
	at com.microsoft.sqlserver.jdbc.SQLServerStatement.getNextResult(SQLServerStatement.java:1676)
	at com.microsoft.sqlserver.jdbc.SQLServerStatement.doExecuteStatement(SQLServerStatement.java:907)
	at com.microsoft.sqlserver.jdbc.SQLServerStatement$StmtExecCmd.doExecute(SQLServerStatement.java:802)
	at com.microsoft.sqlserver.jdbc.TDSCommand.execute(IOBuffer.java:7620)
	at com.microsoft.sqlserver.jdbc.SQLServerConnection.executeCommand(SQLServerConnection.java:3916)
	at com.microsoft.sqlserver.jdbc.SQLServerStatement.executeCommand(SQLServerStatement.java:268)
	at com.microsoft.sqlserver.jdbc.SQLServerStatement.executeStatement(SQLServerStatement.java:242)
	at com.microsoft.sqlserver.jdbc.SQLServerStatement.execute(SQLServerStatement.java:775)
	at com.zaxxer.hikari.pool.ProxyStatement.execute(ProxyStatement.java:94)
	at com.zaxxer.hikari.pool.HikariProxyStatement.execute(HikariProxyStatement.java)
	at org.hibernate.tool.schema.internal.exec.GenerationTargetToDatabase.accept(GenerationTargetToDatabase.java:80)
	... 38 common frames omitted
2026-09-11 01:41:52.522 [main] WARN  o.h.t.s.i.ExceptionHandlerLoggedImpl - GenerationTarget encountered exception accepting command : Error executing DDL "
    create table UserAccount (
        userAccountId bigint identity not null,
        address varchar(255),
        adharImagePath varchar(255),
        adharNumber bigint,
        altMobileNumber bigint,
        annualIncome bigint,
        city varchar(255),
        currentLoginDate date,
        dob date,
        email varchar(255),
        fathersName varchar(255),
        firstName varchar(255),
        gender varchar(255),
        isActive bit not null,
        lastLoginDate date,
        lastName varchar(255),
        loginAttempt int,
        marriedStatus varchar(255),
        mobileNumber bigint,
        occupation varchar(255),
        panImagePath varchar(255),
        panNumber varchar(255),
        password varchar(255),
        qualification varchar(255),
        state varchar(255),
        userGroupId bigint,
        userName varchar(255),
        zipcode varchar(255),
        primary key (userAccountId)
    )" via JDBC [There is already an object named 'UserAccount' in the database.]
org.hibernate.tool.schema.spi.CommandAcceptanceException: Error executing DDL "
    create table UserAccount (
        userAccountId bigint identity not null,
        address varchar(255),
        adharImagePath varchar(255),
        adharNumber bigint,
        altMobileNumber bigint,
        annualIncome bigint,
        city varchar(255),
        currentLoginDate date,
        dob date,
        email varchar(255),
        fathersName varchar(255),
        firstName varchar(255),
        gender varchar(255),
        isActive bit not null,
        lastLoginDate date,
        lastName varchar(255),
        loginAttempt int,
        marriedStatus varchar(255),
        mobileNumber bigint,
        occupation varchar(255),
        panImagePath varchar(255),
        panNumber varchar(255),
        password varchar(255),
        qualification varchar(255),
        state varchar(255),
        userGroupId bigint,
        userName varchar(255),
        zipcode varchar(255),
        primary key (userAccountId)
    )" via JDBC [There is already an object named 'UserAccount' in the database.]
	at org.hibernate.tool.schema.internal.exec.GenerationTargetToDatabase.accept(GenerationTargetToDatabase.java:94)
	at org.hibernate.tool.schema.internal.AbstractSchemaMigrator.applySqlString(AbstractSchemaMigrator.java:574)
	at org.hibernate.tool.schema.internal.AbstractSchemaMigrator.applySqlStrings(AbstractSchemaMigrator.java:514)
	at org.hibernate.tool.schema.internal.AbstractSchemaMigrator.createTable(AbstractSchemaMigrator.java:315)
	at org.hibernate.tool.schema.internal.GroupedSchemaMigratorImpl.performTablesMigration(GroupedSchemaMigratorImpl.java:80)
	at org.hibernate.tool.schema.internal.AbstractSchemaMigrator.performMigration(AbstractSchemaMigrator.java:232)
	at org.hibernate.tool.schema.internal.AbstractSchemaMigrator.doMigration(AbstractSchemaMigrator.java:117)
	at org.hibernate.tool.schema.spi.SchemaManagementToolCoordinator.performDatabaseAction(SchemaManagementToolCoordinator.java:284)
	at org.hibernate.tool.schema.spi.SchemaManagementToolCoordinator.lambda$process$5(SchemaManagementToolCoordinator.java:143)
	at java.base/java.util.HashMap.forEach(HashMap.java:1421)
	at org.hibernate.tool.schema.spi.SchemaManagementToolCoordinator.process(SchemaManagementToolCoordinator.java:140)
	at org.hibernate.boot.internal.SessionFactoryObserverForSchemaExport.sessionFactoryCreated(SessionFactoryObserverForSchemaExport.java:37)
	at org.hibernate.internal.SessionFactoryObserverChain.sessionFactoryCreated(SessionFactoryObserverChain.java:35)
	at org.hibernate.internal.SessionFactoryImpl.<init>(SessionFactoryImpl.java:293)
	at org.hibernate.boot.internal.SessionFactoryBuilderImpl.build(SessionFactoryBuilderImpl.java:444)
	at org.hibernate.jpa.boot.internal.EntityManagerFactoryBuilderImpl.build(EntityManagerFactoryBuilderImpl.java:1458)
	at org.springframework.orm.jpa.vendor.SpringHibernateJpaPersistenceProvider.createContainerEntityManagerFactory(SpringHibernateJpaPersistenceProvider.java:75)
	at org.springframework.orm.jpa.LocalContainerEntityManagerFactoryBean.createNativeEntityManagerFactory(LocalContainerEntityManagerFactoryBean.java:376)
	at org.springframework.orm.jpa.AbstractEntityManagerFactoryBean.buildNativeEntityManagerFactory(AbstractEntityManagerFactoryBean.java:409)
	at org.springframework.orm.jpa.AbstractEntityManagerFactoryBean.afterPropertiesSet(AbstractEntityManagerFactoryBean.java:396)
	at org.springframework.orm.jpa.LocalContainerEntityManagerFactoryBean.afterPropertiesSet(LocalContainerEntityManagerFactoryBean.java:352)
	at org.springframework.beans.factory.support.AbstractAutowireCapableBeanFactory.invokeInitMethods(AbstractAutowireCapableBeanFactory.java:1817)
	at org.springframework.beans.factory.support.AbstractAutowireCapableBeanFactory.initializeBean(AbstractAutowireCapableBeanFactory.java:1766)
	at org.springframework.beans.factory.support.AbstractAutowireCapableBeanFactory.doCreateBean(AbstractAutowireCapableBeanFactory.java:598)
	at org.springframework.beans.factory.support.AbstractAutowireCapableBeanFactory.createBean(AbstractAutowireCapableBeanFactory.java:520)
	at org.springframework.beans.factory.support.AbstractBeanFactory.lambda$doGetBean$0(AbstractBeanFactory.java:325)
	at org.springframework.beans.factory.support.DefaultSingletonBeanRegistry.getSingleton(DefaultSingletonBeanRegistry.java:234)
	at org.springframework.beans.factory.support.AbstractBeanFactory.doGetBean(AbstractBeanFactory.java:323)
	at org.springframework.beans.factory.support.AbstractBeanFactory.getBean(AbstractBeanFactory.java:199)
	at org.springframework.context.support.AbstractApplicationContext.getBean(AbstractApplicationContext.java:1166)
	at org.springframework.context.support.AbstractApplicationContext.finishBeanFactoryInitialization(AbstractApplicationContext.java:940)
	at org.springframework.context.support.AbstractApplicationContext.refresh(AbstractApplicationContext.java:616)
	at org.springframework.boot.web.servlet.context.ServletWebServerApplicationContext.refresh(ServletWebServerApplicationContext.java:146)
	at org.springframework.boot.SpringApplication.refresh(SpringApplication.java:738)
	at org.springframework.boot.SpringApplication.refreshContext(SpringApplication.java:440)
	at org.springframework.boot.SpringApplication.run(SpringApplication.java:316)
	at org.springframework.boot.SpringApplication.run(SpringApplication.java:1306)
	at org.springframework.boot.SpringApplication.run(SpringApplication.java:1295)
	at config.SpringCrudApplication.main(SpringCrudApplication.java:21)
Caused by: com.microsoft.sqlserver.jdbc.SQLServerException: There is already an object named 'UserAccount' in the database.
	at com.microsoft.sqlserver.jdbc.SQLServerException.makeFromDatabaseError(SQLServerException.java:265)
	at com.microsoft.sqlserver.jdbc.SQLServerStatement.getNextResult(SQLServerStatement.java:1676)
	at com.microsoft.sqlserver.jdbc.SQLServerStatement.doExecuteStatement(SQLServerStatement.java:907)
	at com.microsoft.sqlserver.jdbc.SQLServerStatement$StmtExecCmd.doExecute(SQLServerStatement.java:802)
	at com.microsoft.sqlserver.jdbc.TDSCommand.execute(IOBuffer.java:7620)
	at com.microsoft.sqlserver.jdbc.SQLServerConnection.executeCommand(SQLServerConnection.java:3916)
	at com.microsoft.sqlserver.jdbc.SQLServerStatement.executeCommand(SQLServerStatement.java:268)
	at com.microsoft.sqlserver.jdbc.SQLServerStatement.executeStatement(SQLServerStatement.java:242)
	at com.microsoft.sqlserver.jdbc.SQLServerStatement.execute(SQLServerStatement.java:775)
	at com.zaxxer.hikari.pool.ProxyStatement.execute(ProxyStatement.java:94)
	at com.zaxxer.hikari.pool.HikariProxyStatement.execute(HikariProxyStatement.java)
	at org.hibernate.tool.schema.internal.exec.GenerationTargetToDatabase.accept(GenerationTargetToDatabase.java:80)
	... 38 common frames omitted
2026-09-11 01:41:52.523 [main] WARN  o.h.t.s.i.ExceptionHandlerLoggedImpl - GenerationTarget encountered exception accepting command : Error executing DDL "
    create table UserGroup (
        userGroupId bigint identity not null,
        userGroupName varchar(255),
        primary key (userGroupId)
    )" via JDBC [There is already an object named 'UserGroup' in the database.]
org.hibernate.tool.schema.spi.CommandAcceptanceException: Error executing DDL "
    create table UserGroup (
        userGroupId bigint identity not null,
        userGroupName varchar(255),
        primary key (userGroupId)
    )" via JDBC [There is already an object named 'UserGroup' in the database.]
	at org.hibernate.tool.schema.internal.exec.GenerationTargetToDatabase.accept(GenerationTargetToDatabase.java:94)
	at org.hibernate.tool.schema.internal.AbstractSchemaMigrator.applySqlString(AbstractSchemaMigrator.java:574)
	at org.hibernate.tool.schema.internal.AbstractSchemaMigrator.applySqlStrings(AbstractSchemaMigrator.java:514)
	at org.hibernate.tool.schema.internal.AbstractSchemaMigrator.createTable(AbstractSchemaMigrator.java:315)
	at org.hibernate.tool.schema.internal.GroupedSchemaMigratorImpl.performTablesMigration(GroupedSchemaMigratorImpl.java:80)
	at org.hibernate.tool.schema.internal.AbstractSchemaMigrator.performMigration(AbstractSchemaMigrator.java:232)
	at org.hibernate.tool.schema.internal.AbstractSchemaMigrator.doMigration(AbstractSchemaMigrator.java:117)
	at org.hibernate.tool.schema.spi.SchemaManagementToolCoordinator.performDatabaseAction(SchemaManagementToolCoordinator.java:284)
	at org.hibernate.tool.schema.spi.SchemaManagementToolCoordinator.lambda$process$5(SchemaManagementToolCoordinator.java:143)
	at java.base/java.util.HashMap.forEach(HashMap.java:1421)
	at org.hibernate.tool.schema.spi.SchemaManagementToolCoordinator.process(SchemaManagementToolCoordinator.java:140)
	at org.hibernate.boot.internal.SessionFactoryObserverForSchemaExport.sessionFactoryCreated(SessionFactoryObserverForSchemaExport.java:37)
	at org.hibernate.internal.SessionFactoryObserverChain.sessionFactoryCreated(SessionFactoryObserverChain.java:35)
	at org.hibernate.internal.SessionFactoryImpl.<init>(SessionFactoryImpl.java:293)
	at org.hibernate.boot.internal.SessionFactoryBuilderImpl.build(SessionFactoryBuilderImpl.java:444)
	at org.hibernate.jpa.boot.internal.EntityManagerFactoryBuilderImpl.build(EntityManagerFactoryBuilderImpl.java:1458)
	at org.springframework.orm.jpa.vendor.SpringHibernateJpaPersistenceProvider.createContainerEntityManagerFactory(SpringHibernateJpaPersistenceProvider.java:75)
	at org.springframework.orm.jpa.LocalContainerEntityManagerFactoryBean.createNativeEntityManagerFactory(LocalContainerEntityManagerFactoryBean.java:376)
	at org.springframework.orm.jpa.AbstractEntityManagerFactoryBean.buildNativeEntityManagerFactory(AbstractEntityManagerFactoryBean.java:409)
	at org.springframework.orm.jpa.AbstractEntityManagerFactoryBean.afterPropertiesSet(AbstractEntityManagerFactoryBean.java:396)
	at org.springframework.orm.jpa.LocalContainerEntityManagerFactoryBean.afterPropertiesSet(LocalContainerEntityManagerFactoryBean.java:352)
	at org.springframework.beans.factory.support.AbstractAutowireCapableBeanFactory.invokeInitMethods(AbstractAutowireCapableBeanFactory.java:1817)
	at org.springframework.beans.factory.support.AbstractAutowireCapableBeanFactory.initializeBean(AbstractAutowireCapableBeanFactory.java:1766)
	at org.springframework.beans.factory.support.AbstractAutowireCapableBeanFactory.doCreateBean(AbstractAutowireCapableBeanFactory.java:598)
	at org.springframework.beans.factory.support.AbstractAutowireCapableBeanFactory.createBean(AbstractAutowireCapableBeanFactory.java:520)
	at org.springframework.beans.factory.support.AbstractBeanFactory.lambda$doGetBean$0(AbstractBeanFactory.java:325)
	at org.springframework.beans.factory.support.DefaultSingletonBeanRegistry.getSingleton(DefaultSingletonBeanRegistry.java:234)
	at org.springframework.beans.factory.support.AbstractBeanFactory.doGetBean(AbstractBeanFactory.java:323)
	at org.springframework.beans.factory.support.AbstractBeanFactory.getBean(AbstractBeanFactory.java:199)
	at org.springframework.context.support.AbstractApplicationContext.getBean(AbstractApplicationContext.java:1166)
	at org.springframework.context.support.AbstractApplicationContext.finishBeanFactoryInitialization(AbstractApplicationContext.java:940)
	at org.springframework.context.support.AbstractApplicationContext.refresh(AbstractApplicationContext.java:616)
	at org.springframework.boot.web.servlet.context.ServletWebServerApplicationContext.refresh(ServletWebServerApplicationContext.java:146)
	at org.springframework.boot.SpringApplication.refresh(SpringApplication.java:738)
	at org.springframework.boot.SpringApplication.refreshContext(SpringApplication.java:440)
	at org.springframework.boot.SpringApplication.run(SpringApplication.java:316)
	at org.springframework.boot.SpringApplication.run(SpringApplication.java:1306)
	at org.springframework.boot.SpringApplication.run(SpringApplication.java:1295)
	at config.SpringCrudApplication.main(SpringCrudApplication.java:21)
Caused by: com.microsoft.sqlserver.jdbc.SQLServerException: There is already an object named 'UserGroup' in the database.
	at com.microsoft.sqlserver.jdbc.SQLServerException.makeFromDatabaseError(SQLServerException.java:265)
	at com.microsoft.sqlserver.jdbc.SQLServerStatement.getNextResult(SQLServerStatement.java:1676)
	at com.microsoft.sqlserver.jdbc.SQLServerStatement.doExecuteStatement(SQLServerStatement.java:907)
	at com.microsoft.sqlserver.jdbc.SQLServerStatement$StmtExecCmd.doExecute(SQLServerStatement.java:802)
	at com.microsoft.sqlserver.jdbc.TDSCommand.execute(IOBuffer.java:7620)
	at com.microsoft.sqlserver.jdbc.SQLServerConnection.executeCommand(SQLServerConnection.java:3916)
	at com.microsoft.sqlserver.jdbc.SQLServerStatement.executeCommand(SQLServerStatement.java:268)
	at com.microsoft.sqlserver.jdbc.SQLServerStatement.executeStatement(SQLServerStatement.java:242)
	at com.microsoft.sqlserver.jdbc.SQLServerStatement.execute(SQLServerStatement.java:775)
	at com.zaxxer.hikari.pool.ProxyStatement.execute(ProxyStatement.java:94)
	at com.zaxxer.hikari.pool.HikariProxyStatement.execute(HikariProxyStatement.java)
	at org.hibernate.tool.schema.internal.exec.GenerationTargetToDatabase.accept(GenerationTargetToDatabase.java:80)
	... 38 common frames omitted
2026-09-11 01:41:52.532 [main] WARN  o.h.t.s.i.ExceptionHandlerLoggedImpl - GenerationTarget encountered exception accepting command : Error executing DDL "
    alter table Payments 
       add constraint FKmcddpsiemwcivhnevsvagjwk4 
       foreign key (customerId) 
       references CustomerList" via JDBC [There is already an object named 'FKmcddpsiemwcivhnevsvagjwk4' in the database.]
org.hibernate.tool.schema.spi.CommandAcceptanceException: Error executing DDL "
    alter table Payments 
       add constraint FKmcddpsiemwcivhnevsvagjwk4 
       foreign key (customerId) 
       references CustomerList" via JDBC [There is already an object named 'FKmcddpsiemwcivhnevsvagjwk4' in the database.]
	at org.hibernate.tool.schema.internal.exec.GenerationTargetToDatabase.accept(GenerationTargetToDatabase.java:94)
	at org.hibernate.tool.schema.internal.AbstractSchemaMigrator.applySqlString(AbstractSchemaMigrator.java:574)
	at org.hibernate.tool.schema.internal.AbstractSchemaMigrator.applySqlStrings(AbstractSchemaMigrator.java:514)
	at org.hibernate.tool.schema.internal.AbstractSchemaMigrator.applyForeignKeys(AbstractSchemaMigrator.java:446)
	at org.hibernate.tool.schema.internal.AbstractSchemaMigrator.performMigration(AbstractSchemaMigrator.java:268)
	at org.hibernate.tool.schema.internal.AbstractSchemaMigrator.doMigration(AbstractSchemaMigrator.java:117)
	at org.hibernate.tool.schema.spi.SchemaManagementToolCoordinator.performDatabaseAction(SchemaManagementToolCoordinator.java:284)
	at org.hibernate.tool.schema.spi.SchemaManagementToolCoordinator.lambda$process$5(SchemaManagementToolCoordinator.java:143)
	at java.base/java.util.HashMap.forEach(HashMap.java:1421)
	at org.hibernate.tool.schema.spi.SchemaManagementToolCoordinator.process(SchemaManagementToolCoordinator.java:140)
	at org.hibernate.boot.internal.SessionFactoryObserverForSchemaExport.sessionFactoryCreated(SessionFactoryObserverForSchemaExport.java:37)
	at org.hibernate.internal.SessionFactoryObserverChain.sessionFactoryCreated(SessionFactoryObserverChain.java:35)
	at org.hibernate.internal.SessionFactoryImpl.<init>(SessionFactoryImpl.java:293)
	at org.hibernate.boot.internal.SessionFactoryBuilderImpl.build(SessionFactoryBuilderImpl.java:444)
	at org.hibernate.jpa.boot.internal.EntityManagerFactoryBuilderImpl.build(EntityManagerFactoryBuilderImpl.java:1458)
	at org.springframework.orm.jpa.vendor.SpringHibernateJpaPersistenceProvider.createContainerEntityManagerFactory(SpringHibernateJpaPersistenceProvider.java:75)
	at org.springframework.orm.jpa.LocalContainerEntityManagerFactoryBean.createNativeEntityManagerFactory(LocalContainerEntityManagerFactoryBean.java:376)
	at org.springframework.orm.jpa.AbstractEntityManagerFactoryBean.buildNativeEntityManagerFactory(AbstractEntityManagerFactoryBean.java:409)
	at org.springframework.orm.jpa.AbstractEntityManagerFactoryBean.afterPropertiesSet(AbstractEntityManagerFactoryBean.java:396)
	at org.springframework.orm.jpa.LocalContainerEntityManagerFactoryBean.afterPropertiesSet(LocalContainerEntityManagerFactoryBean.java:352)
	at org.springframework.beans.factory.support.AbstractAutowireCapableBeanFactory.invokeInitMethods(AbstractAutowireCapableBeanFactory.java:1817)
	at org.springframework.beans.factory.support.AbstractAutowireCapableBeanFactory.initializeBean(AbstractAutowireCapableBeanFactory.java:1766)
	at org.springframework.beans.factory.support.AbstractAutowireCapableBeanFactory.doCreateBean(AbstractAutowireCapableBeanFactory.java:598)
	at org.springframework.beans.factory.support.AbstractAutowireCapableBeanFactory.createBean(AbstractAutowireCapableBeanFactory.java:520)
	at org.springframework.beans.factory.support.AbstractBeanFactory.lambda$doGetBean$0(AbstractBeanFactory.java:325)
	at org.springframework.beans.factory.support.DefaultSingletonBeanRegistry.getSingleton(DefaultSingletonBeanRegistry.java:234)
	at org.springframework.beans.factory.support.AbstractBeanFactory.doGetBean(AbstractBeanFactory.java:323)
	at org.springframework.beans.factory.support.AbstractBeanFactory.getBean(AbstractBeanFactory.java:199)
	at org.springframework.context.support.AbstractApplicationContext.getBean(AbstractApplicationContext.java:1166)
	at org.springframework.context.support.AbstractApplicationContext.finishBeanFactoryInitialization(AbstractApplicationContext.java:940)
	at org.springframework.context.support.AbstractApplicationContext.refresh(AbstractApplicationContext.java:616)
	at org.springframework.boot.web.servlet.context.ServletWebServerApplicationContext.refresh(ServletWebServerApplicationContext.java:146)
	at org.springframework.boot.SpringApplication.refresh(SpringApplication.java:738)
	at org.springframework.boot.SpringApplication.refreshContext(SpringApplication.java:440)
	at org.springframework.boot.SpringApplication.run(SpringApplication.java:316)
	at org.springframework.boot.SpringApplication.run(SpringApplication.java:1306)
	at org.springframework.boot.SpringApplication.run(SpringApplication.java:1295)
	at config.SpringCrudApplication.main(SpringCrudApplication.java:21)
Caused by: com.microsoft.sqlserver.jdbc.SQLServerException: There is already an object named 'FKmcddpsiemwcivhnevsvagjwk4' in the database.
	at com.microsoft.sqlserver.jdbc.SQLServerException.makeFromDatabaseError(SQLServerException.java:265)
	at com.microsoft.sqlserver.jdbc.SQLServerStatement.getNextResult(SQLServerStatement.java:1676)
	at com.microsoft.sqlserver.jdbc.SQLServerStatement.doExecuteStatement(SQLServerStatement.java:907)
	at com.microsoft.sqlserver.jdbc.SQLServerStatement$StmtExecCmd.doExecute(SQLServerStatement.java:802)
	at com.microsoft.sqlserver.jdbc.TDSCommand.execute(IOBuffer.java:7620)
	at com.microsoft.sqlserver.jdbc.SQLServerConnection.executeCommand(SQLServerConnection.java:3916)
	at com.microsoft.sqlserver.jdbc.SQLServerStatement.executeCommand(SQLServerStatement.java:268)
	at com.microsoft.sqlserver.jdbc.SQLServerStatement.executeStatement(SQLServerStatement.java:242)
	at com.microsoft.sqlserver.jdbc.SQLServerStatement.execute(SQLServerStatement.java:775)
	at com.zaxxer.hikari.pool.ProxyStatement.execute(ProxyStatement.java:94)
	at com.zaxxer.hikari.pool.HikariProxyStatement.execute(HikariProxyStatement.java)
	at org.hibernate.tool.schema.internal.exec.GenerationTargetToDatabase.accept(GenerationTargetToDatabase.java:80)
	... 37 common frames omitted
2026-09-11 01:41:52.539 [main] INFO  o.s.o.j.LocalContainerEntityManagerFactoryBean - Initialized JPA EntityManagerFactory for persistence unit 'default'
2026-09-11 01:41:52.575 [main] WARN  o.s.b.a.o.j.JpaBaseConfiguration$JpaWebConfiguration - spring.jpa.open-in-view is enabled by default. Therefore, database queries may be performed during view rendering. Explicitly configure spring.jpa.open-in-view to disable this warning
2026-09-11 01:41:55.579 [main] INFO  o.s.d.j.r.query.QueryEnhancerFactory - Hibernate is in classpath; If applicable, HQL parser will be used.
2026-09-11 01:41:56.849 [main] INFO  config.commonConfig.WebConfig - Interceptors registered successfully
2026-09-11 01:41:56.897 [main] INFO  config.commonConfig.WebConfig - CORS configuration applied for origins: http://localhost:3000,http://localhost:8080,http://localhost:4200
2026-09-11 01:41:57.964 [main] INFO  o.a.coyote.http11.Http11NioProtocol - Starting ProtocolHandler ["http-nio-8888"]
2026-09-11 01:41:58.048 [main] INFO  o.s.b.w.e.tomcat.TomcatWebServer - Tomcat started on port(s): 8888 (http) with context path ''
2026-09-11 01:41:58.072 [main] INFO  config.SpringCrudApplication - Started SpringCrudApplication in 18.071 seconds (process running for 20.127)
2026-09-11 01:42:27.546 [http-nio-8888-exec-1] INFO  o.a.c.c.C.[Tomcat].[localhost].[/] - Initializing Spring DispatcherServlet 'dispatcherServlet'
2026-09-11 01:42:27.546 [http-nio-8888-exec-1] INFO  o.s.web.servlet.DispatcherServlet - Initializing Servlet 'dispatcherServlet'
2026-09-11 01:42:27.553 [http-nio-8888-exec-1] INFO  o.s.web.servlet.DispatcherServlet - Completed initialization in 7 ms
2026-09-11 01:42:27.622 [http-nio-8888-exec-2] INFO  c.c.i.HttpLoggingInterceptor - === REQUEST START ===
2026-09-11 01:42:27.622 [http-nio-8888-exec-2] INFO  c.c.i.HttpLoggingInterceptor - Method: OPTIONS | URI: /api/getCapcha
2026-09-11 01:42:27.622 [http-nio-8888-exec-2] INFO  c.c.i.HttpLoggingInterceptor - Remote Address: 0:0:0:0:0:0:0:1
2026-09-11 01:42:27.622 [http-nio-8888-exec-2] INFO  c.c.i.HttpLoggingInterceptor - === REQUEST END ===
2026-09-11 01:42:27.653 [http-nio-8888-exec-2] INFO  c.c.i.HttpLoggingInterceptor - === RESPONSE START ===
2026-09-11 01:42:27.653 [http-nio-8888-exec-2] INFO  c.c.i.HttpLoggingInterceptor - Status: 200 | Duration: 31ms
2026-09-11 01:42:27.653 [http-nio-8888-exec-2] INFO  c.c.i.HttpLoggingInterceptor - Content-Type: null
2026-09-11 01:42:27.653 [http-nio-8888-exec-2] INFO  c.c.i.HttpLoggingInterceptor - === RESPONSE END ===
2026-09-11 01:42:27.653 [http-nio-8888-exec-1] INFO  c.c.i.HttpLoggingInterceptor - === REQUEST START ===
2026-09-11 01:42:27.653 [http-nio-8888-exec-1] INFO  c.c.i.HttpLoggingInterceptor - Method: POST | URI: /api/getSession
2026-09-11 01:42:27.653 [http-nio-8888-exec-1] INFO  c.c.i.HttpLoggingInterceptor - Remote Address: 0:0:0:0:0:0:0:1
2026-09-11 01:42:27.653 [http-nio-8888-exec-1] INFO  c.c.i.HttpLoggingInterceptor - === REQUEST END ===
2026-09-11 01:42:28.392 [http-nio-8888-exec-3] INFO  c.c.i.HttpLoggingInterceptor - === REQUEST START ===
2026-09-11 01:42:28.392 [http-nio-8888-exec-3] INFO  c.c.i.HttpLoggingInterceptor - Method: POST | URI: /api/getSession
2026-09-11 01:42:28.392 [http-nio-8888-exec-3] INFO  c.c.i.HttpLoggingInterceptor - Remote Address: 0:0:0:0:0:0:0:1
2026-09-11 01:42:28.392 [http-nio-8888-exec-3] INFO  c.c.i.HttpLoggingInterceptor - === REQUEST END ===
2026-09-11 01:42:28.529 [http-nio-8888-exec-4] INFO  c.c.i.HttpLoggingInterceptor - === REQUEST START ===
2026-09-11 01:42:28.530 [http-nio-8888-exec-4] INFO  c.c.i.HttpLoggingInterceptor - Method: POST | URI: /api/getCapcha
2026-09-11 01:42:28.530 [http-nio-8888-exec-4] INFO  c.c.i.HttpLoggingInterceptor - Remote Address: 0:0:0:0:0:0:0:1
2026-09-11 01:42:28.530 [http-nio-8888-exec-4] INFO  c.c.i.HttpLoggingInterceptor - === REQUEST END ===
2026-09-11 01:42:28.604 [http-nio-8888-exec-4] INFO  c.c.i.HttpLoggingInterceptor - === RESPONSE START ===
2026-09-11 01:42:28.612 [http-nio-8888-exec-4] INFO  c.c.i.HttpLoggingInterceptor - Status: 200 | Duration: 75ms
2026-09-11 01:42:28.612 [http-nio-8888-exec-4] INFO  c.c.i.HttpLoggingInterceptor - Content-Type: application/json
2026-09-11 01:42:28.612 [http-nio-8888-exec-4] INFO  c.c.i.HttpLoggingInterceptor - === RESPONSE END ===
2026-09-11 01:42:30.431 [http-nio-8888-exec-5] INFO  c.c.i.HttpLoggingInterceptor - === REQUEST START ===
2026-09-11 01:42:30.431 [http-nio-8888-exec-5] INFO  c.c.i.HttpLoggingInterceptor - Method: OPTIONS | URI: /api/getUsergroupList
2026-09-11 01:42:30.431 [http-nio-8888-exec-5] INFO  c.c.i.HttpLoggingInterceptor - Remote Address: 0:0:0:0:0:0:0:1
2026-09-11 01:42:30.431 [http-nio-8888-exec-5] INFO  c.c.i.HttpLoggingInterceptor - === REQUEST END ===
2026-09-11 01:42:30.432 [http-nio-8888-exec-5] INFO  c.c.i.HttpLoggingInterceptor - === RESPONSE START ===
2026-09-11 01:42:30.432 [http-nio-8888-exec-5] INFO  c.c.i.HttpLoggingInterceptor - Status: 200 | Duration: 1ms
2026-09-11 01:42:30.432 [http-nio-8888-exec-5] INFO  c.c.i.HttpLoggingInterceptor - Content-Type: null
2026-09-11 01:42:30.432 [http-nio-8888-exec-5] INFO  c.c.i.HttpLoggingInterceptor - === RESPONSE END ===
2026-09-11 01:42:30.456 [http-nio-8888-exec-6] INFO  c.c.i.HttpLoggingInterceptor - === REQUEST START ===
2026-09-11 01:42:30.456 [http-nio-8888-exec-6] INFO  c.c.i.HttpLoggingInterceptor - Method: GET | URI: /api/getUsergroupList
2026-09-11 01:42:30.456 [http-nio-8888-exec-6] INFO  c.c.i.HttpLoggingInterceptor - Remote Address: 0:0:0:0:0:0:0:1
2026-09-11 01:42:30.456 [http-nio-8888-exec-6] INFO  c.c.i.HttpLoggingInterceptor - === REQUEST END ===
2026-09-11 01:42:31.103 [http-nio-8888-exec-6] INFO  c.c.i.HttpLoggingInterceptor - === RESPONSE START ===
2026-09-11 01:42:31.103 [http-nio-8888-exec-6] INFO  c.c.i.HttpLoggingInterceptor - Status: 401 | Duration: 647ms
2026-09-11 01:42:31.103 [http-nio-8888-exec-6] INFO  c.c.i.HttpLoggingInterceptor - Content-Type: application/json
2026-09-11 01:42:31.103 [http-nio-8888-exec-6] INFO  c.c.i.HttpLoggingInterceptor - === RESPONSE END ===
2026-09-11 01:43:51.808 [http-nio-8888-exec-1] ERROR c.commonConfig.GlobalExceptionConfig - Unexpected exception occurred: 
org.apache.catalina.connector.ClientAbortException: java.io.IOException: An established connection was aborted by the software in your host machine
	at org.apache.catalina.connector.OutputBuffer.realWriteBytes(OutputBuffer.java:344)
	at org.apache.catalina.connector.OutputBuffer.flushByteBuffer(OutputBuffer.java:773)
	at org.apache.catalina.connector.OutputBuffer.append(OutputBuffer.java:676)
	at org.apache.catalina.connector.OutputBuffer.writeBytes(OutputBuffer.java:379)
	at org.apache.catalina.connector.OutputBuffer.write(OutputBuffer.java:357)
	at org.apache.catalina.connector.CoyoteOutputStream.write(CoyoteOutputStream.java:97)
	at org.springframework.util.StreamUtils$NonClosingOutputStream.write(StreamUtils.java:267)
	at com.fasterxml.jackson.core.json.UTF8JsonGenerator._flushBuffer(UTF8JsonGenerator.java:2203)
	at com.fasterxml.jackson.core.json.UTF8JsonGenerator._writeStringSegments(UTF8JsonGenerator.java:1343)
	at com.fasterxml.jackson.core.json.UTF8JsonGenerator.writeString(UTF8JsonGenerator.java:517)
	at com.fasterxml.jackson.databind.ser.std.StringSerializer.serialize(StringSerializer.java:41)
	at com.fasterxml.jackson.databind.ser.BeanPropertyWriter.serializeAsField(BeanPropertyWriter.java:732)
	at com.fasterxml.jackson.databind.ser.std.BeanSerializerBase.serializeFields(BeanSerializerBase.java:772)
	at com.fasterxml.jackson.databind.ser.BeanSerializer.serialize(BeanSerializer.java:178)
	at com.fasterxml.jackson.databind.ser.BeanPropertyWriter.serializeAsField(BeanPropertyWriter.java:732)
	at com.fasterxml.jackson.databind.ser.std.BeanSerializerBase.serializeFields(BeanSerializerBase.java:772)
	at com.fasterxml.jackson.databind.ser.BeanSerializer.serialize(BeanSerializer.java:178)
	at com.fasterxml.jackson.databind.ser.DefaultSerializerProvider._serialize(DefaultSerializerProvider.java:479)
	at com.fasterxml.jackson.databind.ser.DefaultSerializerProvider.serializeValue(DefaultSerializerProvider.java:318)
	at com.fasterxml.jackson.databind.ObjectWriter$Prefetch.serialize(ObjectWriter.java:1572)
	at com.fasterxml.jackson.databind.ObjectWriter.writeValue(ObjectWriter.java:1061)
	at org.springframework.http.converter.json.AbstractJackson2HttpMessageConverter.writeInternal(AbstractJackson2HttpMessageConverter.java:483)
	at org.springframework.http.converter.AbstractGenericHttpMessageConverter.write(AbstractGenericHttpMessageConverter.java:103)
	at org.springframework.web.servlet.mvc.method.annotation.AbstractMessageConverterMethodProcessor.writeWithMessageConverters(AbstractMessageConverterMethodProcessor.java:297)
	at org.springframework.web.servlet.mvc.method.annotation.RequestResponseBodyMethodProcessor.handleReturnValue(RequestResponseBodyMethodProcessor.java:194)
	at org.springframework.web.method.support.HandlerMethodReturnValueHandlerComposite.handleReturnValue(HandlerMethodReturnValueHandlerComposite.java:78)
	at org.springframework.web.servlet.mvc.method.annotation.ServletInvocableHandlerMethod.invokeAndHandle(ServletInvocableHandlerMethod.java:136)
	at org.springframework.web.servlet.mvc.method.annotation.RequestMappingHandlerAdapter.invokeHandlerMethod(RequestMappingHandlerAdapter.java:884)
	at org.springframework.web.servlet.mvc.method.annotation.RequestMappingHandlerAdapter.handleInternal(RequestMappingHandlerAdapter.java:797)
	at org.springframework.web.servlet.mvc.method.AbstractHandlerMethodAdapter.handle(AbstractHandlerMethodAdapter.java:87)
	at org.springframework.web.servlet.DispatcherServlet.doDispatch(DispatcherServlet.java:1081)
	at org.springframework.web.servlet.DispatcherServlet.doService(DispatcherServlet.java:974)
	at org.springframework.web.servlet.FrameworkServlet.processRequest(FrameworkServlet.java:1011)
	at org.springframework.web.servlet.FrameworkServlet.doPost(FrameworkServlet.java:914)
	at jakarta.servlet.http.HttpServlet.service(HttpServlet.java:590)
	at org.springframework.web.servlet.FrameworkServlet.service(FrameworkServlet.java:885)
	at jakarta.servlet.http.HttpServlet.service(HttpServlet.java:658)
	at org.apache.catalina.core.ApplicationFilterChain.internalDoFilter(ApplicationFilterChain.java:205)
	at org.apache.catalina.core.ApplicationFilterChain.doFilter(ApplicationFilterChain.java:149)
	at org.apache.tomcat.websocket.server.WsFilter.doFilter(WsFilter.java:51)
	at org.apache.catalina.core.ApplicationFilterChain.internalDoFilter(ApplicationFilterChain.java:174)
	at org.apache.catalina.core.ApplicationFilterChain.doFilter(ApplicationFilterChain.java:149)
	at org.springframework.web.filter.RequestContextFilter.doFilterInternal(RequestContextFilter.java:100)
	at org.springframework.web.filter.OncePerRequestFilter.doFilter(OncePerRequestFilter.java:116)
	at org.apache.catalina.core.ApplicationFilterChain.internalDoFilter(ApplicationFilterChain.java:174)
	at org.apache.catalina.core.ApplicationFilterChain.doFilter(ApplicationFilterChain.java:149)
	at org.springframework.web.filter.FormContentFilter.doFilterInternal(FormContentFilter.java:93)
	at org.springframework.web.filter.OncePerRequestFilter.doFilter(OncePerRequestFilter.java:116)
	at org.apache.catalina.core.ApplicationFilterChain.internalDoFilter(ApplicationFilterChain.java:174)
	at org.apache.catalina.core.ApplicationFilterChain.doFilter(ApplicationFilterChain.java:149)
	at org.springframework.web.filter.CharacterEncodingFilter.doFilterInternal(CharacterEncodingFilter.java:201)
	at org.springframework.web.filter.OncePerRequestFilter.doFilter(OncePerRequestFilter.java:116)
	at org.apache.catalina.core.ApplicationFilterChain.internalDoFilter(ApplicationFilterChain.java:174)
	at org.apache.catalina.core.ApplicationFilterChain.doFilter(ApplicationFilterChain.java:149)
	at org.apache.catalina.core.StandardWrapperValve.invoke(StandardWrapperValve.java:167)
	at org.apache.catalina.core.StandardContextValve.invoke(StandardContextValve.java:90)
	at org.apache.catalina.authenticator.AuthenticatorBase.invoke(AuthenticatorBase.java:482)
	at org.apache.catalina.core.StandardHostValve.invoke(StandardHostValve.java:115)
	at org.apache.catalina.valves.ErrorReportValve.invoke(ErrorReportValve.java:93)
	at org.apache.catalina.core.StandardEngineValve.invoke(StandardEngineValve.java:74)
	at org.apache.catalina.connector.CoyoteAdapter.service(CoyoteAdapter.java:340)
	at org.apache.coyote.http11.Http11Processor.service(Http11Processor.java:391)
	at org.apache.coyote.AbstractProcessorLight.process(AbstractProcessorLight.java:63)
	at org.apache.coyote.AbstractProtocol$ConnectionHandler.process(AbstractProtocol.java:896)
	at org.apache.tomcat.util.net.NioEndpoint$SocketProcessor.doRun(NioEndpoint.java:1744)
	at org.apache.tomcat.util.net.SocketProcessorBase.run(SocketProcessorBase.java:52)
	at org.apache.tomcat.util.threads.ThreadPoolExecutor.runWorker(ThreadPoolExecutor.java:1191)
	at org.apache.tomcat.util.threads.ThreadPoolExecutor$Worker.run(ThreadPoolExecutor.java:659)
	at org.apache.tomcat.util.threads.TaskThread$WrappingRunnable.run(TaskThread.java:61)
	at java.base/java.lang.Thread.run(Thread.java:833)
	Suppressed: org.apache.catalina.connector.ClientAbortException: java.io.IOException: An established connection was aborted by the software in your host machine
		at org.apache.catalina.connector.OutputBuffer.realWriteBytes(OutputBuffer.java:344)
		at org.apache.catalina.connector.OutputBuffer.flushByteBuffer(OutputBuffer.java:773)
		at org.apache.catalina.connector.OutputBuffer.append(OutputBuffer.java:676)
		at org.apache.catalina.connector.OutputBuffer.writeBytes(OutputBuffer.java:379)
		at org.apache.catalina.connector.OutputBuffer.write(OutputBuffer.java:357)
		at org.apache.catalina.connector.CoyoteOutputStream.write(CoyoteOutputStream.java:97)
		at org.springframework.util.StreamUtils$NonClosingOutputStream.write(StreamUtils.java:267)
		at com.fasterxml.jackson.core.json.UTF8JsonGenerator._flushBuffer(UTF8JsonGenerator.java:2203)
		at com.fasterxml.jackson.core.json.UTF8JsonGenerator.close(UTF8JsonGenerator.java:1227)
		at org.springframework.http.converter.json.AbstractJackson2HttpMessageConverter.writeInternal(AbstractJackson2HttpMessageConverter.java:452)
		... 48 common frames omitted
	Caused by: java.io.IOException: An established connection was aborted by the software in your host machine
		at java.base/sun.nio.ch.SocketDispatcher.write0(Native Method)
		at java.base/sun.nio.ch.SocketDispatcher.write(SocketDispatcher.java:54)
		at java.base/sun.nio.ch.IOUtil.writeFromNativeBuffer(IOUtil.java:132)
		at java.base/sun.nio.ch.IOUtil.write(IOUtil.java:97)
		at java.base/sun.nio.ch.IOUtil.write(IOUtil.java:53)
		at java.base/sun.nio.ch.SocketChannelImpl.write(SocketChannelImpl.java:532)
		at org.apache.tomcat.util.net.NioChannel.write(NioChannel.java:118)
		at org.apache.tomcat.util.net.NioEndpoint$NioSocketWrapper.doWrite(NioEndpoint.java:1381)
		at org.apache.tomcat.util.net.SocketWrapperBase.doWrite(SocketWrapperBase.java:764)
		at org.apache.tomcat.util.net.SocketWrapperBase.writeBlocking(SocketWrapperBase.java:589)
		at org.apache.tomcat.util.net.SocketWrapperBase.write(SocketWrapperBase.java:533)
		at org.apache.coyote.http11.Http11OutputBuffer$SocketOutputBuffer.doWrite(Http11OutputBuffer.java:540)
		at org.apache.coyote.http11.filters.ChunkedOutputFilter.doWrite(ChunkedOutputFilter.java:110)
		at org.apache.coyote.http11.filters.GzipOutputFilter$FakeOutputStream.write(GzipOutputFilter.java:159)
		at java.base/java.util.zip.DeflaterOutputStream.deflate(DeflaterOutputStream.java:261)
		at java.base/java.util.zip.DeflaterOutputStream.write(DeflaterOutputStream.java:210)
		at java.base/java.util.zip.GZIPOutputStream.write(GZIPOutputStream.java:148)
		at org.apache.coyote.http11.filters.GzipOutputFilter.doWrite(GzipOutputFilter.java:69)
		at org.apache.coyote.http11.Http11OutputBuffer.doWrite(Http11OutputBuffer.java:193)
		at org.apache.coyote.Response.doWrite(Response.java:616)
		at org.apache.catalina.connector.OutputBuffer.realWriteBytes(OutputBuffer.java:331)
		... 57 common frames omitted
Caused by: java.io.IOException: An established connection was aborted by the software in your host machine
	at java.base/sun.nio.ch.SocketDispatcher.write0(Native Method)
	at java.base/sun.nio.ch.SocketDispatcher.write(SocketDispatcher.java:54)
	at java.base/sun.nio.ch.IOUtil.writeFromNativeBuffer(IOUtil.java:132)
	at java.base/sun.nio.ch.IOUtil.write(IOUtil.java:97)
	at java.base/sun.nio.ch.IOUtil.write(IOUtil.java:53)
	at java.base/sun.nio.ch.SocketChannelImpl.write(SocketChannelImpl.java:532)
	at org.apache.tomcat.util.net.NioChannel.write(NioChannel.java:118)
	at org.apache.tomcat.util.net.NioEndpoint$NioSocketWrapper.doWrite(NioEndpoint.java:1381)
	at org.apache.tomcat.util.net.SocketWrapperBase.doWrite(SocketWrapperBase.java:764)
	at org.apache.tomcat.util.net.SocketWrapperBase.writeBlocking(SocketWrapperBase.java:589)
	at org.apache.tomcat.util.net.SocketWrapperBase.write(SocketWrapperBase.java:533)
	at org.apache.coyote.http11.Http11OutputBuffer$SocketOutputBuffer.doWrite(Http11OutputBuffer.java:540)
	at org.apache.coyote.http11.filters.ChunkedOutputFilter.doWrite(ChunkedOutputFilter.java:112)
	at org.apache.coyote.http11.filters.GzipOutputFilter$FakeOutputStream.write(GzipOutputFilter.java:159)
	at java.base/java.util.zip.DeflaterOutputStream.deflate(DeflaterOutputStream.java:261)
	at java.base/java.util.zip.DeflaterOutputStream.write(DeflaterOutputStream.java:210)
	at java.base/java.util.zip.GZIPOutputStream.write(GZIPOutputStream.java:148)
	at org.apache.coyote.http11.filters.GzipOutputFilter.doWrite(GzipOutputFilter.java:69)
	at org.apache.coyote.http11.Http11OutputBuffer.doWrite(Http11OutputBuffer.java:193)
	at org.apache.coyote.Response.doWrite(Response.java:616)
	at org.apache.catalina.connector.OutputBuffer.realWriteBytes(OutputBuffer.java:331)
	... 69 common frames omitted
2026-09-11 01:43:51.821 [http-nio-8888-exec-1] WARN  o.s.w.s.m.m.a.ExceptionHandlerExceptionResolver - Failure in @ExceptionHandler config.commonConfig.GlobalExceptionConfig#handleGenericException(Exception)
org.apache.catalina.connector.ClientAbortException: java.io.IOException: An established connection was aborted by the software in your host machine
	at org.apache.catalina.connector.OutputBuffer.realWriteBytes(OutputBuffer.java:344)
	at org.apache.catalina.connector.OutputBuffer.flushByteBuffer(OutputBuffer.java:773)
	at org.apache.catalina.connector.OutputBuffer.append(OutputBuffer.java:676)
	at org.apache.catalina.connector.OutputBuffer.writeBytes(OutputBuffer.java:379)
	at org.apache.catalina.connector.OutputBuffer.write(OutputBuffer.java:357)
	at org.apache.catalina.connector.CoyoteOutputStream.write(CoyoteOutputStream.java:97)
	at org.springframework.util.StreamUtils$NonClosingOutputStream.write(StreamUtils.java:267)
	at com.fasterxml.jackson.core.json.UTF8JsonGenerator._flushBuffer(UTF8JsonGenerator.java:2203)
	at com.fasterxml.jackson.core.json.UTF8JsonGenerator.flush(UTF8JsonGenerator.java:1197)
	at com.fasterxml.jackson.databind.ObjectWriter.writeValue(ObjectWriter.java:1063)
	at org.springframework.http.converter.json.AbstractJackson2HttpMessageConverter.writeInternal(AbstractJackson2HttpMessageConverter.java:483)
	at org.springframework.http.converter.AbstractGenericHttpMessageConverter.write(AbstractGenericHttpMessageConverter.java:103)
	at org.springframework.web.servlet.mvc.method.annotation.AbstractMessageConverterMethodProcessor.writeWithMessageConverters(AbstractMessageConverterMethodProcessor.java:297)
	at org.springframework.web.servlet.mvc.method.annotation.HttpEntityMethodProcessor.handleReturnValue(HttpEntityMethodProcessor.java:245)
	at org.springframework.web.method.support.HandlerMethodReturnValueHandlerComposite.handleReturnValue(HandlerMethodReturnValueHandlerComposite.java:78)
	at org.springframework.web.servlet.mvc.method.annotation.ServletInvocableHandlerMethod.invokeAndHandle(ServletInvocableHandlerMethod.java:136)
	at org.springframework.web.servlet.mvc.method.annotation.ExceptionHandlerExceptionResolver.doResolveHandlerMethodException(ExceptionHandlerExceptionResolver.java:413)
	at org.springframework.web.servlet.handler.AbstractHandlerMethodExceptionResolver.doResolveException(AbstractHandlerMethodExceptionResolver.java:74)
	at org.springframework.web.servlet.handler.AbstractHandlerExceptionResolver.resolveException(AbstractHandlerExceptionResolver.java:141)
	at org.springframework.web.servlet.handler.HandlerExceptionResolverComposite.resolveException(HandlerExceptionResolverComposite.java:80)
	at org.springframework.web.servlet.DispatcherServlet.processHandlerException(DispatcherServlet.java:1341)
	at org.springframework.web.servlet.DispatcherServlet.processDispatchResult(DispatcherServlet.java:1152)
	at org.springframework.web.servlet.DispatcherServlet.doDispatch(DispatcherServlet.java:1098)
	at org.springframework.web.servlet.DispatcherServlet.doService(DispatcherServlet.java:974)
	at org.springframework.web.servlet.FrameworkServlet.processRequest(FrameworkServlet.java:1011)
	at org.springframework.web.servlet.FrameworkServlet.doPost(FrameworkServlet.java:914)
	at jakarta.servlet.http.HttpServlet.service(HttpServlet.java:590)
	at org.springframework.web.servlet.FrameworkServlet.service(FrameworkServlet.java:885)
	at jakarta.servlet.http.HttpServlet.service(HttpServlet.java:658)
	at org.apache.catalina.core.ApplicationFilterChain.internalDoFilter(ApplicationFilterChain.java:205)
	at org.apache.catalina.core.ApplicationFilterChain.doFilter(ApplicationFilterChain.java:149)
	at org.apache.tomcat.websocket.server.WsFilter.doFilter(WsFilter.java:51)
	at org.apache.catalina.core.ApplicationFilterChain.internalDoFilter(ApplicationFilterChain.java:174)
	at org.apache.catalina.core.ApplicationFilterChain.doFilter(ApplicationFilterChain.java:149)
	at org.springframework.web.filter.RequestContextFilter.doFilterInternal(RequestContextFilter.java:100)
	at org.springframework.web.filter.OncePerRequestFilter.doFilter(OncePerRequestFilter.java:116)
	at org.apache.catalina.core.ApplicationFilterChain.internalDoFilter(ApplicationFilterChain.java:174)
	at org.apache.catalina.core.ApplicationFilterChain.doFilter(ApplicationFilterChain.java:149)
	at org.springframework.web.filter.FormContentFilter.doFilterInternal(FormContentFilter.java:93)
	at org.springframework.web.filter.OncePerRequestFilter.doFilter(OncePerRequestFilter.java:116)
	at org.apache.catalina.core.ApplicationFilterChain.internalDoFilter(ApplicationFilterChain.java:174)
	at org.apache.catalina.core.ApplicationFilterChain.doFilter(ApplicationFilterChain.java:149)
	at org.springframework.web.filter.CharacterEncodingFilter.doFilterInternal(CharacterEncodingFilter.java:201)
	at org.springframework.web.filter.OncePerRequestFilter.doFilter(OncePerRequestFilter.java:116)
	at org.apache.catalina.core.ApplicationFilterChain.internalDoFilter(ApplicationFilterChain.java:174)
	at org.apache.catalina.core.ApplicationFilterChain.doFilter(ApplicationFilterChain.java:149)
	at org.apache.catalina.core.StandardWrapperValve.invoke(StandardWrapperValve.java:167)
	at org.apache.catalina.core.StandardContextValve.invoke(StandardContextValve.java:90)
	at org.apache.catalina.authenticator.AuthenticatorBase.invoke(AuthenticatorBase.java:482)
	at org.apache.catalina.core.StandardHostValve.invoke(StandardHostValve.java:115)
	at org.apache.catalina.valves.ErrorReportValve.invoke(ErrorReportValve.java:93)
	at org.apache.catalina.core.StandardEngineValve.invoke(StandardEngineValve.java:74)
	at org.apache.catalina.connector.CoyoteAdapter.service(CoyoteAdapter.java:340)
	at org.apache.coyote.http11.Http11Processor.service(Http11Processor.java:391)
	at org.apache.coyote.AbstractProcessorLight.process(AbstractProcessorLight.java:63)
	at org.apache.coyote.AbstractProtocol$ConnectionHandler.process(AbstractProtocol.java:896)
	at org.apache.tomcat.util.net.NioEndpoint$SocketProcessor.doRun(NioEndpoint.java:1744)
	at org.apache.tomcat.util.net.SocketProcessorBase.run(SocketProcessorBase.java:52)
	at org.apache.tomcat.util.threads.ThreadPoolExecutor.runWorker(ThreadPoolExecutor.java:1191)
	at org.apache.tomcat.util.threads.ThreadPoolExecutor$Worker.run(ThreadPoolExecutor.java:659)
	at org.apache.tomcat.util.threads.TaskThread$WrappingRunnable.run(TaskThread.java:61)
	at java.base/java.lang.Thread.run(Thread.java:833)
Caused by: java.io.IOException: An established connection was aborted by the software in your host machine
	at java.base/sun.nio.ch.SocketDispatcher.write0(Native Method)
	at java.base/sun.nio.ch.SocketDispatcher.write(SocketDispatcher.java:54)
	at java.base/sun.nio.ch.IOUtil.writeFromNativeBuffer(IOUtil.java:132)
	at java.base/sun.nio.ch.IOUtil.write(IOUtil.java:97)
	at java.base/sun.nio.ch.IOUtil.write(IOUtil.java:53)
	at java.base/sun.nio.ch.SocketChannelImpl.write(SocketChannelImpl.java:532)
	at org.apache.tomcat.util.net.NioChannel.write(NioChannel.java:118)
	at org.apache.tomcat.util.net.NioEndpoint$NioSocketWrapper.doWrite(NioEndpoint.java:1381)
	at org.apache.tomcat.util.net.SocketWrapperBase.doWrite(SocketWrapperBase.java:764)
	at org.apache.tomcat.util.net.SocketWrapperBase.writeBlocking(SocketWrapperBase.java:589)
	at org.apache.tomcat.util.net.SocketWrapperBase.write(SocketWrapperBase.java:533)
	at org.apache.coyote.http11.Http11OutputBuffer$SocketOutputBuffer.doWrite(Http11OutputBuffer.java:540)
	at org.apache.coyote.http11.filters.ChunkedOutputFilter.doWrite(ChunkedOutputFilter.java:110)
	at org.apache.coyote.http11.filters.GzipOutputFilter$FakeOutputStream.write(GzipOutputFilter.java:159)
	at java.base/java.util.zip.DeflaterOutputStream.deflate(DeflaterOutputStream.java:261)
	at java.base/java.util.zip.DeflaterOutputStream.write(DeflaterOutputStream.java:210)
	at java.base/java.util.zip.GZIPOutputStream.write(GZIPOutputStream.java:148)
	at org.apache.coyote.http11.filters.GzipOutputFilter.doWrite(GzipOutputFilter.java:69)
	at org.apache.coyote.http11.Http11OutputBuffer.doWrite(Http11OutputBuffer.java:193)
	at org.apache.coyote.Response.doWrite(Response.java:616)
	at org.apache.catalina.connector.OutputBuffer.realWriteBytes(OutputBuffer.java:331)
	... 61 common frames omitted
2026-09-11 01:43:51.821 [http-nio-8888-exec-1] INFO  c.c.i.HttpLoggingInterceptor - === RESPONSE START ===
2026-09-11 01:43:51.821 [http-nio-8888-exec-1] INFO  c.c.i.HttpLoggingInterceptor - Status: 401 | Duration: 84168ms
2026-09-11 01:43:51.821 [http-nio-8888-exec-1] INFO  c.c.i.HttpLoggingInterceptor - Content-Type: application/json
2026-09-11 01:43:51.821 [http-nio-8888-exec-1] INFO  c.c.i.HttpLoggingInterceptor - === RESPONSE END ===
2026-09-11 01:43:51.821 [http-nio-8888-exec-1] ERROR c.c.i.HttpLoggingInterceptor - Request failed: 
org.apache.catalina.connector.ClientAbortException: java.io.IOException: An established connection was aborted by the software in your host machine
	at org.apache.catalina.connector.OutputBuffer.realWriteBytes(OutputBuffer.java:344)
	at org.apache.catalina.connector.OutputBuffer.flushByteBuffer(OutputBuffer.java:773)
	at org.apache.catalina.connector.OutputBuffer.append(OutputBuffer.java:676)
	at org.apache.catalina.connector.OutputBuffer.writeBytes(OutputBuffer.java:379)
	at org.apache.catalina.connector.OutputBuffer.write(OutputBuffer.java:357)
	at org.apache.catalina.connector.CoyoteOutputStream.write(CoyoteOutputStream.java:97)
	at org.springframework.util.StreamUtils$NonClosingOutputStream.write(StreamUtils.java:267)
	at com.fasterxml.jackson.core.json.UTF8JsonGenerator._flushBuffer(UTF8JsonGenerator.java:2203)
	at com.fasterxml.jackson.core.json.UTF8JsonGenerator._writeStringSegments(UTF8JsonGenerator.java:1343)
	at com.fasterxml.jackson.core.json.UTF8JsonGenerator.writeString(UTF8JsonGenerator.java:517)
	at com.fasterxml.jackson.databind.ser.std.StringSerializer.serialize(StringSerializer.java:41)
	at com.fasterxml.jackson.databind.ser.BeanPropertyWriter.serializeAsField(BeanPropertyWriter.java:732)
	at com.fasterxml.jackson.databind.ser.std.BeanSerializerBase.serializeFields(BeanSerializerBase.java:772)
	at com.fasterxml.jackson.databind.ser.BeanSerializer.serialize(BeanSerializer.java:178)
	at com.fasterxml.jackson.databind.ser.BeanPropertyWriter.serializeAsField(BeanPropertyWriter.java:732)
	at com.fasterxml.jackson.databind.ser.std.BeanSerializerBase.serializeFields(BeanSerializerBase.java:772)
	at com.fasterxml.jackson.databind.ser.BeanSerializer.serialize(BeanSerializer.java:178)
	at com.fasterxml.jackson.databind.ser.DefaultSerializerProvider._serialize(DefaultSerializerProvider.java:479)
	at com.fasterxml.jackson.databind.ser.DefaultSerializerProvider.serializeValue(DefaultSerializerProvider.java:318)
	at com.fasterxml.jackson.databind.ObjectWriter$Prefetch.serialize(ObjectWriter.java:1572)
	at com.fasterxml.jackson.databind.ObjectWriter.writeValue(ObjectWriter.java:1061)
	at org.springframework.http.converter.json.AbstractJackson2HttpMessageConverter.writeInternal(AbstractJackson2HttpMessageConverter.java:483)
	at org.springframework.http.converter.AbstractGenericHttpMessageConverter.write(AbstractGenericHttpMessageConverter.java:103)
	at org.springframework.web.servlet.mvc.method.annotation.AbstractMessageConverterMethodProcessor.writeWithMessageConverters(AbstractMessageConverterMethodProcessor.java:297)
	at org.springframework.web.servlet.mvc.method.annotation.RequestResponseBodyMethodProcessor.handleReturnValue(RequestResponseBodyMethodProcessor.java:194)
	at org.springframework.web.method.support.HandlerMethodReturnValueHandlerComposite.handleReturnValue(HandlerMethodReturnValueHandlerComposite.java:78)
	at org.springframework.web.servlet.mvc.method.annotation.ServletInvocableHandlerMethod.invokeAndHandle(ServletInvocableHandlerMethod.java:136)
	at org.springframework.web.servlet.mvc.method.annotation.RequestMappingHandlerAdapter.invokeHandlerMethod(RequestMappingHandlerAdapter.java:884)
	at org.springframework.web.servlet.mvc.method.annotation.RequestMappingHandlerAdapter.handleInternal(RequestMappingHandlerAdapter.java:797)
	at org.springframework.web.servlet.mvc.method.AbstractHandlerMethodAdapter.handle(AbstractHandlerMethodAdapter.java:87)
	at org.springframework.web.servlet.DispatcherServlet.doDispatch(DispatcherServlet.java:1081)
	at org.springframework.web.servlet.DispatcherServlet.doService(DispatcherServlet.java:974)
	at org.springframework.web.servlet.FrameworkServlet.processRequest(FrameworkServlet.java:1011)
	at org.springframework.web.servlet.FrameworkServlet.doPost(FrameworkServlet.java:914)
	at jakarta.servlet.http.HttpServlet.service(HttpServlet.java:590)
	at org.springframework.web.servlet.FrameworkServlet.service(FrameworkServlet.java:885)
	at jakarta.servlet.http.HttpServlet.service(HttpServlet.java:658)
	at org.apache.catalina.core.ApplicationFilterChain.internalDoFilter(ApplicationFilterChain.java:205)
	at org.apache.catalina.core.ApplicationFilterChain.doFilter(ApplicationFilterChain.java:149)
	at org.apache.tomcat.websocket.server.WsFilter.doFilter(WsFilter.java:51)
	at org.apache.catalina.core.ApplicationFilterChain.internalDoFilter(ApplicationFilterChain.java:174)
	at org.apache.catalina.core.ApplicationFilterChain.doFilter(ApplicationFilterChain.java:149)
	at org.springframework.web.filter.RequestContextFilter.doFilterInternal(RequestContextFilter.java:100)
	at org.springframework.web.filter.OncePerRequestFilter.doFilter(OncePerRequestFilter.java:116)
	at org.apache.catalina.core.ApplicationFilterChain.internalDoFilter(ApplicationFilterChain.java:174)
	at org.apache.catalina.core.ApplicationFilterChain.doFilter(ApplicationFilterChain.java:149)
	at org.springframework.web.filter.FormContentFilter.doFilterInternal(FormContentFilter.java:93)
	at org.springframework.web.filter.OncePerRequestFilter.doFilter(OncePerRequestFilter.java:116)
	at org.apache.catalina.core.ApplicationFilterChain.internalDoFilter(ApplicationFilterChain.java:174)
	at org.apache.catalina.core.ApplicationFilterChain.doFilter(ApplicationFilterChain.java:149)
	at org.springframework.web.filter.CharacterEncodingFilter.doFilterInternal(CharacterEncodingFilter.java:201)
	at org.springframework.web.filter.OncePerRequestFilter.doFilter(OncePerRequestFilter.java:116)
	at org.apache.catalina.core.ApplicationFilterChain.internalDoFilter(ApplicationFilterChain.java:174)
	at org.apache.catalina.core.ApplicationFilterChain.doFilter(ApplicationFilterChain.java:149)
	at org.apache.catalina.core.StandardWrapperValve.invoke(StandardWrapperValve.java:167)
	at org.apache.catalina.core.StandardContextValve.invoke(StandardContextValve.java:90)
	at org.apache.catalina.authenticator.AuthenticatorBase.invoke(AuthenticatorBase.java:482)
	at org.apache.catalina.core.StandardHostValve.invoke(StandardHostValve.java:115)
	at org.apache.catalina.valves.ErrorReportValve.invoke(ErrorReportValve.java:93)
	at org.apache.catalina.core.StandardEngineValve.invoke(StandardEngineValve.java:74)
	at org.apache.catalina.connector.CoyoteAdapter.service(CoyoteAdapter.java:340)
	at org.apache.coyote.http11.Http11Processor.service(Http11Processor.java:391)
	at org.apache.coyote.AbstractProcessorLight.process(AbstractProcessorLight.java:63)
	at org.apache.coyote.AbstractProtocol$ConnectionHandler.process(AbstractProtocol.java:896)
	at org.apache.tomcat.util.net.NioEndpoint$SocketProcessor.doRun(NioEndpoint.java:1744)
	at org.apache.tomcat.util.net.SocketProcessorBase.run(SocketProcessorBase.java:52)
	at org.apache.tomcat.util.threads.ThreadPoolExecutor.runWorker(ThreadPoolExecutor.java:1191)
	at org.apache.tomcat.util.threads.ThreadPoolExecutor$Worker.run(ThreadPoolExecutor.java:659)
	at org.apache.tomcat.util.threads.TaskThread$WrappingRunnable.run(TaskThread.java:61)
	at java.base/java.lang.Thread.run(Thread.java:833)
	Suppressed: org.apache.catalina.connector.ClientAbortException: java.io.IOException: An established connection was aborted by the software in your host machine
		at org.apache.catalina.connector.OutputBuffer.realWriteBytes(OutputBuffer.java:344)
		at org.apache.catalina.connector.OutputBuffer.flushByteBuffer(OutputBuffer.java:773)
		at org.apache.catalina.connector.OutputBuffer.append(OutputBuffer.java:676)
		at org.apache.catalina.connector.OutputBuffer.writeBytes(OutputBuffer.java:379)
		at org.apache.catalina.connector.OutputBuffer.write(OutputBuffer.java:357)
		at org.apache.catalina.connector.CoyoteOutputStream.write(CoyoteOutputStream.java:97)
		at org.springframework.util.StreamUtils$NonClosingOutputStream.write(StreamUtils.java:267)
		at com.fasterxml.jackson.core.json.UTF8JsonGenerator._flushBuffer(UTF8JsonGenerator.java:2203)
		at com.fasterxml.jackson.core.json.UTF8JsonGenerator.close(UTF8JsonGenerator.java:1227)
		at org.springframework.http.converter.json.AbstractJackson2HttpMessageConverter.writeInternal(AbstractJackson2HttpMessageConverter.java:452)
		... 48 common frames omitted
	Caused by: java.io.IOException: An established connection was aborted by the software in your host machine
		at java.base/sun.nio.ch.SocketDispatcher.write0(Native Method)
		at java.base/sun.nio.ch.SocketDispatcher.write(SocketDispatcher.java:54)
		at java.base/sun.nio.ch.IOUtil.writeFromNativeBuffer(IOUtil.java:132)
		at java.base/sun.nio.ch.IOUtil.write(IOUtil.java:97)
		at java.base/sun.nio.ch.IOUtil.write(IOUtil.java:53)
		at java.base/sun.nio.ch.SocketChannelImpl.write(SocketChannelImpl.java:532)
		at org.apache.tomcat.util.net.NioChannel.write(NioChannel.java:118)
		at org.apache.tomcat.util.net.NioEndpoint$NioSocketWrapper.doWrite(NioEndpoint.java:1381)
		at org.apache.tomcat.util.net.SocketWrapperBase.doWrite(SocketWrapperBase.java:764)
		at org.apache.tomcat.util.net.SocketWrapperBase.writeBlocking(SocketWrapperBase.java:589)
		at org.apache.tomcat.util.net.SocketWrapperBase.write(SocketWrapperBase.java:533)
		at org.apache.coyote.http11.Http11OutputBuffer$SocketOutputBuffer.doWrite(Http11OutputBuffer.java:540)
		at org.apache.coyote.http11.filters.ChunkedOutputFilter.doWrite(ChunkedOutputFilter.java:110)
		at org.apache.coyote.http11.filters.GzipOutputFilter$FakeOutputStream.write(GzipOutputFilter.java:159)
		at java.base/java.util.zip.DeflaterOutputStream.deflate(DeflaterOutputStream.java:261)
		at java.base/java.util.zip.DeflaterOutputStream.write(DeflaterOutputStream.java:210)
		at java.base/java.util.zip.GZIPOutputStream.write(GZIPOutputStream.java:148)
		at org.apache.coyote.http11.filters.GzipOutputFilter.doWrite(GzipOutputFilter.java:69)
		at org.apache.coyote.http11.Http11OutputBuffer.doWrite(Http11OutputBuffer.java:193)
		at org.apache.coyote.Response.doWrite(Response.java:616)
		at org.apache.catalina.connector.OutputBuffer.realWriteBytes(OutputBuffer.java:331)
		... 57 common frames omitted
Caused by: java.io.IOException: An established connection was aborted by the software in your host machine
	at java.base/sun.nio.ch.SocketDispatcher.write0(Native Method)
	at java.base/sun.nio.ch.SocketDispatcher.write(SocketDispatcher.java:54)
	at java.base/sun.nio.ch.IOUtil.writeFromNativeBuffer(IOUtil.java:132)
	at java.base/sun.nio.ch.IOUtil.write(IOUtil.java:97)
	at java.base/sun.nio.ch.IOUtil.write(IOUtil.java:53)
	at java.base/sun.nio.ch.SocketChannelImpl.write(SocketChannelImpl.java:532)
	at org.apache.tomcat.util.net.NioChannel.write(NioChannel.java:118)
	at org.apache.tomcat.util.net.NioEndpoint$NioSocketWrapper.doWrite(NioEndpoint.java:1381)
	at org.apache.tomcat.util.net.SocketWrapperBase.doWrite(SocketWrapperBase.java:764)
	at org.apache.tomcat.util.net.SocketWrapperBase.writeBlocking(SocketWrapperBase.java:589)
	at org.apache.tomcat.util.net.SocketWrapperBase.write(SocketWrapperBase.java:533)
	at org.apache.coyote.http11.Http11OutputBuffer$SocketOutputBuffer.doWrite(Http11OutputBuffer.java:540)
	at org.apache.coyote.http11.filters.ChunkedOutputFilter.doWrite(ChunkedOutputFilter.java:112)
	at org.apache.coyote.http11.filters.GzipOutputFilter$FakeOutputStream.write(GzipOutputFilter.java:159)
	at java.base/java.util.zip.DeflaterOutputStream.deflate(DeflaterOutputStream.java:261)
	at java.base/java.util.zip.DeflaterOutputStream.write(DeflaterOutputStream.java:210)
	at java.base/java.util.zip.GZIPOutputStream.write(GZIPOutputStream.java:148)
	at org.apache.coyote.http11.filters.GzipOutputFilter.doWrite(GzipOutputFilter.java:69)
	at org.apache.coyote.http11.Http11OutputBuffer.doWrite(Http11OutputBuffer.java:193)
	at org.apache.coyote.Response.doWrite(Response.java:616)
	at org.apache.catalina.connector.OutputBuffer.realWriteBytes(OutputBuffer.java:331)
	... 69 common frames omitted
2026-09-11 01:45:24.474 [main] INFO  config.SpringCrudApplication - Starting SpringCrudApplication using Java 17.0.5 with PID 11312 (B:\projects\SpringBoot\LearnSpringBoot-main\target\classes started by murug in B:\projects\SpringBoot\LearnSpringBoot-main)
2026-09-11 01:45:24.477 [main] DEBUG config.SpringCrudApplication - Running with Spring Boot v3.1.5, Spring v6.0.13
2026-09-11 01:45:24.478 [main] INFO  config.SpringCrudApplication - The following 1 profile is active: "dev"
2026-09-11 01:45:25.412 [main] INFO  o.s.d.r.c.RepositoryConfigurationDelegate - Bootstrapping Spring Data JPA repositories in DEFAULT mode.
2026-09-11 01:45:25.639 [main] INFO  o.s.d.r.c.RepositoryConfigurationDelegate - Finished Spring Data repository scanning in 216 ms. Found 7 JPA repository interfaces.
2026-09-11 01:45:26.285 [main] INFO  o.s.b.w.e.tomcat.TomcatWebServer - Tomcat initialized with port(s): 8888 (http)
2026-09-11 01:45:26.296 [main] INFO  o.a.coyote.http11.Http11NioProtocol - Initializing ProtocolHandler ["http-nio-8888"]
2026-09-11 01:45:26.298 [main] INFO  o.a.catalina.core.StandardService - Starting service [Tomcat]
2026-09-11 01:45:26.298 [main] INFO  o.a.catalina.core.StandardEngine - Starting Servlet engine: [Apache Tomcat/10.1.15]
2026-09-11 01:45:26.451 [main] INFO  o.a.c.c.C.[Tomcat].[localhost].[/] - Initializing Spring embedded WebApplicationContext
2026-09-11 01:45:26.452 [main] INFO  o.s.b.w.s.c.ServletWebServerApplicationContext - Root WebApplicationContext: initialization completed in 1914 ms
2026-09-11 01:45:26.951 [main] INFO  o.s.o.j.p.SpringPersistenceUnitInfo - No LoadTimeWeaver setup: ignoring JPA class transformer
2026-09-11 01:45:26.979 [main] INFO  com.zaxxer.hikari.HikariDataSource - HikariPool-1 - Starting...
2026-09-11 01:45:27.298 [main] INFO  com.zaxxer.hikari.pool.HikariPool - HikariPool-1 - Added connection ConnectionID:1 ClientConnectionId: 12a471e9-e548-407e-ae0b-379915205c18
2026-09-11 01:45:27.305 [main] INFO  com.zaxxer.hikari.HikariDataSource - HikariPool-1 - Start completed.
2026-09-11 01:45:27.344 [main] WARN  org.hibernate.orm.deprecation - HHH90000025: SQLServerDialect does not need to be specified explicitly using 'hibernate.dialect' (remove the property setting and it will be selected by default)
2026-09-11 01:45:29.185 [main] WARN  o.h.t.s.i.ExceptionHandlerLoggedImpl - GenerationTarget encountered exception accepting command : Error executing DDL "
    create table ClientDocuments (
        fileId bigint identity not null,
        fileName varchar(255),
        filePath varchar(255),
        fileSize varchar(255),
        fileType varchar(255),
        uploadedBy varchar(255),
        uploadedDate date,
        userAccountId bigint not null,
        primary key (fileId)
    )" via JDBC [There is already an object named 'ClientDocuments' in the database.]
org.hibernate.tool.schema.spi.CommandAcceptanceException: Error executing DDL "
    create table ClientDocuments (
        fileId bigint identity not null,
        fileName varchar(255),
        filePath varchar(255),
        fileSize varchar(255),
        fileType varchar(255),
        uploadedBy varchar(255),
        uploadedDate date,
        userAccountId bigint not null,
        primary key (fileId)
    )" via JDBC [There is already an object named 'ClientDocuments' in the database.]
	at org.hibernate.tool.schema.internal.exec.GenerationTargetToDatabase.accept(GenerationTargetToDatabase.java:94)
	at org.hibernate.tool.schema.internal.AbstractSchemaMigrator.applySqlString(AbstractSchemaMigrator.java:574)
	at org.hibernate.tool.schema.internal.AbstractSchemaMigrator.applySqlStrings(AbstractSchemaMigrator.java:514)
	at org.hibernate.tool.schema.internal.AbstractSchemaMigrator.createTable(AbstractSchemaMigrator.java:315)
	at org.hibernate.tool.schema.internal.GroupedSchemaMigratorImpl.performTablesMigration(GroupedSchemaMigratorImpl.java:80)
	at org.hibernate.tool.schema.internal.AbstractSchemaMigrator.performMigration(AbstractSchemaMigrator.java:232)
	at org.hibernate.tool.schema.internal.AbstractSchemaMigrator.doMigration(AbstractSchemaMigrator.java:117)
	at org.hibernate.tool.schema.spi.SchemaManagementToolCoordinator.performDatabaseAction(SchemaManagementToolCoordinator.java:284)
	at org.hibernate.tool.schema.spi.SchemaManagementToolCoordinator.lambda$process$5(SchemaManagementToolCoordinator.java:143)
	at java.base/java.util.HashMap.forEach(HashMap.java:1421)
	at org.hibernate.tool.schema.spi.SchemaManagementToolCoordinator.process(SchemaManagementToolCoordinator.java:140)
	at org.hibernate.boot.internal.SessionFactoryObserverForSchemaExport.sessionFactoryCreated(SessionFactoryObserverForSchemaExport.java:37)
	at org.hibernate.internal.SessionFactoryObserverChain.sessionFactoryCreated(SessionFactoryObserverChain.java:35)
	at org.hibernate.internal.SessionFactoryImpl.<init>(SessionFactoryImpl.java:293)
	at org.hibernate.boot.internal.SessionFactoryBuilderImpl.build(SessionFactoryBuilderImpl.java:444)
	at org.hibernate.jpa.boot.internal.EntityManagerFactoryBuilderImpl.build(EntityManagerFactoryBuilderImpl.java:1458)
	at org.springframework.orm.jpa.vendor.SpringHibernateJpaPersistenceProvider.createContainerEntityManagerFactory(SpringHibernateJpaPersistenceProvider.java:75)
	at org.springframework.orm.jpa.LocalContainerEntityManagerFactoryBean.createNativeEntityManagerFactory(LocalContainerEntityManagerFactoryBean.java:376)
	at org.springframework.orm.jpa.AbstractEntityManagerFactoryBean.buildNativeEntityManagerFactory(AbstractEntityManagerFactoryBean.java:409)
	at org.springframework.orm.jpa.AbstractEntityManagerFactoryBean.afterPropertiesSet(AbstractEntityManagerFactoryBean.java:396)
	at org.springframework.orm.jpa.LocalContainerEntityManagerFactoryBean.afterPropertiesSet(LocalContainerEntityManagerFactoryBean.java:352)
	at org.springframework.beans.factory.support.AbstractAutowireCapableBeanFactory.invokeInitMethods(AbstractAutowireCapableBeanFactory.java:1817)
	at org.springframework.beans.factory.support.AbstractAutowireCapableBeanFactory.initializeBean(AbstractAutowireCapableBeanFactory.java:1766)
	at org.springframework.beans.factory.support.AbstractAutowireCapableBeanFactory.doCreateBean(AbstractAutowireCapableBeanFactory.java:598)
	at org.springframework.beans.factory.support.AbstractAutowireCapableBeanFactory.createBean(AbstractAutowireCapableBeanFactory.java:520)
	at org.springframework.beans.factory.support.AbstractBeanFactory.lambda$doGetBean$0(AbstractBeanFactory.java:325)
	at org.springframework.beans.factory.support.DefaultSingletonBeanRegistry.getSingleton(DefaultSingletonBeanRegistry.java:234)
	at org.springframework.beans.factory.support.AbstractBeanFactory.doGetBean(AbstractBeanFactory.java:323)
	at org.springframework.beans.factory.support.AbstractBeanFactory.getBean(AbstractBeanFactory.java:199)
	at org.springframework.context.support.AbstractApplicationContext.getBean(AbstractApplicationContext.java:1166)
	at org.springframework.context.support.AbstractApplicationContext.finishBeanFactoryInitialization(AbstractApplicationContext.java:940)
	at org.springframework.context.support.AbstractApplicationContext.refresh(AbstractApplicationContext.java:616)
	at org.springframework.boot.web.servlet.context.ServletWebServerApplicationContext.refresh(ServletWebServerApplicationContext.java:146)
	at org.springframework.boot.SpringApplication.refresh(SpringApplication.java:738)
	at org.springframework.boot.SpringApplication.refreshContext(SpringApplication.java:440)
	at org.springframework.boot.SpringApplication.run(SpringApplication.java:316)
	at org.springframework.boot.SpringApplication.run(SpringApplication.java:1306)
	at org.springframework.boot.SpringApplication.run(SpringApplication.java:1295)
	at config.SpringCrudApplication.main(SpringCrudApplication.java:21)
Caused by: com.microsoft.sqlserver.jdbc.SQLServerException: There is already an object named 'ClientDocuments' in the database.
	at com.microsoft.sqlserver.jdbc.SQLServerException.makeFromDatabaseError(SQLServerException.java:265)
	at com.microsoft.sqlserver.jdbc.SQLServerStatement.getNextResult(SQLServerStatement.java:1676)
	at com.microsoft.sqlserver.jdbc.SQLServerStatement.doExecuteStatement(SQLServerStatement.java:907)
	at com.microsoft.sqlserver.jdbc.SQLServerStatement$StmtExecCmd.doExecute(SQLServerStatement.java:802)
	at com.microsoft.sqlserver.jdbc.TDSCommand.execute(IOBuffer.java:7620)
	at com.microsoft.sqlserver.jdbc.SQLServerConnection.executeCommand(SQLServerConnection.java:3916)
	at com.microsoft.sqlserver.jdbc.SQLServerStatement.executeCommand(SQLServerStatement.java:268)
	at com.microsoft.sqlserver.jdbc.SQLServerStatement.executeStatement(SQLServerStatement.java:242)
	at com.microsoft.sqlserver.jdbc.SQLServerStatement.execute(SQLServerStatement.java:775)
	at com.zaxxer.hikari.pool.ProxyStatement.execute(ProxyStatement.java:94)
	at com.zaxxer.hikari.pool.HikariProxyStatement.execute(HikariProxyStatement.java)
	at org.hibernate.tool.schema.internal.exec.GenerationTargetToDatabase.accept(GenerationTargetToDatabase.java:80)
	... 38 common frames omitted
2026-09-11 01:45:29.190 [main] WARN  o.h.t.s.i.ExceptionHandlerLoggedImpl - GenerationTarget encountered exception accepting command : Error executing DDL "
    create table CustomerList (
        customerId bigint identity not null,
        endDate date,
        firstName varchar(255),
        gender varchar(255),
        lastName varchar(255),
        loanAmount bigint,
        loanType varchar(255),
        mobileNumber bigint,
        startDate date,
        totalPaid bigint,
        totalPayable bigint,
        userAccountId bigint,
        primary key (customerId)
    )" via JDBC [There is already an object named 'CustomerList' in the database.]
org.hibernate.tool.schema.spi.CommandAcceptanceException: Error executing DDL "
    create table CustomerList (
        customerId bigint identity not null,
        endDate date,
        firstName varchar(255),
        gender varchar(255),
        lastName varchar(255),
        loanAmount bigint,
        loanType varchar(255),
        mobileNumber bigint,
        startDate date,
        totalPaid bigint,
        totalPayable bigint,
        userAccountId bigint,
        primary key (customerId)
    )" via JDBC [There is already an object named 'CustomerList' in the database.]
	at org.hibernate.tool.schema.internal.exec.GenerationTargetToDatabase.accept(GenerationTargetToDatabase.java:94)
	at org.hibernate.tool.schema.internal.AbstractSchemaMigrator.applySqlString(AbstractSchemaMigrator.java:574)
	at org.hibernate.tool.schema.internal.AbstractSchemaMigrator.applySqlStrings(AbstractSchemaMigrator.java:514)
	at org.hibernate.tool.schema.internal.AbstractSchemaMigrator.createTable(AbstractSchemaMigrator.java:315)
	at org.hibernate.tool.schema.internal.GroupedSchemaMigratorImpl.performTablesMigration(GroupedSchemaMigratorImpl.java:80)
	at org.hibernate.tool.schema.internal.AbstractSchemaMigrator.performMigration(AbstractSchemaMigrator.java:232)
	at org.hibernate.tool.schema.internal.AbstractSchemaMigrator.doMigration(AbstractSchemaMigrator.java:117)
	at org.hibernate.tool.schema.spi.SchemaManagementToolCoordinator.performDatabaseAction(SchemaManagementToolCoordinator.java:284)
	at org.hibernate.tool.schema.spi.SchemaManagementToolCoordinator.lambda$process$5(SchemaManagementToolCoordinator.java:143)
	at java.base/java.util.HashMap.forEach(HashMap.java:1421)
	at org.hibernate.tool.schema.spi.SchemaManagementToolCoordinator.process(SchemaManagementToolCoordinator.java:140)
	at org.hibernate.boot.internal.SessionFactoryObserverForSchemaExport.sessionFactoryCreated(SessionFactoryObserverForSchemaExport.java:37)
	at org.hibernate.internal.SessionFactoryObserverChain.sessionFactoryCreated(SessionFactoryObserverChain.java:35)
	at org.hibernate.internal.SessionFactoryImpl.<init>(SessionFactoryImpl.java:293)
	at org.hibernate.boot.internal.SessionFactoryBuilderImpl.build(SessionFactoryBuilderImpl.java:444)
	at org.hibernate.jpa.boot.internal.EntityManagerFactoryBuilderImpl.build(EntityManagerFactoryBuilderImpl.java:1458)
	at org.springframework.orm.jpa.vendor.SpringHibernateJpaPersistenceProvider.createContainerEntityManagerFactory(SpringHibernateJpaPersistenceProvider.java:75)
	at org.springframework.orm.jpa.LocalContainerEntityManagerFactoryBean.createNativeEntityManagerFactory(LocalContainerEntityManagerFactoryBean.java:376)
	at org.springframework.orm.jpa.AbstractEntityManagerFactoryBean.buildNativeEntityManagerFactory(AbstractEntityManagerFactoryBean.java:409)
	at org.springframework.orm.jpa.AbstractEntityManagerFactoryBean.afterPropertiesSet(AbstractEntityManagerFactoryBean.java:396)
	at org.springframework.orm.jpa.LocalContainerEntityManagerFactoryBean.afterPropertiesSet(LocalContainerEntityManagerFactoryBean.java:352)
	at org.springframework.beans.factory.support.AbstractAutowireCapableBeanFactory.invokeInitMethods(AbstractAutowireCapableBeanFactory.java:1817)
	at org.springframework.beans.factory.support.AbstractAutowireCapableBeanFactory.initializeBean(AbstractAutowireCapableBeanFactory.java:1766)
	at org.springframework.beans.factory.support.AbstractAutowireCapableBeanFactory.doCreateBean(AbstractAutowireCapableBeanFactory.java:598)
	at org.springframework.beans.factory.support.AbstractAutowireCapableBeanFactory.createBean(AbstractAutowireCapableBeanFactory.java:520)
	at org.springframework.beans.factory.support.AbstractBeanFactory.lambda$doGetBean$0(AbstractBeanFactory.java:325)
	at org.springframework.beans.factory.support.DefaultSingletonBeanRegistry.getSingleton(DefaultSingletonBeanRegistry.java:234)
	at org.springframework.beans.factory.support.AbstractBeanFactory.doGetBean(AbstractBeanFactory.java:323)
	at org.springframework.beans.factory.support.AbstractBeanFactory.getBean(AbstractBeanFactory.java:199)
	at org.springframework.context.support.AbstractApplicationContext.getBean(AbstractApplicationContext.java:1166)
	at org.springframework.context.support.AbstractApplicationContext.finishBeanFactoryInitialization(AbstractApplicationContext.java:940)
	at org.springframework.context.support.AbstractApplicationContext.refresh(AbstractApplicationContext.java:616)
	at org.springframework.boot.web.servlet.context.ServletWebServerApplicationContext.refresh(ServletWebServerApplicationContext.java:146)
	at org.springframework.boot.SpringApplication.refresh(SpringApplication.java:738)
	at org.springframework.boot.SpringApplication.refreshContext(SpringApplication.java:440)
	at org.springframework.boot.SpringApplication.run(SpringApplication.java:316)
	at org.springframework.boot.SpringApplication.run(SpringApplication.java:1306)
	at org.springframework.boot.SpringApplication.run(SpringApplication.java:1295)
	at config.SpringCrudApplication.main(SpringCrudApplication.java:21)
Caused by: com.microsoft.sqlserver.jdbc.SQLServerException: There is already an object named 'CustomerList' in the database.
	at com.microsoft.sqlserver.jdbc.SQLServerException.makeFromDatabaseError(SQLServerException.java:265)
	at com.microsoft.sqlserver.jdbc.SQLServerStatement.getNextResult(SQLServerStatement.java:1676)
	at com.microsoft.sqlserver.jdbc.SQLServerStatement.doExecuteStatement(SQLServerStatement.java:907)
	at com.microsoft.sqlserver.jdbc.SQLServerStatement$StmtExecCmd.doExecute(SQLServerStatement.java:802)
	at com.microsoft.sqlserver.jdbc.TDSCommand.execute(IOBuffer.java:7620)
	at com.microsoft.sqlserver.jdbc.SQLServerConnection.executeCommand(SQLServerConnection.java:3916)
	at com.microsoft.sqlserver.jdbc.SQLServerStatement.executeCommand(SQLServerStatement.java:268)
	at com.microsoft.sqlserver.jdbc.SQLServerStatement.executeStatement(SQLServerStatement.java:242)
	at com.microsoft.sqlserver.jdbc.SQLServerStatement.execute(SQLServerStatement.java:775)
	at com.zaxxer.hikari.pool.ProxyStatement.execute(ProxyStatement.java:94)
	at com.zaxxer.hikari.pool.HikariProxyStatement.execute(HikariProxyStatement.java)
	at org.hibernate.tool.schema.internal.exec.GenerationTargetToDatabase.accept(GenerationTargetToDatabase.java:80)
	... 38 common frames omitted
2026-09-11 01:45:29.194 [main] WARN  o.h.t.s.i.ExceptionHandlerLoggedImpl - GenerationTarget encountered exception accepting command : Error executing DDL "
    create table NavigationMenu (
        menuId bigint identity not null,
        menuName varchar(255),
        primary key (menuId)
    )" via JDBC [There is already an object named 'NavigationMenu' in the database.]
org.hibernate.tool.schema.spi.CommandAcceptanceException: Error executing DDL "
    create table NavigationMenu (
        menuId bigint identity not null,
        menuName varchar(255),
        primary key (menuId)
    )" via JDBC [There is already an object named 'NavigationMenu' in the database.]
	at org.hibernate.tool.schema.internal.exec.GenerationTargetToDatabase.accept(GenerationTargetToDatabase.java:94)
	at org.hibernate.tool.schema.internal.AbstractSchemaMigrator.applySqlString(AbstractSchemaMigrator.java:574)
	at org.hibernate.tool.schema.internal.AbstractSchemaMigrator.applySqlStrings(AbstractSchemaMigrator.java:514)
	at org.hibernate.tool.schema.internal.AbstractSchemaMigrator.createTable(AbstractSchemaMigrator.java:315)
	at org.hibernate.tool.schema.internal.GroupedSchemaMigratorImpl.performTablesMigration(GroupedSchemaMigratorImpl.java:80)
	at org.hibernate.tool.schema.internal.AbstractSchemaMigrator.performMigration(AbstractSchemaMigrator.java:232)
	at org.hibernate.tool.schema.internal.AbstractSchemaMigrator.doMigration(AbstractSchemaMigrator.java:117)
	at org.hibernate.tool.schema.spi.SchemaManagementToolCoordinator.performDatabaseAction(SchemaManagementToolCoordinator.java:284)
	at org.hibernate.tool.schema.spi.SchemaManagementToolCoordinator.lambda$process$5(SchemaManagementToolCoordinator.java:143)
	at java.base/java.util.HashMap.forEach(HashMap.java:1421)
	at org.hibernate.tool.schema.spi.SchemaManagementToolCoordinator.process(SchemaManagementToolCoordinator.java:140)
	at org.hibernate.boot.internal.SessionFactoryObserverForSchemaExport.sessionFactoryCreated(SessionFactoryObserverForSchemaExport.java:37)
	at org.hibernate.internal.SessionFactoryObserverChain.sessionFactoryCreated(SessionFactoryObserverChain.java:35)
	at org.hibernate.internal.SessionFactoryImpl.<init>(SessionFactoryImpl.java:293)
	at org.hibernate.boot.internal.SessionFactoryBuilderImpl.build(SessionFactoryBuilderImpl.java:444)
	at org.hibernate.jpa.boot.internal.EntityManagerFactoryBuilderImpl.build(EntityManagerFactoryBuilderImpl.java:1458)
	at org.springframework.orm.jpa.vendor.SpringHibernateJpaPersistenceProvider.createContainerEntityManagerFactory(SpringHibernateJpaPersistenceProvider.java:75)
	at org.springframework.orm.jpa.LocalContainerEntityManagerFactoryBean.createNativeEntityManagerFactory(LocalContainerEntityManagerFactoryBean.java:376)
	at org.springframework.orm.jpa.AbstractEntityManagerFactoryBean.buildNativeEntityManagerFactory(AbstractEntityManagerFactoryBean.java:409)
	at org.springframework.orm.jpa.AbstractEntityManagerFactoryBean.afterPropertiesSet(AbstractEntityManagerFactoryBean.java:396)
	at org.springframework.orm.jpa.LocalContainerEntityManagerFactoryBean.afterPropertiesSet(LocalContainerEntityManagerFactoryBean.java:352)
	at org.springframework.beans.factory.support.AbstractAutowireCapableBeanFactory.invokeInitMethods(AbstractAutowireCapableBeanFactory.java:1817)
	at org.springframework.beans.factory.support.AbstractAutowireCapableBeanFactory.initializeBean(AbstractAutowireCapableBeanFactory.java:1766)
	at org.springframework.beans.factory.support.AbstractAutowireCapableBeanFactory.doCreateBean(AbstractAutowireCapableBeanFactory.java:598)
	at org.springframework.beans.factory.support.AbstractAutowireCapableBeanFactory.createBean(AbstractAutowireCapableBeanFactory.java:520)
	at org.springframework.beans.factory.support.AbstractBeanFactory.lambda$doGetBean$0(AbstractBeanFactory.java:325)
	at org.springframework.beans.factory.support.DefaultSingletonBeanRegistry.getSingleton(DefaultSingletonBeanRegistry.java:234)
	at org.springframework.beans.factory.support.AbstractBeanFactory.doGetBean(AbstractBeanFactory.java:323)
	at org.springframework.beans.factory.support.AbstractBeanFactory.getBean(AbstractBeanFactory.java:199)
	at org.springframework.context.support.AbstractApplicationContext.getBean(AbstractApplicationContext.java:1166)
	at org.springframework.context.support.AbstractApplicationContext.finishBeanFactoryInitialization(AbstractApplicationContext.java:940)
	at org.springframework.context.support.AbstractApplicationContext.refresh(AbstractApplicationContext.java:616)
	at org.springframework.boot.web.servlet.context.ServletWebServerApplicationContext.refresh(ServletWebServerApplicationContext.java:146)
	at org.springframework.boot.SpringApplication.refresh(SpringApplication.java:738)
	at org.springframework.boot.SpringApplication.refreshContext(SpringApplication.java:440)
	at org.springframework.boot.SpringApplication.run(SpringApplication.java:316)
	at org.springframework.boot.SpringApplication.run(SpringApplication.java:1306)
	at org.springframework.boot.SpringApplication.run(SpringApplication.java:1295)
	at config.SpringCrudApplication.main(SpringCrudApplication.java:21)
Caused by: com.microsoft.sqlserver.jdbc.SQLServerException: There is already an object named 'NavigationMenu' in the database.
	at com.microsoft.sqlserver.jdbc.SQLServerException.makeFromDatabaseError(SQLServerException.java:265)
	at com.microsoft.sqlserver.jdbc.SQLServerStatement.getNextResult(SQLServerStatement.java:1676)
	at com.microsoft.sqlserver.jdbc.SQLServerStatement.doExecuteStatement(SQLServerStatement.java:907)
	at com.microsoft.sqlserver.jdbc.SQLServerStatement$StmtExecCmd.doExecute(SQLServerStatement.java:802)
	at com.microsoft.sqlserver.jdbc.TDSCommand.execute(IOBuffer.java:7620)
	at com.microsoft.sqlserver.jdbc.SQLServerConnection.executeCommand(SQLServerConnection.java:3916)
	at com.microsoft.sqlserver.jdbc.SQLServerStatement.executeCommand(SQLServerStatement.java:268)
	at com.microsoft.sqlserver.jdbc.SQLServerStatement.executeStatement(SQLServerStatement.java:242)
	at com.microsoft.sqlserver.jdbc.SQLServerStatement.execute(SQLServerStatement.java:775)
	at com.zaxxer.hikari.pool.ProxyStatement.execute(ProxyStatement.java:94)
	at com.zaxxer.hikari.pool.HikariProxyStatement.execute(HikariProxyStatement.java)
	at org.hibernate.tool.schema.internal.exec.GenerationTargetToDatabase.accept(GenerationTargetToDatabase.java:80)
	... 38 common frames omitted
2026-09-11 01:45:29.200 [main] WARN  o.h.t.s.i.ExceptionHandlerLoggedImpl - GenerationTarget encountered exception accepting command : Error executing DDL "
    create table Payments (
        paymentId bigint identity not null,
        amount bigint,
        customerId bigint,
        date date,
        loanType varchar(255),
        paymentMode varchar(255),
        paymentStatus bit,
        primary key (paymentId)
    )" via JDBC [There is already an object named 'Payments' in the database.]
org.hibernate.tool.schema.spi.CommandAcceptanceException: Error executing DDL "
    create table Payments (
        paymentId bigint identity not null,
        amount bigint,
        customerId bigint,
        date date,
        loanType varchar(255),
        paymentMode varchar(255),
        paymentStatus bit,
        primary key (paymentId)
    )" via JDBC [There is already an object named 'Payments' in the database.]
	at org.hibernate.tool.schema.internal.exec.GenerationTargetToDatabase.accept(GenerationTargetToDatabase.java:94)
	at org.hibernate.tool.schema.internal.AbstractSchemaMigrator.applySqlString(AbstractSchemaMigrator.java:574)
	at org.hibernate.tool.schema.internal.AbstractSchemaMigrator.applySqlStrings(AbstractSchemaMigrator.java:514)
	at org.hibernate.tool.schema.internal.AbstractSchemaMigrator.createTable(AbstractSchemaMigrator.java:315)
	at org.hibernate.tool.schema.internal.GroupedSchemaMigratorImpl.performTablesMigration(GroupedSchemaMigratorImpl.java:80)
	at org.hibernate.tool.schema.internal.AbstractSchemaMigrator.performMigration(AbstractSchemaMigrator.java:232)
	at org.hibernate.tool.schema.internal.AbstractSchemaMigrator.doMigration(AbstractSchemaMigrator.java:117)
	at org.hibernate.tool.schema.spi.SchemaManagementToolCoordinator.performDatabaseAction(SchemaManagementToolCoordinator.java:284)
	at org.hibernate.tool.schema.spi.SchemaManagementToolCoordinator.lambda$process$5(SchemaManagementToolCoordinator.java:143)
	at java.base/java.util.HashMap.forEach(HashMap.java:1421)
	at org.hibernate.tool.schema.spi.SchemaManagementToolCoordinator.process(SchemaManagementToolCoordinator.java:140)
	at org.hibernate.boot.internal.SessionFactoryObserverForSchemaExport.sessionFactoryCreated(SessionFactoryObserverForSchemaExport.java:37)
	at org.hibernate.internal.SessionFactoryObserverChain.sessionFactoryCreated(SessionFactoryObserverChain.java:35)
	at org.hibernate.internal.SessionFactoryImpl.<init>(SessionFactoryImpl.java:293)
	at org.hibernate.boot.internal.SessionFactoryBuilderImpl.build(SessionFactoryBuilderImpl.java:444)
	at org.hibernate.jpa.boot.internal.EntityManagerFactoryBuilderImpl.build(EntityManagerFactoryBuilderImpl.java:1458)
	at org.springframework.orm.jpa.vendor.SpringHibernateJpaPersistenceProvider.createContainerEntityManagerFactory(SpringHibernateJpaPersistenceProvider.java:75)
	at org.springframework.orm.jpa.LocalContainerEntityManagerFactoryBean.createNativeEntityManagerFactory(LocalContainerEntityManagerFactoryBean.java:376)
	at org.springframework.orm.jpa.AbstractEntityManagerFactoryBean.buildNativeEntityManagerFactory(AbstractEntityManagerFactoryBean.java:409)
	at org.springframework.orm.jpa.AbstractEntityManagerFactoryBean.afterPropertiesSet(AbstractEntityManagerFactoryBean.java:396)
	at org.springframework.orm.jpa.LocalContainerEntityManagerFactoryBean.afterPropertiesSet(LocalContainerEntityManagerFactoryBean.java:352)
	at org.springframework.beans.factory.support.AbstractAutowireCapableBeanFactory.invokeInitMethods(AbstractAutowireCapableBeanFactory.java:1817)
	at org.springframework.beans.factory.support.AbstractAutowireCapableBeanFactory.initializeBean(AbstractAutowireCapableBeanFactory.java:1766)
	at org.springframework.beans.factory.support.AbstractAutowireCapableBeanFactory.doCreateBean(AbstractAutowireCapableBeanFactory.java:598)
	at org.springframework.beans.factory.support.AbstractAutowireCapableBeanFactory.createBean(AbstractAutowireCapableBeanFactory.java:520)
	at org.springframework.beans.factory.support.AbstractBeanFactory.lambda$doGetBean$0(AbstractBeanFactory.java:325)
	at org.springframework.beans.factory.support.DefaultSingletonBeanRegistry.getSingleton(DefaultSingletonBeanRegistry.java:234)
	at org.springframework.beans.factory.support.AbstractBeanFactory.doGetBean(AbstractBeanFactory.java:323)
	at org.springframework.beans.factory.support.AbstractBeanFactory.getBean(AbstractBeanFactory.java:199)
	at org.springframework.context.support.AbstractApplicationContext.getBean(AbstractApplicationContext.java:1166)
	at org.springframework.context.support.AbstractApplicationContext.finishBeanFactoryInitialization(AbstractApplicationContext.java:940)
	at org.springframework.context.support.AbstractApplicationContext.refresh(AbstractApplicationContext.java:616)
	at org.springframework.boot.web.servlet.context.ServletWebServerApplicationContext.refresh(ServletWebServerApplicationContext.java:146)
	at org.springframework.boot.SpringApplication.refresh(SpringApplication.java:738)
	at org.springframework.boot.SpringApplication.refreshContext(SpringApplication.java:440)
	at org.springframework.boot.SpringApplication.run(SpringApplication.java:316)
	at org.springframework.boot.SpringApplication.run(SpringApplication.java:1306)
	at org.springframework.boot.SpringApplication.run(SpringApplication.java:1295)
	at config.SpringCrudApplication.main(SpringCrudApplication.java:21)
Caused by: com.microsoft.sqlserver.jdbc.SQLServerException: There is already an object named 'Payments' in the database.
	at com.microsoft.sqlserver.jdbc.SQLServerException.makeFromDatabaseError(SQLServerException.java:265)
	at com.microsoft.sqlserver.jdbc.SQLServerStatement.getNextResult(SQLServerStatement.java:1676)
	at com.microsoft.sqlserver.jdbc.SQLServerStatement.doExecuteStatement(SQLServerStatement.java:907)
	at com.microsoft.sqlserver.jdbc.SQLServerStatement$StmtExecCmd.doExecute(SQLServerStatement.java:802)
	at com.microsoft.sqlserver.jdbc.TDSCommand.execute(IOBuffer.java:7620)
	at com.microsoft.sqlserver.jdbc.SQLServerConnection.executeCommand(SQLServerConnection.java:3916)
	at com.microsoft.sqlserver.jdbc.SQLServerStatement.executeCommand(SQLServerStatement.java:268)
	at com.microsoft.sqlserver.jdbc.SQLServerStatement.executeStatement(SQLServerStatement.java:242)
	at com.microsoft.sqlserver.jdbc.SQLServerStatement.execute(SQLServerStatement.java:775)
	at com.zaxxer.hikari.pool.ProxyStatement.execute(ProxyStatement.java:94)
	at com.zaxxer.hikari.pool.HikariProxyStatement.execute(HikariProxyStatement.java)
	at org.hibernate.tool.schema.internal.exec.GenerationTargetToDatabase.accept(GenerationTargetToDatabase.java:80)
	... 38 common frames omitted
2026-09-11 01:45:29.205 [main] WARN  o.h.t.s.i.ExceptionHandlerLoggedImpl - GenerationTarget encountered exception accepting command : Error executing DDL "
    create table UserAccount (
        userAccountId bigint identity not null,
        address varchar(255),
        adharImagePath varchar(255),
        adharNumber bigint,
        altMobileNumber bigint,
        annualIncome bigint,
        city varchar(255),
        currentLoginDate date,
        dob date,
        email varchar(255),
        fathersName varchar(255),
        firstName varchar(255),
        gender varchar(255),
        isActive bit not null,
        lastLoginDate date,
        lastName varchar(255),
        loginAttempt int,
        marriedStatus varchar(255),
        mobileNumber bigint,
        occupation varchar(255),
        panImagePath varchar(255),
        panNumber varchar(255),
        password varchar(255),
        qualification varchar(255),
        state varchar(255),
        userGroupId bigint,
        userName varchar(255),
        zipcode varchar(255),
        primary key (userAccountId)
    )" via JDBC [There is already an object named 'UserAccount' in the database.]
org.hibernate.tool.schema.spi.CommandAcceptanceException: Error executing DDL "
    create table UserAccount (
        userAccountId bigint identity not null,
        address varchar(255),
        adharImagePath varchar(255),
        adharNumber bigint,
        altMobileNumber bigint,
        annualIncome bigint,
        city varchar(255),
        currentLoginDate date,
        dob date,
        email varchar(255),
        fathersName varchar(255),
        firstName varchar(255),
        gender varchar(255),
        isActive bit not null,
        lastLoginDate date,
        lastName varchar(255),
        loginAttempt int,
        marriedStatus varchar(255),
        mobileNumber bigint,
        occupation varchar(255),
        panImagePath varchar(255),
        panNumber varchar(255),
        password varchar(255),
        qualification varchar(255),
        state varchar(255),
        userGroupId bigint,
        userName varchar(255),
        zipcode varchar(255),
        primary key (userAccountId)
    )" via JDBC [There is already an object named 'UserAccount' in the database.]
	at org.hibernate.tool.schema.internal.exec.GenerationTargetToDatabase.accept(GenerationTargetToDatabase.java:94)
	at org.hibernate.tool.schema.internal.AbstractSchemaMigrator.applySqlString(AbstractSchemaMigrator.java:574)
	at org.hibernate.tool.schema.internal.AbstractSchemaMigrator.applySqlStrings(AbstractSchemaMigrator.java:514)
	at org.hibernate.tool.schema.internal.AbstractSchemaMigrator.createTable(AbstractSchemaMigrator.java:315)
	at org.hibernate.tool.schema.internal.GroupedSchemaMigratorImpl.performTablesMigration(GroupedSchemaMigratorImpl.java:80)
	at org.hibernate.tool.schema.internal.AbstractSchemaMigrator.performMigration(AbstractSchemaMigrator.java:232)
	at org.hibernate.tool.schema.internal.AbstractSchemaMigrator.doMigration(AbstractSchemaMigrator.java:117)
	at org.hibernate.tool.schema.spi.SchemaManagementToolCoordinator.performDatabaseAction(SchemaManagementToolCoordinator.java:284)
	at org.hibernate.tool.schema.spi.SchemaManagementToolCoordinator.lambda$process$5(SchemaManagementToolCoordinator.java:143)
	at java.base/java.util.HashMap.forEach(HashMap.java:1421)
	at org.hibernate.tool.schema.spi.SchemaManagementToolCoordinator.process(SchemaManagementToolCoordinator.java:140)
	at org.hibernate.boot.internal.SessionFactoryObserverForSchemaExport.sessionFactoryCreated(SessionFactoryObserverForSchemaExport.java:37)
	at org.hibernate.internal.SessionFactoryObserverChain.sessionFactoryCreated(SessionFactoryObserverChain.java:35)
	at org.hibernate.internal.SessionFactoryImpl.<init>(SessionFactoryImpl.java:293)
	at org.hibernate.boot.internal.SessionFactoryBuilderImpl.build(SessionFactoryBuilderImpl.java:444)
	at org.hibernate.jpa.boot.internal.EntityManagerFactoryBuilderImpl.build(EntityManagerFactoryBuilderImpl.java:1458)
	at org.springframework.orm.jpa.vendor.SpringHibernateJpaPersistenceProvider.createContainerEntityManagerFactory(SpringHibernateJpaPersistenceProvider.java:75)
	at org.springframework.orm.jpa.LocalContainerEntityManagerFactoryBean.createNativeEntityManagerFactory(LocalContainerEntityManagerFactoryBean.java:376)
	at org.springframework.orm.jpa.AbstractEntityManagerFactoryBean.buildNativeEntityManagerFactory(AbstractEntityManagerFactoryBean.java:409)
	at org.springframework.orm.jpa.AbstractEntityManagerFactoryBean.afterPropertiesSet(AbstractEntityManagerFactoryBean.java:396)
	at org.springframework.orm.jpa.LocalContainerEntityManagerFactoryBean.afterPropertiesSet(LocalContainerEntityManagerFactoryBean.java:352)
	at org.springframework.beans.factory.support.AbstractAutowireCapableBeanFactory.invokeInitMethods(AbstractAutowireCapableBeanFactory.java:1817)
	at org.springframework.beans.factory.support.AbstractAutowireCapableBeanFactory.initializeBean(AbstractAutowireCapableBeanFactory.java:1766)
	at org.springframework.beans.factory.support.AbstractAutowireCapableBeanFactory.doCreateBean(AbstractAutowireCapableBeanFactory.java:598)
	at org.springframework.beans.factory.support.AbstractAutowireCapableBeanFactory.createBean(AbstractAutowireCapableBeanFactory.java:520)
	at org.springframework.beans.factory.support.AbstractBeanFactory.lambda$doGetBean$0(AbstractBeanFactory.java:325)
	at org.springframework.beans.factory.support.DefaultSingletonBeanRegistry.getSingleton(DefaultSingletonBeanRegistry.java:234)
	at org.springframework.beans.factory.support.AbstractBeanFactory.doGetBean(AbstractBeanFactory.java:323)
	at org.springframework.beans.factory.support.AbstractBeanFactory.getBean(AbstractBeanFactory.java:199)
	at org.springframework.context.support.AbstractApplicationContext.getBean(AbstractApplicationContext.java:1166)
	at org.springframework.context.support.AbstractApplicationContext.finishBeanFactoryInitialization(AbstractApplicationContext.java:940)
	at org.springframework.context.support.AbstractApplicationContext.refresh(AbstractApplicationContext.java:616)
	at org.springframework.boot.web.servlet.context.ServletWebServerApplicationContext.refresh(ServletWebServerApplicationContext.java:146)
	at org.springframework.boot.SpringApplication.refresh(SpringApplication.java:738)
	at org.springframework.boot.SpringApplication.refreshContext(SpringApplication.java:440)
	at org.springframework.boot.SpringApplication.run(SpringApplication.java:316)
	at org.springframework.boot.SpringApplication.run(SpringApplication.java:1306)
	at org.springframework.boot.SpringApplication.run(SpringApplication.java:1295)
	at config.SpringCrudApplication.main(SpringCrudApplication.java:21)
Caused by: com.microsoft.sqlserver.jdbc.SQLServerException: There is already an object named 'UserAccount' in the database.
	at com.microsoft.sqlserver.jdbc.SQLServerException.makeFromDatabaseError(SQLServerException.java:265)
	at com.microsoft.sqlserver.jdbc.SQLServerStatement.getNextResult(SQLServerStatement.java:1676)
	at com.microsoft.sqlserver.jdbc.SQLServerStatement.doExecuteStatement(SQLServerStatement.java:907)
	at com.microsoft.sqlserver.jdbc.SQLServerStatement$StmtExecCmd.doExecute(SQLServerStatement.java:802)
	at com.microsoft.sqlserver.jdbc.TDSCommand.execute(IOBuffer.java:7620)
	at com.microsoft.sqlserver.jdbc.SQLServerConnection.executeCommand(SQLServerConnection.java:3916)
	at com.microsoft.sqlserver.jdbc.SQLServerStatement.executeCommand(SQLServerStatement.java:268)
	at com.microsoft.sqlserver.jdbc.SQLServerStatement.executeStatement(SQLServerStatement.java:242)
	at com.microsoft.sqlserver.jdbc.SQLServerStatement.execute(SQLServerStatement.java:775)
	at com.zaxxer.hikari.pool.ProxyStatement.execute(ProxyStatement.java:94)
	at com.zaxxer.hikari.pool.HikariProxyStatement.execute(HikariProxyStatement.java)
	at org.hibernate.tool.schema.internal.exec.GenerationTargetToDatabase.accept(GenerationTargetToDatabase.java:80)
	... 38 common frames omitted
2026-09-11 01:45:29.211 [main] WARN  o.h.t.s.i.ExceptionHandlerLoggedImpl - GenerationTarget encountered exception accepting command : Error executing DDL "
    create table UserGroup (
        userGroupId bigint identity not null,
        userGroupName varchar(255),
        primary key (userGroupId)
    )" via JDBC [There is already an object named 'UserGroup' in the database.]
org.hibernate.tool.schema.spi.CommandAcceptanceException: Error executing DDL "
    create table UserGroup (
        userGroupId bigint identity not null,
        userGroupName varchar(255),
        primary key (userGroupId)
    )" via JDBC [There is already an object named 'UserGroup' in the database.]
	at org.hibernate.tool.schema.internal.exec.GenerationTargetToDatabase.accept(GenerationTargetToDatabase.java:94)
	at org.hibernate.tool.schema.internal.AbstractSchemaMigrator.applySqlString(AbstractSchemaMigrator.java:574)
	at org.hibernate.tool.schema.internal.AbstractSchemaMigrator.applySqlStrings(AbstractSchemaMigrator.java:514)
	at org.hibernate.tool.schema.internal.AbstractSchemaMigrator.createTable(AbstractSchemaMigrator.java:315)
	at org.hibernate.tool.schema.internal.GroupedSchemaMigratorImpl.performTablesMigration(GroupedSchemaMigratorImpl.java:80)
	at org.hibernate.tool.schema.internal.AbstractSchemaMigrator.performMigration(AbstractSchemaMigrator.java:232)
	at org.hibernate.tool.schema.internal.AbstractSchemaMigrator.doMigration(AbstractSchemaMigrator.java:117)
	at org.hibernate.tool.schema.spi.SchemaManagementToolCoordinator.performDatabaseAction(SchemaManagementToolCoordinator.java:284)
	at org.hibernate.tool.schema.spi.SchemaManagementToolCoordinator.lambda$process$5(SchemaManagementToolCoordinator.java:143)
	at java.base/java.util.HashMap.forEach(HashMap.java:1421)
	at org.hibernate.tool.schema.spi.SchemaManagementToolCoordinator.process(SchemaManagementToolCoordinator.java:140)
	at org.hibernate.boot.internal.SessionFactoryObserverForSchemaExport.sessionFactoryCreated(SessionFactoryObserverForSchemaExport.java:37)
	at org.hibernate.internal.SessionFactoryObserverChain.sessionFactoryCreated(SessionFactoryObserverChain.java:35)
	at org.hibernate.internal.SessionFactoryImpl.<init>(SessionFactoryImpl.java:293)
	at org.hibernate.boot.internal.SessionFactoryBuilderImpl.build(SessionFactoryBuilderImpl.java:444)
	at org.hibernate.jpa.boot.internal.EntityManagerFactoryBuilderImpl.build(EntityManagerFactoryBuilderImpl.java:1458)
	at org.springframework.orm.jpa.vendor.SpringHibernateJpaPersistenceProvider.createContainerEntityManagerFactory(SpringHibernateJpaPersistenceProvider.java:75)
	at org.springframework.orm.jpa.LocalContainerEntityManagerFactoryBean.createNativeEntityManagerFactory(LocalContainerEntityManagerFactoryBean.java:376)
	at org.springframework.orm.jpa.AbstractEntityManagerFactoryBean.buildNativeEntityManagerFactory(AbstractEntityManagerFactoryBean.java:409)
	at org.springframework.orm.jpa.AbstractEntityManagerFactoryBean.afterPropertiesSet(AbstractEntityManagerFactoryBean.java:396)
	at org.springframework.orm.jpa.LocalContainerEntityManagerFactoryBean.afterPropertiesSet(LocalContainerEntityManagerFactoryBean.java:352)
	at org.springframework.beans.factory.support.AbstractAutowireCapableBeanFactory.invokeInitMethods(AbstractAutowireCapableBeanFactory.java:1817)
	at org.springframework.beans.factory.support.AbstractAutowireCapableBeanFactory.initializeBean(AbstractAutowireCapableBeanFactory.java:1766)
	at org.springframework.beans.factory.support.AbstractAutowireCapableBeanFactory.doCreateBean(AbstractAutowireCapableBeanFactory.java:598)
	at org.springframework.beans.factory.support.AbstractAutowireCapableBeanFactory.createBean(AbstractAutowireCapableBeanFactory.java:520)
	at org.springframework.beans.factory.support.AbstractBeanFactory.lambda$doGetBean$0(AbstractBeanFactory.java:325)
	at org.springframework.beans.factory.support.DefaultSingletonBeanRegistry.getSingleton(DefaultSingletonBeanRegistry.java:234)
	at org.springframework.beans.factory.support.AbstractBeanFactory.doGetBean(AbstractBeanFactory.java:323)
	at org.springframework.beans.factory.support.AbstractBeanFactory.getBean(AbstractBeanFactory.java:199)
	at org.springframework.context.support.AbstractApplicationContext.getBean(AbstractApplicationContext.java:1166)
	at org.springframework.context.support.AbstractApplicationContext.finishBeanFactoryInitialization(AbstractApplicationContext.java:940)
	at org.springframework.context.support.AbstractApplicationContext.refresh(AbstractApplicationContext.java:616)
	at org.springframework.boot.web.servlet.context.ServletWebServerApplicationContext.refresh(ServletWebServerApplicationContext.java:146)
	at org.springframework.boot.SpringApplication.refresh(SpringApplication.java:738)
	at org.springframework.boot.SpringApplication.refreshContext(SpringApplication.java:440)
	at org.springframework.boot.SpringApplication.run(SpringApplication.java:316)
	at org.springframework.boot.SpringApplication.run(SpringApplication.java:1306)
	at org.springframework.boot.SpringApplication.run(SpringApplication.java:1295)
	at config.SpringCrudApplication.main(SpringCrudApplication.java:21)
Caused by: com.microsoft.sqlserver.jdbc.SQLServerException: There is already an object named 'UserGroup' in the database.
	at com.microsoft.sqlserver.jdbc.SQLServerException.makeFromDatabaseError(SQLServerException.java:265)
	at com.microsoft.sqlserver.jdbc.SQLServerStatement.getNextResult(SQLServerStatement.java:1676)
	at com.microsoft.sqlserver.jdbc.SQLServerStatement.doExecuteStatement(SQLServerStatement.java:907)
	at com.microsoft.sqlserver.jdbc.SQLServerStatement$StmtExecCmd.doExecute(SQLServerStatement.java:802)
	at com.microsoft.sqlserver.jdbc.TDSCommand.execute(IOBuffer.java:7620)
	at com.microsoft.sqlserver.jdbc.SQLServerConnection.executeCommand(SQLServerConnection.java:3916)
	at com.microsoft.sqlserver.jdbc.SQLServerStatement.executeCommand(SQLServerStatement.java:268)
	at com.microsoft.sqlserver.jdbc.SQLServerStatement.executeStatement(SQLServerStatement.java:242)
	at com.microsoft.sqlserver.jdbc.SQLServerStatement.execute(SQLServerStatement.java:775)
	at com.zaxxer.hikari.pool.ProxyStatement.execute(ProxyStatement.java:94)
	at com.zaxxer.hikari.pool.HikariProxyStatement.execute(HikariProxyStatement.java)
	at org.hibernate.tool.schema.internal.exec.GenerationTargetToDatabase.accept(GenerationTargetToDatabase.java:80)
	... 38 common frames omitted
2026-09-11 01:45:29.218 [main] WARN  o.h.t.s.i.ExceptionHandlerLoggedImpl - GenerationTarget encountered exception accepting command : Error executing DDL "
    alter table Payments 
       add constraint FKmcddpsiemwcivhnevsvagjwk4 
       foreign key (customerId) 
       references CustomerList" via JDBC [There is already an object named 'FKmcddpsiemwcivhnevsvagjwk4' in the database.]
org.hibernate.tool.schema.spi.CommandAcceptanceException: Error executing DDL "
    alter table Payments 
       add constraint FKmcddpsiemwcivhnevsvagjwk4 
       foreign key (customerId) 
       references CustomerList" via JDBC [There is already an object named 'FKmcddpsiemwcivhnevsvagjwk4' in the database.]
	at org.hibernate.tool.schema.internal.exec.GenerationTargetToDatabase.accept(GenerationTargetToDatabase.java:94)
	at org.hibernate.tool.schema.internal.AbstractSchemaMigrator.applySqlString(AbstractSchemaMigrator.java:574)
	at org.hibernate.tool.schema.internal.AbstractSchemaMigrator.applySqlStrings(AbstractSchemaMigrator.java:514)
	at org.hibernate.tool.schema.internal.AbstractSchemaMigrator.applyForeignKeys(AbstractSchemaMigrator.java:446)
	at org.hibernate.tool.schema.internal.AbstractSchemaMigrator.performMigration(AbstractSchemaMigrator.java:268)
	at org.hibernate.tool.schema.internal.AbstractSchemaMigrator.doMigration(AbstractSchemaMigrator.java:117)
	at org.hibernate.tool.schema.spi.SchemaManagementToolCoordinator.performDatabaseAction(SchemaManagementToolCoordinator.java:284)
	at org.hibernate.tool.schema.spi.SchemaManagementToolCoordinator.lambda$process$5(SchemaManagementToolCoordinator.java:143)
	at java.base/java.util.HashMap.forEach(HashMap.java:1421)
	at org.hibernate.tool.schema.spi.SchemaManagementToolCoordinator.process(SchemaManagementToolCoordinator.java:140)
	at org.hibernate.boot.internal.SessionFactoryObserverForSchemaExport.sessionFactoryCreated(SessionFactoryObserverForSchemaExport.java:37)
	at org.hibernate.internal.SessionFactoryObserverChain.sessionFactoryCreated(SessionFactoryObserverChain.java:35)
	at org.hibernate.internal.SessionFactoryImpl.<init>(SessionFactoryImpl.java:293)
	at org.hibernate.boot.internal.SessionFactoryBuilderImpl.build(SessionFactoryBuilderImpl.java:444)
	at org.hibernate.jpa.boot.internal.EntityManagerFactoryBuilderImpl.build(EntityManagerFactoryBuilderImpl.java:1458)
	at org.springframework.orm.jpa.vendor.SpringHibernateJpaPersistenceProvider.createContainerEntityManagerFactory(SpringHibernateJpaPersistenceProvider.java:75)
	at org.springframework.orm.jpa.LocalContainerEntityManagerFactoryBean.createNativeEntityManagerFactory(LocalContainerEntityManagerFactoryBean.java:376)
	at org.springframework.orm.jpa.AbstractEntityManagerFactoryBean.buildNativeEntityManagerFactory(AbstractEntityManagerFactoryBean.java:409)
	at org.springframework.orm.jpa.AbstractEntityManagerFactoryBean.afterPropertiesSet(AbstractEntityManagerFactoryBean.java:396)
	at org.springframework.orm.jpa.LocalContainerEntityManagerFactoryBean.afterPropertiesSet(LocalContainerEntityManagerFactoryBean.java:352)
	at org.springframework.beans.factory.support.AbstractAutowireCapableBeanFactory.invokeInitMethods(AbstractAutowireCapableBeanFactory.java:1817)
	at org.springframework.beans.factory.support.AbstractAutowireCapableBeanFactory.initializeBean(AbstractAutowireCapableBeanFactory.java:1766)
	at org.springframework.beans.factory.support.AbstractAutowireCapableBeanFactory.doCreateBean(AbstractAutowireCapableBeanFactory.java:598)
	at org.springframework.beans.factory.support.AbstractAutowireCapableBeanFactory.createBean(AbstractAutowireCapableBeanFactory.java:520)
	at org.springframework.beans.factory.support.AbstractBeanFactory.lambda$doGetBean$0(AbstractBeanFactory.java:325)
	at org.springframework.beans.factory.support.DefaultSingletonBeanRegistry.getSingleton(DefaultSingletonBeanRegistry.java:234)
	at org.springframework.beans.factory.support.AbstractBeanFactory.doGetBean(AbstractBeanFactory.java:323)
	at org.springframework.beans.factory.support.AbstractBeanFactory.getBean(AbstractBeanFactory.java:199)
	at org.springframework.context.support.AbstractApplicationContext.getBean(AbstractApplicationContext.java:1166)
	at org.springframework.context.support.AbstractApplicationContext.finishBeanFactoryInitialization(AbstractApplicationContext.java:940)
	at org.springframework.context.support.AbstractApplicationContext.refresh(AbstractApplicationContext.java:616)
	at org.springframework.boot.web.servlet.context.ServletWebServerApplicationContext.refresh(ServletWebServerApplicationContext.java:146)
	at org.springframework.boot.SpringApplication.refresh(SpringApplication.java:738)
	at org.springframework.boot.SpringApplication.refreshContext(SpringApplication.java:440)
	at org.springframework.boot.SpringApplication.run(SpringApplication.java:316)
	at org.springframework.boot.SpringApplication.run(SpringApplication.java:1306)
	at org.springframework.boot.SpringApplication.run(SpringApplication.java:1295)
	at config.SpringCrudApplication.main(SpringCrudApplication.java:21)
Caused by: com.microsoft.sqlserver.jdbc.SQLServerException: There is already an object named 'FKmcddpsiemwcivhnevsvagjwk4' in the database.
	at com.microsoft.sqlserver.jdbc.SQLServerException.makeFromDatabaseError(SQLServerException.java:265)
	at com.microsoft.sqlserver.jdbc.SQLServerStatement.getNextResult(SQLServerStatement.java:1676)
	at com.microsoft.sqlserver.jdbc.SQLServerStatement.doExecuteStatement(SQLServerStatement.java:907)
	at com.microsoft.sqlserver.jdbc.SQLServerStatement$StmtExecCmd.doExecute(SQLServerStatement.java:802)
	at com.microsoft.sqlserver.jdbc.TDSCommand.execute(IOBuffer.java:7620)
	at com.microsoft.sqlserver.jdbc.SQLServerConnection.executeCommand(SQLServerConnection.java:3916)
	at com.microsoft.sqlserver.jdbc.SQLServerStatement.executeCommand(SQLServerStatement.java:268)
	at com.microsoft.sqlserver.jdbc.SQLServerStatement.executeStatement(SQLServerStatement.java:242)
	at com.microsoft.sqlserver.jdbc.SQLServerStatement.execute(SQLServerStatement.java:775)
	at com.zaxxer.hikari.pool.ProxyStatement.execute(ProxyStatement.java:94)
	at com.zaxxer.hikari.pool.HikariProxyStatement.execute(HikariProxyStatement.java)
	at org.hibernate.tool.schema.internal.exec.GenerationTargetToDatabase.accept(GenerationTargetToDatabase.java:80)
	... 37 common frames omitted
2026-09-11 01:45:29.222 [main] INFO  o.s.o.j.LocalContainerEntityManagerFactoryBean - Initialized JPA EntityManagerFactory for persistence unit 'default'
2026-09-11 01:45:29.236 [main] WARN  o.s.b.a.o.j.JpaBaseConfiguration$JpaWebConfiguration - spring.jpa.open-in-view is enabled by default. Therefore, database queries may be performed during view rendering. Explicitly configure spring.jpa.open-in-view to disable this warning
2026-09-11 01:45:29.957 [main] INFO  o.s.d.j.r.query.QueryEnhancerFactory - Hibernate is in classpath; If applicable, HQL parser will be used.
2026-09-11 01:45:30.447 [main] INFO  config.commonConfig.WebConfig - Interceptors registered successfully
2026-09-11 01:45:30.459 [main] INFO  config.commonConfig.WebConfig - CORS configuration applied for origins: http://localhost:3000,http://localhost:8080,http://localhost:4200
2026-09-11 01:45:30.773 [main] INFO  o.a.coyote.http11.Http11NioProtocol - Starting ProtocolHandler ["http-nio-8888"]
2026-09-11 01:45:30.811 [main] INFO  o.s.b.w.e.tomcat.TomcatWebServer - Tomcat started on port(s): 8888 (http) with context path ''
2026-09-11 01:45:30.824 [main] INFO  config.SpringCrudApplication - Started SpringCrudApplication in 7.017 seconds (process running for 8.186)
2026-09-11 01:45:52.890 [http-nio-8888-exec-1] INFO  o.a.c.c.C.[Tomcat].[localhost].[/] - Initializing Spring DispatcherServlet 'dispatcherServlet'
2026-09-11 01:45:52.890 [http-nio-8888-exec-1] INFO  o.s.web.servlet.DispatcherServlet - Initializing Servlet 'dispatcherServlet'
2026-09-11 01:45:52.898 [http-nio-8888-exec-1] INFO  o.s.web.servlet.DispatcherServlet - Completed initialization in 8 ms
2026-09-11 01:45:53.034 [http-nio-8888-exec-2] INFO  c.c.i.HttpLoggingInterceptor - === REQUEST START ===
2026-09-11 01:45:53.034 [http-nio-8888-exec-1] INFO  c.c.i.HttpLoggingInterceptor - === REQUEST START ===
2026-09-11 01:45:53.034 [http-nio-8888-exec-1] INFO  c.c.i.HttpLoggingInterceptor - Method: POST | URI: /api/getSession
2026-09-11 01:45:53.034 [http-nio-8888-exec-2] INFO  c.c.i.HttpLoggingInterceptor - Method: GET | URI: /api/getUsergroupList
2026-09-11 01:45:53.034 [http-nio-8888-exec-2] INFO  c.c.i.HttpLoggingInterceptor - Remote Address: 0:0:0:0:0:0:0:1
2026-09-11 01:45:53.034 [http-nio-8888-exec-1] INFO  c.c.i.HttpLoggingInterceptor - Remote Address: 0:0:0:0:0:0:0:1
2026-09-11 01:45:53.034 [http-nio-8888-exec-2] INFO  c.c.i.HttpLoggingInterceptor - === REQUEST END ===
2026-09-11 01:45:53.034 [http-nio-8888-exec-1] INFO  c.c.i.HttpLoggingInterceptor - === REQUEST END ===
2026-09-11 01:45:54.139 [http-nio-8888-exec-2] INFO  c.c.i.HttpLoggingInterceptor - === RESPONSE START ===
2026-09-11 01:45:54.139 [http-nio-8888-exec-2] INFO  c.c.i.HttpLoggingInterceptor - Status: 401 | Duration: 1105ms
2026-09-11 01:45:54.139 [http-nio-8888-exec-2] INFO  c.c.i.HttpLoggingInterceptor - Content-Type: application/json
2026-09-11 01:45:54.139 [http-nio-8888-exec-2] INFO  c.c.i.HttpLoggingInterceptor - === RESPONSE END ===
2026-09-11 01:46:24.568 [http-nio-8888-exec-1] INFO  c.c.i.HttpLoggingInterceptor - === RESPONSE START ===
2026-09-11 01:46:24.569 [http-nio-8888-exec-1] INFO  c.c.i.HttpLoggingInterceptor - Status: 401 | Duration: 31534ms
2026-09-11 01:46:24.570 [http-nio-8888-exec-1] INFO  c.c.i.HttpLoggingInterceptor - Content-Type: application/json
2026-09-11 01:46:24.571 [http-nio-8888-exec-1] INFO  c.c.i.HttpLoggingInterceptor - === RESPONSE END ===
2026-09-11 01:46:34.052 [http-nio-8888-exec-3] INFO  c.c.i.HttpLoggingInterceptor - === REQUEST START ===
2026-09-11 01:46:34.052 [http-nio-8888-exec-3] INFO  c.c.i.HttpLoggingInterceptor - Method: POST | URI: /api/getCapcha
2026-09-11 01:46:34.052 [http-nio-8888-exec-3] INFO  c.c.i.HttpLoggingInterceptor - Remote Address: 0:0:0:0:0:0:0:1
2026-09-11 01:46:34.052 [http-nio-8888-exec-3] INFO  c.c.i.HttpLoggingInterceptor - === REQUEST END ===
2026-09-11 01:46:34.083 [http-nio-8888-exec-3] INFO  c.c.i.HttpLoggingInterceptor - === RESPONSE START ===
2026-09-11 01:46:34.083 [http-nio-8888-exec-3] INFO  c.c.i.HttpLoggingInterceptor - Status: 200 | Duration: 31ms
2026-09-11 01:46:34.083 [http-nio-8888-exec-3] INFO  c.c.i.HttpLoggingInterceptor - Content-Type: application/json
2026-09-11 01:46:34.083 [http-nio-8888-exec-3] INFO  c.c.i.HttpLoggingInterceptor - === RESPONSE END ===
2026-09-11 01:46:36.783 [http-nio-8888-exec-4] INFO  c.c.i.HttpLoggingInterceptor - === REQUEST START ===
2026-09-11 01:46:36.783 [http-nio-8888-exec-4] INFO  c.c.i.HttpLoggingInterceptor - Method: POST | URI: /api/getSession
2026-09-11 01:46:36.783 [http-nio-8888-exec-4] INFO  c.c.i.HttpLoggingInterceptor - Remote Address: 0:0:0:0:0:0:0:1
2026-09-11 01:46:36.783 [http-nio-8888-exec-4] INFO  c.c.i.HttpLoggingInterceptor - === REQUEST END ===
2026-09-11 01:46:37.082 [http-nio-8888-exec-5] INFO  c.c.i.HttpLoggingInterceptor - === REQUEST START ===
2026-09-11 01:46:37.082 [http-nio-8888-exec-5] INFO  c.c.i.HttpLoggingInterceptor - Method: POST | URI: /api/getCapcha
2026-09-11 01:46:37.082 [http-nio-8888-exec-5] INFO  c.c.i.HttpLoggingInterceptor - Remote Address: 0:0:0:0:0:0:0:1
2026-09-11 01:46:37.082 [http-nio-8888-exec-5] INFO  c.c.i.HttpLoggingInterceptor - === REQUEST END ===
2026-09-11 01:46:37.123 [http-nio-8888-exec-5] INFO  c.c.i.HttpLoggingInterceptor - === RESPONSE START ===
2026-09-11 01:46:37.123 [http-nio-8888-exec-5] INFO  c.c.i.HttpLoggingInterceptor - Status: 200 | Duration: 41ms
2026-09-11 01:46:37.123 [http-nio-8888-exec-5] INFO  c.c.i.HttpLoggingInterceptor - Content-Type: application/json
2026-09-11 01:46:37.123 [http-nio-8888-exec-5] INFO  c.c.i.HttpLoggingInterceptor - === RESPONSE END ===
2026-09-11 01:46:42.238 [http-nio-8888-exec-6] INFO  c.c.i.HttpLoggingInterceptor - === REQUEST START ===
2026-09-11 01:46:42.238 [http-nio-8888-exec-6] INFO  c.c.i.HttpLoggingInterceptor - Method: GET | URI: /api/getUsergroupList
2026-09-11 01:46:42.238 [http-nio-8888-exec-6] INFO  c.c.i.HttpLoggingInterceptor - Remote Address: 0:0:0:0:0:0:0:1
2026-09-11 01:46:42.238 [http-nio-8888-exec-6] INFO  c.c.i.HttpLoggingInterceptor - === REQUEST END ===
2026-09-11 01:46:42.274 [http-nio-8888-exec-6] INFO  c.c.i.HttpLoggingInterceptor - === RESPONSE START ===
2026-09-11 01:46:42.274 [http-nio-8888-exec-6] INFO  c.c.i.HttpLoggingInterceptor - Status: 401 | Duration: 36ms
2026-09-11 01:46:42.274 [http-nio-8888-exec-6] INFO  c.c.i.HttpLoggingInterceptor - Content-Type: application/json
2026-09-11 01:46:42.274 [http-nio-8888-exec-6] INFO  c.c.i.HttpLoggingInterceptor - === RESPONSE END ===
2026-09-11 01:47:02.170 [main] INFO  config.SpringCrudApplication - Starting SpringCrudApplication using Java 17.0.5 with PID 34208 (B:\projects\SpringBoot\LearnSpringBoot-main\target\classes started by murug in B:\projects\SpringBoot\LearnSpringBoot-main)
2026-09-11 01:47:02.172 [main] DEBUG config.SpringCrudApplication - Running with Spring Boot v3.1.5, Spring v6.0.13
2026-09-11 01:47:02.173 [main] INFO  config.SpringCrudApplication - The following 1 profile is active: "dev"
2026-09-11 01:47:03.064 [main] INFO  o.s.d.r.c.RepositoryConfigurationDelegate - Bootstrapping Spring Data JPA repositories in DEFAULT mode.
2026-09-11 01:47:03.237 [main] INFO  o.s.d.r.c.RepositoryConfigurationDelegate - Finished Spring Data repository scanning in 165 ms. Found 7 JPA repository interfaces.
2026-09-11 01:47:03.992 [main] INFO  o.s.b.w.e.tomcat.TomcatWebServer - Tomcat initialized with port(s): 8888 (http)
2026-09-11 01:47:04.007 [main] INFO  o.a.coyote.http11.Http11NioProtocol - Initializing ProtocolHandler ["http-nio-8888"]
2026-09-11 01:47:04.012 [main] INFO  o.a.catalina.core.StandardService - Starting service [Tomcat]
2026-09-11 01:47:04.012 [main] INFO  o.a.catalina.core.StandardEngine - Starting Servlet engine: [Apache Tomcat/10.1.15]
2026-09-11 01:47:04.188 [main] INFO  o.a.c.c.C.[Tomcat].[localhost].[/] - Initializing Spring embedded WebApplicationContext
2026-09-11 01:47:04.188 [main] INFO  o.s.b.w.s.c.ServletWebServerApplicationContext - Root WebApplicationContext: initialization completed in 1948 ms
2026-09-11 01:47:04.629 [main] INFO  o.s.o.j.p.SpringPersistenceUnitInfo - No LoadTimeWeaver setup: ignoring JPA class transformer
2026-09-11 01:47:04.672 [main] INFO  com.zaxxer.hikari.HikariDataSource - HikariPool-1 - Starting...
2026-09-11 01:47:05.003 [main] INFO  com.zaxxer.hikari.pool.HikariPool - HikariPool-1 - Added connection ConnectionID:1 ClientConnectionId: 8dfc98a0-34b5-4278-8bf1-6cb45cb821b3
2026-09-11 01:47:05.007 [main] INFO  com.zaxxer.hikari.HikariDataSource - HikariPool-1 - Start completed.
2026-09-11 01:47:05.047 [main] WARN  org.hibernate.orm.deprecation - HHH90000025: SQLServerDialect does not need to be specified explicitly using 'hibernate.dialect' (remove the property setting and it will be selected by default)
2026-09-11 01:47:06.909 [main] WARN  o.h.t.s.i.ExceptionHandlerLoggedImpl - GenerationTarget encountered exception accepting command : Error executing DDL "
    create table ClientDocuments (
        fileId bigint identity not null,
        fileName varchar(255),
        filePath varchar(255),
        fileSize varchar(255),
        fileType varchar(255),
        uploadedBy varchar(255),
        uploadedDate date,
        userAccountId bigint not null,
        primary key (fileId)
    )" via JDBC [There is already an object named 'ClientDocuments' in the database.]
org.hibernate.tool.schema.spi.CommandAcceptanceException: Error executing DDL "
    create table ClientDocuments (
        fileId bigint identity not null,
        fileName varchar(255),
        filePath varchar(255),
        fileSize varchar(255),
        fileType varchar(255),
        uploadedBy varchar(255),
        uploadedDate date,
        userAccountId bigint not null,
        primary key (fileId)
    )" via JDBC [There is already an object named 'ClientDocuments' in the database.]
	at org.hibernate.tool.schema.internal.exec.GenerationTargetToDatabase.accept(GenerationTargetToDatabase.java:94)
	at org.hibernate.tool.schema.internal.AbstractSchemaMigrator.applySqlString(AbstractSchemaMigrator.java:574)
	at org.hibernate.tool.schema.internal.AbstractSchemaMigrator.applySqlStrings(AbstractSchemaMigrator.java:514)
	at org.hibernate.tool.schema.internal.AbstractSchemaMigrator.createTable(AbstractSchemaMigrator.java:315)
	at org.hibernate.tool.schema.internal.GroupedSchemaMigratorImpl.performTablesMigration(GroupedSchemaMigratorImpl.java:80)
	at org.hibernate.tool.schema.internal.AbstractSchemaMigrator.performMigration(AbstractSchemaMigrator.java:232)
	at org.hibernate.tool.schema.internal.AbstractSchemaMigrator.doMigration(AbstractSchemaMigrator.java:117)
	at org.hibernate.tool.schema.spi.SchemaManagementToolCoordinator.performDatabaseAction(SchemaManagementToolCoordinator.java:284)
	at org.hibernate.tool.schema.spi.SchemaManagementToolCoordinator.lambda$process$5(SchemaManagementToolCoordinator.java:143)
	at java.base/java.util.HashMap.forEach(HashMap.java:1421)
	at org.hibernate.tool.schema.spi.SchemaManagementToolCoordinator.process(SchemaManagementToolCoordinator.java:140)
	at org.hibernate.boot.internal.SessionFactoryObserverForSchemaExport.sessionFactoryCreated(SessionFactoryObserverForSchemaExport.java:37)
	at org.hibernate.internal.SessionFactoryObserverChain.sessionFactoryCreated(SessionFactoryObserverChain.java:35)
	at org.hibernate.internal.SessionFactoryImpl.<init>(SessionFactoryImpl.java:293)
	at org.hibernate.boot.internal.SessionFactoryBuilderImpl.build(SessionFactoryBuilderImpl.java:444)
	at org.hibernate.jpa.boot.internal.EntityManagerFactoryBuilderImpl.build(EntityManagerFactoryBuilderImpl.java:1458)
	at org.springframework.orm.jpa.vendor.SpringHibernateJpaPersistenceProvider.createContainerEntityManagerFactory(SpringHibernateJpaPersistenceProvider.java:75)
	at org.springframework.orm.jpa.LocalContainerEntityManagerFactoryBean.createNativeEntityManagerFactory(LocalContainerEntityManagerFactoryBean.java:376)
	at org.springframework.orm.jpa.AbstractEntityManagerFactoryBean.buildNativeEntityManagerFactory(AbstractEntityManagerFactoryBean.java:409)
	at org.springframework.orm.jpa.AbstractEntityManagerFactoryBean.afterPropertiesSet(AbstractEntityManagerFactoryBean.java:396)
	at org.springframework.orm.jpa.LocalContainerEntityManagerFactoryBean.afterPropertiesSet(LocalContainerEntityManagerFactoryBean.java:352)
	at org.springframework.beans.factory.support.AbstractAutowireCapableBeanFactory.invokeInitMethods(AbstractAutowireCapableBeanFactory.java:1817)
	at org.springframework.beans.factory.support.AbstractAutowireCapableBeanFactory.initializeBean(AbstractAutowireCapableBeanFactory.java:1766)
	at org.springframework.beans.factory.support.AbstractAutowireCapableBeanFactory.doCreateBean(AbstractAutowireCapableBeanFactory.java:598)
	at org.springframework.beans.factory.support.AbstractAutowireCapableBeanFactory.createBean(AbstractAutowireCapableBeanFactory.java:520)
	at org.springframework.beans.factory.support.AbstractBeanFactory.lambda$doGetBean$0(AbstractBeanFactory.java:325)
	at org.springframework.beans.factory.support.DefaultSingletonBeanRegistry.getSingleton(DefaultSingletonBeanRegistry.java:234)
	at org.springframework.beans.factory.support.AbstractBeanFactory.doGetBean(AbstractBeanFactory.java:323)
	at org.springframework.beans.factory.support.AbstractBeanFactory.getBean(AbstractBeanFactory.java:199)
	at org.springframework.context.support.AbstractApplicationContext.getBean(AbstractApplicationContext.java:1166)
	at org.springframework.context.support.AbstractApplicationContext.finishBeanFactoryInitialization(AbstractApplicationContext.java:940)
	at org.springframework.context.support.AbstractApplicationContext.refresh(AbstractApplicationContext.java:616)
	at org.springframework.boot.web.servlet.context.ServletWebServerApplicationContext.refresh(ServletWebServerApplicationContext.java:146)
	at org.springframework.boot.SpringApplication.refresh(SpringApplication.java:738)
	at org.springframework.boot.SpringApplication.refreshContext(SpringApplication.java:440)
	at org.springframework.boot.SpringApplication.run(SpringApplication.java:316)
	at org.springframework.boot.SpringApplication.run(SpringApplication.java:1306)
	at org.springframework.boot.SpringApplication.run(SpringApplication.java:1295)
	at config.SpringCrudApplication.main(SpringCrudApplication.java:21)
Caused by: com.microsoft.sqlserver.jdbc.SQLServerException: There is already an object named 'ClientDocuments' in the database.
	at com.microsoft.sqlserver.jdbc.SQLServerException.makeFromDatabaseError(SQLServerException.java:265)
	at com.microsoft.sqlserver.jdbc.SQLServerStatement.getNextResult(SQLServerStatement.java:1676)
	at com.microsoft.sqlserver.jdbc.SQLServerStatement.doExecuteStatement(SQLServerStatement.java:907)
	at com.microsoft.sqlserver.jdbc.SQLServerStatement$StmtExecCmd.doExecute(SQLServerStatement.java:802)
	at com.microsoft.sqlserver.jdbc.TDSCommand.execute(IOBuffer.java:7620)
	at com.microsoft.sqlserver.jdbc.SQLServerConnection.executeCommand(SQLServerConnection.java:3916)
	at com.microsoft.sqlserver.jdbc.SQLServerStatement.executeCommand(SQLServerStatement.java:268)
	at com.microsoft.sqlserver.jdbc.SQLServerStatement.executeStatement(SQLServerStatement.java:242)
	at com.microsoft.sqlserver.jdbc.SQLServerStatement.execute(SQLServerStatement.java:775)
	at com.zaxxer.hikari.pool.ProxyStatement.execute(ProxyStatement.java:94)
	at com.zaxxer.hikari.pool.HikariProxyStatement.execute(HikariProxyStatement.java)
	at org.hibernate.tool.schema.internal.exec.GenerationTargetToDatabase.accept(GenerationTargetToDatabase.java:80)
	... 38 common frames omitted
2026-09-11 01:47:06.913 [main] WARN  o.h.t.s.i.ExceptionHandlerLoggedImpl - GenerationTarget encountered exception accepting command : Error executing DDL "
    create table CustomerList (
        customerId bigint identity not null,
        endDate date,
        firstName varchar(255),
        gender varchar(255),
        lastName varchar(255),
        loanAmount bigint,
        loanType varchar(255),
        mobileNumber bigint,
        startDate date,
        totalPaid bigint,
        totalPayable bigint,
        userAccountId bigint,
        primary key (customerId)
    )" via JDBC [There is already an object named 'CustomerList' in the database.]
org.hibernate.tool.schema.spi.CommandAcceptanceException: Error executing DDL "
    create table CustomerList (
        customerId bigint identity not null,
        endDate date,
        firstName varchar(255),
        gender varchar(255),
        lastName varchar(255),
        loanAmount bigint,
        loanType varchar(255),
        mobileNumber bigint,
        startDate date,
        totalPaid bigint,
        totalPayable bigint,
        userAccountId bigint,
        primary key (customerId)
    )" via JDBC [There is already an object named 'CustomerList' in the database.]
	at org.hibernate.tool.schema.internal.exec.GenerationTargetToDatabase.accept(GenerationTargetToDatabase.java:94)
	at org.hibernate.tool.schema.internal.AbstractSchemaMigrator.applySqlString(AbstractSchemaMigrator.java:574)
	at org.hibernate.tool.schema.internal.AbstractSchemaMigrator.applySqlStrings(AbstractSchemaMigrator.java:514)
	at org.hibernate.tool.schema.internal.AbstractSchemaMigrator.createTable(AbstractSchemaMigrator.java:315)
	at org.hibernate.tool.schema.internal.GroupedSchemaMigratorImpl.performTablesMigration(GroupedSchemaMigratorImpl.java:80)
	at org.hibernate.tool.schema.internal.AbstractSchemaMigrator.performMigration(AbstractSchemaMigrator.java:232)
	at org.hibernate.tool.schema.internal.AbstractSchemaMigrator.doMigration(AbstractSchemaMigrator.java:117)
	at org.hibernate.tool.schema.spi.SchemaManagementToolCoordinator.performDatabaseAction(SchemaManagementToolCoordinator.java:284)
	at org.hibernate.tool.schema.spi.SchemaManagementToolCoordinator.lambda$process$5(SchemaManagementToolCoordinator.java:143)
	at java.base/java.util.HashMap.forEach(HashMap.java:1421)
	at org.hibernate.tool.schema.spi.SchemaManagementToolCoordinator.process(SchemaManagementToolCoordinator.java:140)
	at org.hibernate.boot.internal.SessionFactoryObserverForSchemaExport.sessionFactoryCreated(SessionFactoryObserverForSchemaExport.java:37)
	at org.hibernate.internal.SessionFactoryObserverChain.sessionFactoryCreated(SessionFactoryObserverChain.java:35)
	at org.hibernate.internal.SessionFactoryImpl.<init>(SessionFactoryImpl.java:293)
	at org.hibernate.boot.internal.SessionFactoryBuilderImpl.build(SessionFactoryBuilderImpl.java:444)
	at org.hibernate.jpa.boot.internal.EntityManagerFactoryBuilderImpl.build(EntityManagerFactoryBuilderImpl.java:1458)
	at org.springframework.orm.jpa.vendor.SpringHibernateJpaPersistenceProvider.createContainerEntityManagerFactory(SpringHibernateJpaPersistenceProvider.java:75)
	at org.springframework.orm.jpa.LocalContainerEntityManagerFactoryBean.createNativeEntityManagerFactory(LocalContainerEntityManagerFactoryBean.java:376)
	at org.springframework.orm.jpa.AbstractEntityManagerFactoryBean.buildNativeEntityManagerFactory(AbstractEntityManagerFactoryBean.java:409)
	at org.springframework.orm.jpa.AbstractEntityManagerFactoryBean.afterPropertiesSet(AbstractEntityManagerFactoryBean.java:396)
	at org.springframework.orm.jpa.LocalContainerEntityManagerFactoryBean.afterPropertiesSet(LocalContainerEntityManagerFactoryBean.java:352)
	at org.springframework.beans.factory.support.AbstractAutowireCapableBeanFactory.invokeInitMethods(AbstractAutowireCapableBeanFactory.java:1817)
	at org.springframework.beans.factory.support.AbstractAutowireCapableBeanFactory.initializeBean(AbstractAutowireCapableBeanFactory.java:1766)
	at org.springframework.beans.factory.support.AbstractAutowireCapableBeanFactory.doCreateBean(AbstractAutowireCapableBeanFactory.java:598)
	at org.springframework.beans.factory.support.AbstractAutowireCapableBeanFactory.createBean(AbstractAutowireCapableBeanFactory.java:520)
	at org.springframework.beans.factory.support.AbstractBeanFactory.lambda$doGetBean$0(AbstractBeanFactory.java:325)
	at org.springframework.beans.factory.support.DefaultSingletonBeanRegistry.getSingleton(DefaultSingletonBeanRegistry.java:234)
	at org.springframework.beans.factory.support.AbstractBeanFactory.doGetBean(AbstractBeanFactory.java:323)
	at org.springframework.beans.factory.support.AbstractBeanFactory.getBean(AbstractBeanFactory.java:199)
	at org.springframework.context.support.AbstractApplicationContext.getBean(AbstractApplicationContext.java:1166)
	at org.springframework.context.support.AbstractApplicationContext.finishBeanFactoryInitialization(AbstractApplicationContext.java:940)
	at org.springframework.context.support.AbstractApplicationContext.refresh(AbstractApplicationContext.java:616)
	at org.springframework.boot.web.servlet.context.ServletWebServerApplicationContext.refresh(ServletWebServerApplicationContext.java:146)
	at org.springframework.boot.SpringApplication.refresh(SpringApplication.java:738)
	at org.springframework.boot.SpringApplication.refreshContext(SpringApplication.java:440)
	at org.springframework.boot.SpringApplication.run(SpringApplication.java:316)
	at org.springframework.boot.SpringApplication.run(SpringApplication.java:1306)
	at org.springframework.boot.SpringApplication.run(SpringApplication.java:1295)
	at config.SpringCrudApplication.main(SpringCrudApplication.java:21)
Caused by: com.microsoft.sqlserver.jdbc.SQLServerException: There is already an object named 'CustomerList' in the database.
	at com.microsoft.sqlserver.jdbc.SQLServerException.makeFromDatabaseError(SQLServerException.java:265)
	at com.microsoft.sqlserver.jdbc.SQLServerStatement.getNextResult(SQLServerStatement.java:1676)
	at com.microsoft.sqlserver.jdbc.SQLServerStatement.doExecuteStatement(SQLServerStatement.java:907)
	at com.microsoft.sqlserver.jdbc.SQLServerStatement$StmtExecCmd.doExecute(SQLServerStatement.java:802)
	at com.microsoft.sqlserver.jdbc.TDSCommand.execute(IOBuffer.java:7620)
	at com.microsoft.sqlserver.jdbc.SQLServerConnection.executeCommand(SQLServerConnection.java:3916)
	at com.microsoft.sqlserver.jdbc.SQLServerStatement.executeCommand(SQLServerStatement.java:268)
	at com.microsoft.sqlserver.jdbc.SQLServerStatement.executeStatement(SQLServerStatement.java:242)
	at com.microsoft.sqlserver.jdbc.SQLServerStatement.execute(SQLServerStatement.java:775)
	at com.zaxxer.hikari.pool.ProxyStatement.execute(ProxyStatement.java:94)
	at com.zaxxer.hikari.pool.HikariProxyStatement.execute(HikariProxyStatement.java)
	at org.hibernate.tool.schema.internal.exec.GenerationTargetToDatabase.accept(GenerationTargetToDatabase.java:80)
	... 38 common frames omitted
2026-09-11 01:47:06.915 [main] WARN  o.h.t.s.i.ExceptionHandlerLoggedImpl - GenerationTarget encountered exception accepting command : Error executing DDL "
    create table NavigationMenu (
        menuId bigint identity not null,
        menuName varchar(255),
        primary key (menuId)
    )" via JDBC [There is already an object named 'NavigationMenu' in the database.]
org.hibernate.tool.schema.spi.CommandAcceptanceException: Error executing DDL "
    create table NavigationMenu (
        menuId bigint identity not null,
        menuName varchar(255),
        primary key (menuId)
    )" via JDBC [There is already an object named 'NavigationMenu' in the database.]
	at org.hibernate.tool.schema.internal.exec.GenerationTargetToDatabase.accept(GenerationTargetToDatabase.java:94)
	at org.hibernate.tool.schema.internal.AbstractSchemaMigrator.applySqlString(AbstractSchemaMigrator.java:574)
	at org.hibernate.tool.schema.internal.AbstractSchemaMigrator.applySqlStrings(AbstractSchemaMigrator.java:514)
	at org.hibernate.tool.schema.internal.AbstractSchemaMigrator.createTable(AbstractSchemaMigrator.java:315)
	at org.hibernate.tool.schema.internal.GroupedSchemaMigratorImpl.performTablesMigration(GroupedSchemaMigratorImpl.java:80)
	at org.hibernate.tool.schema.internal.AbstractSchemaMigrator.performMigration(AbstractSchemaMigrator.java:232)
	at org.hibernate.tool.schema.internal.AbstractSchemaMigrator.doMigration(AbstractSchemaMigrator.java:117)
	at org.hibernate.tool.schema.spi.SchemaManagementToolCoordinator.performDatabaseAction(SchemaManagementToolCoordinator.java:284)
	at org.hibernate.tool.schema.spi.SchemaManagementToolCoordinator.lambda$process$5(SchemaManagementToolCoordinator.java:143)
	at java.base/java.util.HashMap.forEach(HashMap.java:1421)
	at org.hibernate.tool.schema.spi.SchemaManagementToolCoordinator.process(SchemaManagementToolCoordinator.java:140)
	at org.hibernate.boot.internal.SessionFactoryObserverForSchemaExport.sessionFactoryCreated(SessionFactoryObserverForSchemaExport.java:37)
	at org.hibernate.internal.SessionFactoryObserverChain.sessionFactoryCreated(SessionFactoryObserverChain.java:35)
	at org.hibernate.internal.SessionFactoryImpl.<init>(SessionFactoryImpl.java:293)
	at org.hibernate.boot.internal.SessionFactoryBuilderImpl.build(SessionFactoryBuilderImpl.java:444)
	at org.hibernate.jpa.boot.internal.EntityManagerFactoryBuilderImpl.build(EntityManagerFactoryBuilderImpl.java:1458)
	at org.springframework.orm.jpa.vendor.SpringHibernateJpaPersistenceProvider.createContainerEntityManagerFactory(SpringHibernateJpaPersistenceProvider.java:75)
	at org.springframework.orm.jpa.LocalContainerEntityManagerFactoryBean.createNativeEntityManagerFactory(LocalContainerEntityManagerFactoryBean.java:376)
	at org.springframework.orm.jpa.AbstractEntityManagerFactoryBean.buildNativeEntityManagerFactory(AbstractEntityManagerFactoryBean.java:409)
	at org.springframework.orm.jpa.AbstractEntityManagerFactoryBean.afterPropertiesSet(AbstractEntityManagerFactoryBean.java:396)
	at org.springframework.orm.jpa.LocalContainerEntityManagerFactoryBean.afterPropertiesSet(LocalContainerEntityManagerFactoryBean.java:352)
	at org.springframework.beans.factory.support.AbstractAutowireCapableBeanFactory.invokeInitMethods(AbstractAutowireCapableBeanFactory.java:1817)
	at org.springframework.beans.factory.support.AbstractAutowireCapableBeanFactory.initializeBean(AbstractAutowireCapableBeanFactory.java:1766)
	at org.springframework.beans.factory.support.AbstractAutowireCapableBeanFactory.doCreateBean(AbstractAutowireCapableBeanFactory.java:598)
	at org.springframework.beans.factory.support.AbstractAutowireCapableBeanFactory.createBean(AbstractAutowireCapableBeanFactory.java:520)
	at org.springframework.beans.factory.support.AbstractBeanFactory.lambda$doGetBean$0(AbstractBeanFactory.java:325)
	at org.springframework.beans.factory.support.DefaultSingletonBeanRegistry.getSingleton(DefaultSingletonBeanRegistry.java:234)
	at org.springframework.beans.factory.support.AbstractBeanFactory.doGetBean(AbstractBeanFactory.java:323)
	at org.springframework.beans.factory.support.AbstractBeanFactory.getBean(AbstractBeanFactory.java:199)
	at org.springframework.context.support.AbstractApplicationContext.getBean(AbstractApplicationContext.java:1166)
	at org.springframework.context.support.AbstractApplicationContext.finishBeanFactoryInitialization(AbstractApplicationContext.java:940)
	at org.springframework.context.support.AbstractApplicationContext.refresh(AbstractApplicationContext.java:616)
	at org.springframework.boot.web.servlet.context.ServletWebServerApplicationContext.refresh(ServletWebServerApplicationContext.java:146)
	at org.springframework.boot.SpringApplication.refresh(SpringApplication.java:738)
	at org.springframework.boot.SpringApplication.refreshContext(SpringApplication.java:440)
	at org.springframework.boot.SpringApplication.run(SpringApplication.java:316)
	at org.springframework.boot.SpringApplication.run(SpringApplication.java:1306)
	at org.springframework.boot.SpringApplication.run(SpringApplication.java:1295)
	at config.SpringCrudApplication.main(SpringCrudApplication.java:21)
Caused by: com.microsoft.sqlserver.jdbc.SQLServerException: There is already an object named 'NavigationMenu' in the database.
	at com.microsoft.sqlserver.jdbc.SQLServerException.makeFromDatabaseError(SQLServerException.java:265)
	at com.microsoft.sqlserver.jdbc.SQLServerStatement.getNextResult(SQLServerStatement.java:1676)
	at com.microsoft.sqlserver.jdbc.SQLServerStatement.doExecuteStatement(SQLServerStatement.java:907)
	at com.microsoft.sqlserver.jdbc.SQLServerStatement$StmtExecCmd.doExecute(SQLServerStatement.java:802)
	at com.microsoft.sqlserver.jdbc.TDSCommand.execute(IOBuffer.java:7620)
	at com.microsoft.sqlserver.jdbc.SQLServerConnection.executeCommand(SQLServerConnection.java:3916)
	at com.microsoft.sqlserver.jdbc.SQLServerStatement.executeCommand(SQLServerStatement.java:268)
	at com.microsoft.sqlserver.jdbc.SQLServerStatement.executeStatement(SQLServerStatement.java:242)
	at com.microsoft.sqlserver.jdbc.SQLServerStatement.execute(SQLServerStatement.java:775)
	at com.zaxxer.hikari.pool.ProxyStatement.execute(ProxyStatement.java:94)
	at com.zaxxer.hikari.pool.HikariProxyStatement.execute(HikariProxyStatement.java)
	at org.hibernate.tool.schema.internal.exec.GenerationTargetToDatabase.accept(GenerationTargetToDatabase.java:80)
	... 38 common frames omitted
2026-09-11 01:47:06.918 [main] WARN  o.h.t.s.i.ExceptionHandlerLoggedImpl - GenerationTarget encountered exception accepting command : Error executing DDL "
    create table Payments (
        paymentId bigint identity not null,
        amount bigint,
        customerId bigint,
        date date,
        loanType varchar(255),
        paymentMode varchar(255),
        paymentStatus bit,
        primary key (paymentId)
    )" via JDBC [There is already an object named 'Payments' in the database.]
org.hibernate.tool.schema.spi.CommandAcceptanceException: Error executing DDL "
    create table Payments (
        paymentId bigint identity not null,
        amount bigint,
        customerId bigint,
        date date,
        loanType varchar(255),
        paymentMode varchar(255),
        paymentStatus bit,
        primary key (paymentId)
    )" via JDBC [There is already an object named 'Payments' in the database.]
	at org.hibernate.tool.schema.internal.exec.GenerationTargetToDatabase.accept(GenerationTargetToDatabase.java:94)
	at org.hibernate.tool.schema.internal.AbstractSchemaMigrator.applySqlString(AbstractSchemaMigrator.java:574)
	at org.hibernate.tool.schema.internal.AbstractSchemaMigrator.applySqlStrings(AbstractSchemaMigrator.java:514)
	at org.hibernate.tool.schema.internal.AbstractSchemaMigrator.createTable(AbstractSchemaMigrator.java:315)
	at org.hibernate.tool.schema.internal.GroupedSchemaMigratorImpl.performTablesMigration(GroupedSchemaMigratorImpl.java:80)
	at org.hibernate.tool.schema.internal.AbstractSchemaMigrator.performMigration(AbstractSchemaMigrator.java:232)
	at org.hibernate.tool.schema.internal.AbstractSchemaMigrator.doMigration(AbstractSchemaMigrator.java:117)
	at org.hibernate.tool.schema.spi.SchemaManagementToolCoordinator.performDatabaseAction(SchemaManagementToolCoordinator.java:284)
	at org.hibernate.tool.schema.spi.SchemaManagementToolCoordinator.lambda$process$5(SchemaManagementToolCoordinator.java:143)
	at java.base/java.util.HashMap.forEach(HashMap.java:1421)
	at org.hibernate.tool.schema.spi.SchemaManagementToolCoordinator.process(SchemaManagementToolCoordinator.java:140)
	at org.hibernate.boot.internal.SessionFactoryObserverForSchemaExport.sessionFactoryCreated(SessionFactoryObserverForSchemaExport.java:37)
	at org.hibernate.internal.SessionFactoryObserverChain.sessionFactoryCreated(SessionFactoryObserverChain.java:35)
	at org.hibernate.internal.SessionFactoryImpl.<init>(SessionFactoryImpl.java:293)
	at org.hibernate.boot.internal.SessionFactoryBuilderImpl.build(SessionFactoryBuilderImpl.java:444)
	at org.hibernate.jpa.boot.internal.EntityManagerFactoryBuilderImpl.build(EntityManagerFactoryBuilderImpl.java:1458)
	at org.springframework.orm.jpa.vendor.SpringHibernateJpaPersistenceProvider.createContainerEntityManagerFactory(SpringHibernateJpaPersistenceProvider.java:75)
	at org.springframework.orm.jpa.LocalContainerEntityManagerFactoryBean.createNativeEntityManagerFactory(LocalContainerEntityManagerFactoryBean.java:376)
	at org.springframework.orm.jpa.AbstractEntityManagerFactoryBean.buildNativeEntityManagerFactory(AbstractEntityManagerFactoryBean.java:409)
	at org.springframework.orm.jpa.AbstractEntityManagerFactoryBean.afterPropertiesSet(AbstractEntityManagerFactoryBean.java:396)
	at org.springframework.orm.jpa.LocalContainerEntityManagerFactoryBean.afterPropertiesSet(LocalContainerEntityManagerFactoryBean.java:352)
	at org.springframework.beans.factory.support.AbstractAutowireCapableBeanFactory.invokeInitMethods(AbstractAutowireCapableBeanFactory.java:1817)
	at org.springframework.beans.factory.support.AbstractAutowireCapableBeanFactory.initializeBean(AbstractAutowireCapableBeanFactory.java:1766)
	at org.springframework.beans.factory.support.AbstractAutowireCapableBeanFactory.doCreateBean(AbstractAutowireCapableBeanFactory.java:598)
	at org.springframework.beans.factory.support.AbstractAutowireCapableBeanFactory.createBean(AbstractAutowireCapableBeanFactory.java:520)
	at org.springframework.beans.factory.support.AbstractBeanFactory.lambda$doGetBean$0(AbstractBeanFactory.java:325)
	at org.springframework.beans.factory.support.DefaultSingletonBeanRegistry.getSingleton(DefaultSingletonBeanRegistry.java:234)
	at org.springframework.beans.factory.support.AbstractBeanFactory.doGetBean(AbstractBeanFactory.java:323)
	at org.springframework.beans.factory.support.AbstractBeanFactory.getBean(AbstractBeanFactory.java:199)
	at org.springframework.context.support.AbstractApplicationContext.getBean(AbstractApplicationContext.java:1166)
	at org.springframework.context.support.AbstractApplicationContext.finishBeanFactoryInitialization(AbstractApplicationContext.java:940)
	at org.springframework.context.support.AbstractApplicationContext.refresh(AbstractApplicationContext.java:616)
	at org.springframework.boot.web.servlet.context.ServletWebServerApplicationContext.refresh(ServletWebServerApplicationContext.java:146)
	at org.springframework.boot.SpringApplication.refresh(SpringApplication.java:738)
	at org.springframework.boot.SpringApplication.refreshContext(SpringApplication.java:440)
	at org.springframework.boot.SpringApplication.run(SpringApplication.java:316)
	at org.springframework.boot.SpringApplication.run(SpringApplication.java:1306)
	at org.springframework.boot.SpringApplication.run(SpringApplication.java:1295)
	at config.SpringCrudApplication.main(SpringCrudApplication.java:21)
Caused by: com.microsoft.sqlserver.jdbc.SQLServerException: There is already an object named 'Payments' in the database.
	at com.microsoft.sqlserver.jdbc.SQLServerException.makeFromDatabaseError(SQLServerException.java:265)
	at com.microsoft.sqlserver.jdbc.SQLServerStatement.getNextResult(SQLServerStatement.java:1676)
	at com.microsoft.sqlserver.jdbc.SQLServerStatement.doExecuteStatement(SQLServerStatement.java:907)
	at com.microsoft.sqlserver.jdbc.SQLServerStatement$StmtExecCmd.doExecute(SQLServerStatement.java:802)
	at com.microsoft.sqlserver.jdbc.TDSCommand.execute(IOBuffer.java:7620)
	at com.microsoft.sqlserver.jdbc.SQLServerConnection.executeCommand(SQLServerConnection.java:3916)
	at com.microsoft.sqlserver.jdbc.SQLServerStatement.executeCommand(SQLServerStatement.java:268)
	at com.microsoft.sqlserver.jdbc.SQLServerStatement.executeStatement(SQLServerStatement.java:242)
	at com.microsoft.sqlserver.jdbc.SQLServerStatement.execute(SQLServerStatement.java:775)
	at com.zaxxer.hikari.pool.ProxyStatement.execute(ProxyStatement.java:94)
	at com.zaxxer.hikari.pool.HikariProxyStatement.execute(HikariProxyStatement.java)
	at org.hibernate.tool.schema.internal.exec.GenerationTargetToDatabase.accept(GenerationTargetToDatabase.java:80)
	... 38 common frames omitted
2026-09-11 01:47:06.921 [main] WARN  o.h.t.s.i.ExceptionHandlerLoggedImpl - GenerationTarget encountered exception accepting command : Error executing DDL "
    create table UserAccount (
        userAccountId bigint identity not null,
        address varchar(255),
        adharImagePath varchar(255),
        adharNumber bigint,
        altMobileNumber bigint,
        annualIncome bigint,
        city varchar(255),
        currentLoginDate date,
        dob date,
        email varchar(255),
        fathersName varchar(255),
        firstName varchar(255),
        gender varchar(255),
        isActive bit not null,
        lastLoginDate date,
        lastName varchar(255),
        loginAttempt int,
        marriedStatus varchar(255),
        mobileNumber bigint,
        occupation varchar(255),
        panImagePath varchar(255),
        panNumber varchar(255),
        password varchar(255),
        qualification varchar(255),
        state varchar(255),
        userGroupId bigint,
        userName varchar(255),
        zipcode varchar(255),
        primary key (userAccountId)
    )" via JDBC [There is already an object named 'UserAccount' in the database.]
org.hibernate.tool.schema.spi.CommandAcceptanceException: Error executing DDL "
    create table UserAccount (
        userAccountId bigint identity not null,
        address varchar(255),
        adharImagePath varchar(255),
        adharNumber bigint,
        altMobileNumber bigint,
        annualIncome bigint,
        city varchar(255),
        currentLoginDate date,
        dob date,
        email varchar(255),
        fathersName varchar(255),
        firstName varchar(255),
        gender varchar(255),
        isActive bit not null,
        lastLoginDate date,
        lastName varchar(255),
        loginAttempt int,
        marriedStatus varchar(255),
        mobileNumber bigint,
        occupation varchar(255),
        panImagePath varchar(255),
        panNumber varchar(255),
        password varchar(255),
        qualification varchar(255),
        state varchar(255),
        userGroupId bigint,
        userName varchar(255),
        zipcode varchar(255),
        primary key (userAccountId)
    )" via JDBC [There is already an object named 'UserAccount' in the database.]
	at org.hibernate.tool.schema.internal.exec.GenerationTargetToDatabase.accept(GenerationTargetToDatabase.java:94)
	at org.hibernate.tool.schema.internal.AbstractSchemaMigrator.applySqlString(AbstractSchemaMigrator.java:574)
	at org.hibernate.tool.schema.internal.AbstractSchemaMigrator.applySqlStrings(AbstractSchemaMigrator.java:514)
	at org.hibernate.tool.schema.internal.AbstractSchemaMigrator.createTable(AbstractSchemaMigrator.java:315)
	at org.hibernate.tool.schema.internal.GroupedSchemaMigratorImpl.performTablesMigration(GroupedSchemaMigratorImpl.java:80)
	at org.hibernate.tool.schema.internal.AbstractSchemaMigrator.performMigration(AbstractSchemaMigrator.java:232)
	at org.hibernate.tool.schema.internal.AbstractSchemaMigrator.doMigration(AbstractSchemaMigrator.java:117)
	at org.hibernate.tool.schema.spi.SchemaManagementToolCoordinator.performDatabaseAction(SchemaManagementToolCoordinator.java:284)
	at org.hibernate.tool.schema.spi.SchemaManagementToolCoordinator.lambda$process$5(SchemaManagementToolCoordinator.java:143)
	at java.base/java.util.HashMap.forEach(HashMap.java:1421)
	at org.hibernate.tool.schema.spi.SchemaManagementToolCoordinator.process(SchemaManagementToolCoordinator.java:140)
	at org.hibernate.boot.internal.SessionFactoryObserverForSchemaExport.sessionFactoryCreated(SessionFactoryObserverForSchemaExport.java:37)
	at org.hibernate.internal.SessionFactoryObserverChain.sessionFactoryCreated(SessionFactoryObserverChain.java:35)
	at org.hibernate.internal.SessionFactoryImpl.<init>(SessionFactoryImpl.java:293)
	at org.hibernate.boot.internal.SessionFactoryBuilderImpl.build(SessionFactoryBuilderImpl.java:444)
	at org.hibernate.jpa.boot.internal.EntityManagerFactoryBuilderImpl.build(EntityManagerFactoryBuilderImpl.java:1458)
	at org.springframework.orm.jpa.vendor.SpringHibernateJpaPersistenceProvider.createContainerEntityManagerFactory(SpringHibernateJpaPersistenceProvider.java:75)
	at org.springframework.orm.jpa.LocalContainerEntityManagerFactoryBean.createNativeEntityManagerFactory(LocalContainerEntityManagerFactoryBean.java:376)
	at org.springframework.orm.jpa.AbstractEntityManagerFactoryBean.buildNativeEntityManagerFactory(AbstractEntityManagerFactoryBean.java:409)
	at org.springframework.orm.jpa.AbstractEntityManagerFactoryBean.afterPropertiesSet(AbstractEntityManagerFactoryBean.java:396)
	at org.springframework.orm.jpa.LocalContainerEntityManagerFactoryBean.afterPropertiesSet(LocalContainerEntityManagerFactoryBean.java:352)
	at org.springframework.beans.factory.support.AbstractAutowireCapableBeanFactory.invokeInitMethods(AbstractAutowireCapableBeanFactory.java:1817)
	at org.springframework.beans.factory.support.AbstractAutowireCapableBeanFactory.initializeBean(AbstractAutowireCapableBeanFactory.java:1766)
	at org.springframework.beans.factory.support.AbstractAutowireCapableBeanFactory.doCreateBean(AbstractAutowireCapableBeanFactory.java:598)
	at org.springframework.beans.factory.support.AbstractAutowireCapableBeanFactory.createBean(AbstractAutowireCapableBeanFactory.java:520)
	at org.springframework.beans.factory.support.AbstractBeanFactory.lambda$doGetBean$0(AbstractBeanFactory.java:325)
	at org.springframework.beans.factory.support.DefaultSingletonBeanRegistry.getSingleton(DefaultSingletonBeanRegistry.java:234)
	at org.springframework.beans.factory.support.AbstractBeanFactory.doGetBean(AbstractBeanFactory.java:323)
	at org.springframework.beans.factory.support.AbstractBeanFactory.getBean(AbstractBeanFactory.java:199)
	at org.springframework.context.support.AbstractApplicationContext.getBean(AbstractApplicationContext.java:1166)
	at org.springframework.context.support.AbstractApplicationContext.finishBeanFactoryInitialization(AbstractApplicationContext.java:940)
	at org.springframework.context.support.AbstractApplicationContext.refresh(AbstractApplicationContext.java:616)
	at org.springframework.boot.web.servlet.context.ServletWebServerApplicationContext.refresh(ServletWebServerApplicationContext.java:146)
	at org.springframework.boot.SpringApplication.refresh(SpringApplication.java:738)
	at org.springframework.boot.SpringApplication.refreshContext(SpringApplication.java:440)
	at org.springframework.boot.SpringApplication.run(SpringApplication.java:316)
	at org.springframework.boot.SpringApplication.run(SpringApplication.java:1306)
	at org.springframework.boot.SpringApplication.run(SpringApplication.java:1295)
	at config.SpringCrudApplication.main(SpringCrudApplication.java:21)
Caused by: com.microsoft.sqlserver.jdbc.SQLServerException: There is already an object named 'UserAccount' in the database.
	at com.microsoft.sqlserver.jdbc.SQLServerException.makeFromDatabaseError(SQLServerException.java:265)
	at com.microsoft.sqlserver.jdbc.SQLServerStatement.getNextResult(SQLServerStatement.java:1676)
	at com.microsoft.sqlserver.jdbc.SQLServerStatement.doExecuteStatement(SQLServerStatement.java:907)
	at com.microsoft.sqlserver.jdbc.SQLServerStatement$StmtExecCmd.doExecute(SQLServerStatement.java:802)
	at com.microsoft.sqlserver.jdbc.TDSCommand.execute(IOBuffer.java:7620)
	at com.microsoft.sqlserver.jdbc.SQLServerConnection.executeCommand(SQLServerConnection.java:3916)
	at com.microsoft.sqlserver.jdbc.SQLServerStatement.executeCommand(SQLServerStatement.java:268)
	at com.microsoft.sqlserver.jdbc.SQLServerStatement.executeStatement(SQLServerStatement.java:242)
	at com.microsoft.sqlserver.jdbc.SQLServerStatement.execute(SQLServerStatement.java:775)
	at com.zaxxer.hikari.pool.ProxyStatement.execute(ProxyStatement.java:94)
	at com.zaxxer.hikari.pool.HikariProxyStatement.execute(HikariProxyStatement.java)
	at org.hibernate.tool.schema.internal.exec.GenerationTargetToDatabase.accept(GenerationTargetToDatabase.java:80)
	... 38 common frames omitted
2026-09-11 01:47:06.923 [main] WARN  o.h.t.s.i.ExceptionHandlerLoggedImpl - GenerationTarget encountered exception accepting command : Error executing DDL "
    create table UserGroup (
        userGroupId bigint identity not null,
        userGroupName varchar(255),
        primary key (userGroupId)
    )" via JDBC [There is already an object named 'UserGroup' in the database.]
org.hibernate.tool.schema.spi.CommandAcceptanceException: Error executing DDL "
    create table UserGroup (
        userGroupId bigint identity not null,
        userGroupName varchar(255),
        primary key (userGroupId)
    )" via JDBC [There is already an object named 'UserGroup' in the database.]
	at org.hibernate.tool.schema.internal.exec.GenerationTargetToDatabase.accept(GenerationTargetToDatabase.java:94)
	at org.hibernate.tool.schema.internal.AbstractSchemaMigrator.applySqlString(AbstractSchemaMigrator.java:574)
	at org.hibernate.tool.schema.internal.AbstractSchemaMigrator.applySqlStrings(AbstractSchemaMigrator.java:514)
	at org.hibernate.tool.schema.internal.AbstractSchemaMigrator.createTable(AbstractSchemaMigrator.java:315)
	at org.hibernate.tool.schema.internal.GroupedSchemaMigratorImpl.performTablesMigration(GroupedSchemaMigratorImpl.java:80)
	at org.hibernate.tool.schema.internal.AbstractSchemaMigrator.performMigration(AbstractSchemaMigrator.java:232)
	at org.hibernate.tool.schema.internal.AbstractSchemaMigrator.doMigration(AbstractSchemaMigrator.java:117)
	at org.hibernate.tool.schema.spi.SchemaManagementToolCoordinator.performDatabaseAction(SchemaManagementToolCoordinator.java:284)
	at org.hibernate.tool.schema.spi.SchemaManagementToolCoordinator.lambda$process$5(SchemaManagementToolCoordinator.java:143)
	at java.base/java.util.HashMap.forEach(HashMap.java:1421)
	at org.hibernate.tool.schema.spi.SchemaManagementToolCoordinator.process(SchemaManagementToolCoordinator.java:140)
	at org.hibernate.boot.internal.SessionFactoryObserverForSchemaExport.sessionFactoryCreated(SessionFactoryObserverForSchemaExport.java:37)
	at org.hibernate.internal.SessionFactoryObserverChain.sessionFactoryCreated(SessionFactoryObserverChain.java:35)
	at org.hibernate.internal.SessionFactoryImpl.<init>(SessionFactoryImpl.java:293)
	at org.hibernate.boot.internal.SessionFactoryBuilderImpl.build(SessionFactoryBuilderImpl.java:444)
	at org.hibernate.jpa.boot.internal.EntityManagerFactoryBuilderImpl.build(EntityManagerFactoryBuilderImpl.java:1458)
	at org.springframework.orm.jpa.vendor.SpringHibernateJpaPersistenceProvider.createContainerEntityManagerFactory(SpringHibernateJpaPersistenceProvider.java:75)
	at org.springframework.orm.jpa.LocalContainerEntityManagerFactoryBean.createNativeEntityManagerFactory(LocalContainerEntityManagerFactoryBean.java:376)
	at org.springframework.orm.jpa.AbstractEntityManagerFactoryBean.buildNativeEntityManagerFactory(AbstractEntityManagerFactoryBean.java:409)
	at org.springframework.orm.jpa.AbstractEntityManagerFactoryBean.afterPropertiesSet(AbstractEntityManagerFactoryBean.java:396)
	at org.springframework.orm.jpa.LocalContainerEntityManagerFactoryBean.afterPropertiesSet(LocalContainerEntityManagerFactoryBean.java:352)
	at org.springframework.beans.factory.support.AbstractAutowireCapableBeanFactory.invokeInitMethods(AbstractAutowireCapableBeanFactory.java:1817)
	at org.springframework.beans.factory.support.AbstractAutowireCapableBeanFactory.initializeBean(AbstractAutowireCapableBeanFactory.java:1766)
	at org.springframework.beans.factory.support.AbstractAutowireCapableBeanFactory.doCreateBean(AbstractAutowireCapableBeanFactory.java:598)
	at org.springframework.beans.factory.support.AbstractAutowireCapableBeanFactory.createBean(AbstractAutowireCapableBeanFactory.java:520)
	at org.springframework.beans.factory.support.AbstractBeanFactory.lambda$doGetBean$0(AbstractBeanFactory.java:325)
	at org.springframework.beans.factory.support.DefaultSingletonBeanRegistry.getSingleton(DefaultSingletonBeanRegistry.java:234)
	at org.springframework.beans.factory.support.AbstractBeanFactory.doGetBean(AbstractBeanFactory.java:323)
	at org.springframework.beans.factory.support.AbstractBeanFactory.getBean(AbstractBeanFactory.java:199)
	at org.springframework.context.support.AbstractApplicationContext.getBean(AbstractApplicationContext.java:1166)
	at org.springframework.context.support.AbstractApplicationContext.finishBeanFactoryInitialization(AbstractApplicationContext.java:940)
	at org.springframework.context.support.AbstractApplicationContext.refresh(AbstractApplicationContext.java:616)
	at org.springframework.boot.web.servlet.context.ServletWebServerApplicationContext.refresh(ServletWebServerApplicationContext.java:146)
	at org.springframework.boot.SpringApplication.refresh(SpringApplication.java:738)
	at org.springframework.boot.SpringApplication.refreshContext(SpringApplication.java:440)
	at org.springframework.boot.SpringApplication.run(SpringApplication.java:316)
	at org.springframework.boot.SpringApplication.run(SpringApplication.java:1306)
	at org.springframework.boot.SpringApplication.run(SpringApplication.java:1295)
	at config.SpringCrudApplication.main(SpringCrudApplication.java:21)
Caused by: com.microsoft.sqlserver.jdbc.SQLServerException: There is already an object named 'UserGroup' in the database.
	at com.microsoft.sqlserver.jdbc.SQLServerException.makeFromDatabaseError(SQLServerException.java:265)
	at com.microsoft.sqlserver.jdbc.SQLServerStatement.getNextResult(SQLServerStatement.java:1676)
	at com.microsoft.sqlserver.jdbc.SQLServerStatement.doExecuteStatement(SQLServerStatement.java:907)
	at com.microsoft.sqlserver.jdbc.SQLServerStatement$StmtExecCmd.doExecute(SQLServerStatement.java:802)
	at com.microsoft.sqlserver.jdbc.TDSCommand.execute(IOBuffer.java:7620)
	at com.microsoft.sqlserver.jdbc.SQLServerConnection.executeCommand(SQLServerConnection.java:3916)
	at com.microsoft.sqlserver.jdbc.SQLServerStatement.executeCommand(SQLServerStatement.java:268)
	at com.microsoft.sqlserver.jdbc.SQLServerStatement.executeStatement(SQLServerStatement.java:242)
	at com.microsoft.sqlserver.jdbc.SQLServerStatement.execute(SQLServerStatement.java:775)
	at com.zaxxer.hikari.pool.ProxyStatement.execute(ProxyStatement.java:94)
	at com.zaxxer.hikari.pool.HikariProxyStatement.execute(HikariProxyStatement.java)
	at org.hibernate.tool.schema.internal.exec.GenerationTargetToDatabase.accept(GenerationTargetToDatabase.java:80)
	... 38 common frames omitted
2026-09-11 01:47:06.928 [main] WARN  o.h.t.s.i.ExceptionHandlerLoggedImpl - GenerationTarget encountered exception accepting command : Error executing DDL "
    alter table Payments 
       add constraint FKmcddpsiemwcivhnevsvagjwk4 
       foreign key (customerId) 
       references CustomerList" via JDBC [There is already an object named 'FKmcddpsiemwcivhnevsvagjwk4' in the database.]
org.hibernate.tool.schema.spi.CommandAcceptanceException: Error executing DDL "
    alter table Payments 
       add constraint FKmcddpsiemwcivhnevsvagjwk4 
       foreign key (customerId) 
       references CustomerList" via JDBC [There is already an object named 'FKmcddpsiemwcivhnevsvagjwk4' in the database.]
	at org.hibernate.tool.schema.internal.exec.GenerationTargetToDatabase.accept(GenerationTargetToDatabase.java:94)
	at org.hibernate.tool.schema.internal.AbstractSchemaMigrator.applySqlString(AbstractSchemaMigrator.java:574)
	at org.hibernate.tool.schema.internal.AbstractSchemaMigrator.applySqlStrings(AbstractSchemaMigrator.java:514)
	at org.hibernate.tool.schema.internal.AbstractSchemaMigrator.applyForeignKeys(AbstractSchemaMigrator.java:446)
	at org.hibernate.tool.schema.internal.AbstractSchemaMigrator.performMigration(AbstractSchemaMigrator.java:268)
	at org.hibernate.tool.schema.internal.AbstractSchemaMigrator.doMigration(AbstractSchemaMigrator.java:117)
	at org.hibernate.tool.schema.spi.SchemaManagementToolCoordinator.performDatabaseAction(SchemaManagementToolCoordinator.java:284)
	at org.hibernate.tool.schema.spi.SchemaManagementToolCoordinator.lambda$process$5(SchemaManagementToolCoordinator.java:143)
	at java.base/java.util.HashMap.forEach(HashMap.java:1421)
	at org.hibernate.tool.schema.spi.SchemaManagementToolCoordinator.process(SchemaManagementToolCoordinator.java:140)
	at org.hibernate.boot.internal.SessionFactoryObserverForSchemaExport.sessionFactoryCreated(SessionFactoryObserverForSchemaExport.java:37)
	at org.hibernate.internal.SessionFactoryObserverChain.sessionFactoryCreated(SessionFactoryObserverChain.java:35)
	at org.hibernate.internal.SessionFactoryImpl.<init>(SessionFactoryImpl.java:293)
	at org.hibernate.boot.internal.SessionFactoryBuilderImpl.build(SessionFactoryBuilderImpl.java:444)
	at org.hibernate.jpa.boot.internal.EntityManagerFactoryBuilderImpl.build(EntityManagerFactoryBuilderImpl.java:1458)
	at org.springframework.orm.jpa.vendor.SpringHibernateJpaPersistenceProvider.createContainerEntityManagerFactory(SpringHibernateJpaPersistenceProvider.java:75)
	at org.springframework.orm.jpa.LocalContainerEntityManagerFactoryBean.createNativeEntityManagerFactory(LocalContainerEntityManagerFactoryBean.java:376)
	at org.springframework.orm.jpa.AbstractEntityManagerFactoryBean.buildNativeEntityManagerFactory(AbstractEntityManagerFactoryBean.java:409)
	at org.springframework.orm.jpa.AbstractEntityManagerFactoryBean.afterPropertiesSet(AbstractEntityManagerFactoryBean.java:396)
	at org.springframework.orm.jpa.LocalContainerEntityManagerFactoryBean.afterPropertiesSet(LocalContainerEntityManagerFactoryBean.java:352)
	at org.springframework.beans.factory.support.AbstractAutowireCapableBeanFactory.invokeInitMethods(AbstractAutowireCapableBeanFactory.java:1817)
	at org.springframework.beans.factory.support.AbstractAutowireCapableBeanFactory.initializeBean(AbstractAutowireCapableBeanFactory.java:1766)
	at org.springframework.beans.factory.support.AbstractAutowireCapableBeanFactory.doCreateBean(AbstractAutowireCapableBeanFactory.java:598)
	at org.springframework.beans.factory.support.AbstractAutowireCapableBeanFactory.createBean(AbstractAutowireCapableBeanFactory.java:520)
	at org.springframework.beans.factory.support.AbstractBeanFactory.lambda$doGetBean$0(AbstractBeanFactory.java:325)
	at org.springframework.beans.factory.support.DefaultSingletonBeanRegistry.getSingleton(DefaultSingletonBeanRegistry.java:234)
	at org.springframework.beans.factory.support.AbstractBeanFactory.doGetBean(AbstractBeanFactory.java:323)
	at org.springframework.beans.factory.support.AbstractBeanFactory.getBean(AbstractBeanFactory.java:199)
	at org.springframework.context.support.AbstractApplicationContext.getBean(AbstractApplicationContext.java:1166)
	at org.springframework.context.support.AbstractApplicationContext.finishBeanFactoryInitialization(AbstractApplicationContext.java:940)
	at org.springframework.context.support.AbstractApplicationContext.refresh(AbstractApplicationContext.java:616)
	at org.springframework.boot.web.servlet.context.ServletWebServerApplicationContext.refresh(ServletWebServerApplicationContext.java:146)
	at org.springframework.boot.SpringApplication.refresh(SpringApplication.java:738)
	at org.springframework.boot.SpringApplication.refreshContext(SpringApplication.java:440)
	at org.springframework.boot.SpringApplication.run(SpringApplication.java:316)
	at org.springframework.boot.SpringApplication.run(SpringApplication.java:1306)
	at org.springframework.boot.SpringApplication.run(SpringApplication.java:1295)
	at config.SpringCrudApplication.main(SpringCrudApplication.java:21)
Caused by: com.microsoft.sqlserver.jdbc.SQLServerException: There is already an object named 'FKmcddpsiemwcivhnevsvagjwk4' in the database.
	at com.microsoft.sqlserver.jdbc.SQLServerException.makeFromDatabaseError(SQLServerException.java:265)
	at com.microsoft.sqlserver.jdbc.SQLServerStatement.getNextResult(SQLServerStatement.java:1676)
	at com.microsoft.sqlserver.jdbc.SQLServerStatement.doExecuteStatement(SQLServerStatement.java:907)
	at com.microsoft.sqlserver.jdbc.SQLServerStatement$StmtExecCmd.doExecute(SQLServerStatement.java:802)
	at com.microsoft.sqlserver.jdbc.TDSCommand.execute(IOBuffer.java:7620)
	at com.microsoft.sqlserver.jdbc.SQLServerConnection.executeCommand(SQLServerConnection.java:3916)
	at com.microsoft.sqlserver.jdbc.SQLServerStatement.executeCommand(SQLServerStatement.java:268)
	at com.microsoft.sqlserver.jdbc.SQLServerStatement.executeStatement(SQLServerStatement.java:242)
	at com.microsoft.sqlserver.jdbc.SQLServerStatement.execute(SQLServerStatement.java:775)
	at com.zaxxer.hikari.pool.ProxyStatement.execute(ProxyStatement.java:94)
	at com.zaxxer.hikari.pool.HikariProxyStatement.execute(HikariProxyStatement.java)
	at org.hibernate.tool.schema.internal.exec.GenerationTargetToDatabase.accept(GenerationTargetToDatabase.java:80)
	... 37 common frames omitted
2026-09-11 01:47:06.931 [main] INFO  o.s.o.j.LocalContainerEntityManagerFactoryBean - Initialized JPA EntityManagerFactory for persistence unit 'default'
2026-09-11 01:47:06.943 [main] WARN  o.s.b.a.o.j.JpaBaseConfiguration$JpaWebConfiguration - spring.jpa.open-in-view is enabled by default. Therefore, database queries may be performed during view rendering. Explicitly configure spring.jpa.open-in-view to disable this warning
2026-09-11 01:47:07.666 [main] INFO  o.s.d.j.r.query.QueryEnhancerFactory - Hibernate is in classpath; If applicable, HQL parser will be used.
2026-09-11 01:47:08.036 [main] INFO  config.commonConfig.WebConfig - Interceptors registered successfully
2026-09-11 01:47:08.051 [main] INFO  config.commonConfig.WebConfig - CORS configuration applied for origins: http://localhost:3000,http://localhost:8080,http://localhost:4200
2026-09-11 01:47:08.359 [main] INFO  o.a.coyote.http11.Http11NioProtocol - Starting ProtocolHandler ["http-nio-8888"]
2026-09-11 01:47:08.398 [main] INFO  o.s.b.w.e.tomcat.TomcatWebServer - Tomcat started on port(s): 8888 (http) with context path ''
2026-09-11 01:47:08.412 [main] INFO  config.SpringCrudApplication - Started SpringCrudApplication in 6.729 seconds (process running for 7.988)
2026-09-11 01:47:23.315 [http-nio-8888-exec-1] INFO  o.a.c.c.C.[Tomcat].[localhost].[/] - Initializing Spring DispatcherServlet 'dispatcherServlet'
2026-09-11 01:47:23.316 [http-nio-8888-exec-1] INFO  o.s.web.servlet.DispatcherServlet - Initializing Servlet 'dispatcherServlet'
2026-09-11 01:47:23.320 [http-nio-8888-exec-1] INFO  o.s.web.servlet.DispatcherServlet - Completed initialization in 4 ms
2026-09-11 01:47:23.388 [http-nio-8888-exec-2] INFO  c.c.i.HttpLoggingInterceptor - === REQUEST START ===
2026-09-11 01:47:23.388 [http-nio-8888-exec-1] INFO  c.c.i.HttpLoggingInterceptor - === REQUEST START ===
2026-09-11 01:47:23.388 [http-nio-8888-exec-2] INFO  c.c.i.HttpLoggingInterceptor - Method: GET | URI: /api/getUsergroupList
2026-09-11 01:47:23.388 [http-nio-8888-exec-1] INFO  c.c.i.HttpLoggingInterceptor - Method: POST | URI: /api/getSession
2026-09-11 01:47:23.388 [http-nio-8888-exec-2] INFO  c.c.i.HttpLoggingInterceptor - Remote Address: 0:0:0:0:0:0:0:1
2026-09-11 01:47:23.388 [http-nio-8888-exec-1] INFO  c.c.i.HttpLoggingInterceptor - Remote Address: 0:0:0:0:0:0:0:1
2026-09-11 01:47:23.388 [http-nio-8888-exec-2] INFO  c.c.i.HttpLoggingInterceptor - === REQUEST END ===
2026-09-11 01:47:23.388 [http-nio-8888-exec-1] INFO  c.c.i.HttpLoggingInterceptor - === REQUEST END ===
2026-09-11 01:47:24.475 [http-nio-8888-exec-2] INFO  c.c.i.HttpLoggingInterceptor - === RESPONSE START ===
2026-09-11 01:47:24.475 [http-nio-8888-exec-2] INFO  c.c.i.HttpLoggingInterceptor - Status: 401 | Duration: 1087ms
2026-09-11 01:47:24.475 [http-nio-8888-exec-2] INFO  c.c.i.HttpLoggingInterceptor - Content-Type: application/json
2026-09-11 01:47:24.475 [http-nio-8888-exec-2] INFO  c.c.i.HttpLoggingInterceptor - === RESPONSE END ===
2026-09-11 01:48:03.627 [http-nio-8888-exec-3] INFO  c.c.i.HttpLoggingInterceptor - === REQUEST START ===
2026-09-11 01:48:03.627 [http-nio-8888-exec-3] INFO  c.c.i.HttpLoggingInterceptor - Method: POST | URI: /api/getSession
2026-09-11 01:48:03.627 [http-nio-8888-exec-3] INFO  c.c.i.HttpLoggingInterceptor - Remote Address: 0:0:0:0:0:0:0:1
2026-09-11 01:48:03.627 [http-nio-8888-exec-3] INFO  c.c.i.HttpLoggingInterceptor - === REQUEST END ===
2026-09-11 01:48:03.960 [http-nio-8888-exec-4] INFO  c.c.i.HttpLoggingInterceptor - === REQUEST START ===
2026-09-11 01:48:03.960 [http-nio-8888-exec-4] INFO  c.c.i.HttpLoggingInterceptor - Method: GET | URI: /api/getUsergroupList
2026-09-11 01:48:03.960 [http-nio-8888-exec-4] INFO  c.c.i.HttpLoggingInterceptor - Remote Address: 0:0:0:0:0:0:0:1
2026-09-11 01:48:03.960 [http-nio-8888-exec-4] INFO  c.c.i.HttpLoggingInterceptor - === REQUEST END ===
2026-09-11 01:48:03.998 [http-nio-8888-exec-4] INFO  c.c.i.HttpLoggingInterceptor - === RESPONSE START ===
2026-09-11 01:48:03.998 [http-nio-8888-exec-4] INFO  c.c.i.HttpLoggingInterceptor - Status: 401 | Duration: 38ms
2026-09-11 01:48:03.998 [http-nio-8888-exec-4] INFO  c.c.i.HttpLoggingInterceptor - Content-Type: application/json
2026-09-11 01:48:03.998 [http-nio-8888-exec-4] INFO  c.c.i.HttpLoggingInterceptor - === RESPONSE END ===
2026-09-11 01:49:26.214 [http-nio-8888-exec-6] INFO  c.c.i.HttpLoggingInterceptor - === REQUEST START ===
2026-09-11 01:49:26.214 [http-nio-8888-exec-6] INFO  c.c.i.HttpLoggingInterceptor - Method: POST | URI: /api/getCapcha
2026-09-11 01:49:26.214 [http-nio-8888-exec-6] INFO  c.c.i.HttpLoggingInterceptor - Remote Address: 0:0:0:0:0:0:0:1
2026-09-11 01:49:26.214 [http-nio-8888-exec-6] INFO  c.c.i.HttpLoggingInterceptor - === REQUEST END ===
2026-09-11 01:49:26.278 [http-nio-8888-exec-6] INFO  c.c.i.HttpLoggingInterceptor - === RESPONSE START ===
2026-09-11 01:49:26.278 [http-nio-8888-exec-6] INFO  c.c.i.HttpLoggingInterceptor - Status: 200 | Duration: 64ms
2026-09-11 01:49:26.278 [http-nio-8888-exec-6] INFO  c.c.i.HttpLoggingInterceptor - Content-Type: application/json
2026-09-11 01:49:26.278 [http-nio-8888-exec-6] INFO  c.c.i.HttpLoggingInterceptor - === RESPONSE END ===
2026-09-11 01:49:29.374 [http-nio-8888-exec-7] INFO  c.c.i.HttpLoggingInterceptor - === REQUEST START ===
2026-09-11 01:49:29.374 [http-nio-8888-exec-7] INFO  c.c.i.HttpLoggingInterceptor - Method: POST | URI: /api/getCapcha
2026-09-11 01:49:29.374 [http-nio-8888-exec-7] INFO  c.c.i.HttpLoggingInterceptor - Remote Address: 0:0:0:0:0:0:0:1
2026-09-11 01:49:29.374 [http-nio-8888-exec-7] INFO  c.c.i.HttpLoggingInterceptor - === REQUEST END ===
2026-09-11 01:49:29.391 [http-nio-8888-exec-7] INFO  c.c.i.HttpLoggingInterceptor - === RESPONSE START ===
2026-09-11 01:49:29.391 [http-nio-8888-exec-7] INFO  c.c.i.HttpLoggingInterceptor - Status: 200 | Duration: 17ms
2026-09-11 01:49:29.391 [http-nio-8888-exec-7] INFO  c.c.i.HttpLoggingInterceptor - Content-Type: application/json
2026-09-11 01:49:29.391 [http-nio-8888-exec-7] INFO  c.c.i.HttpLoggingInterceptor - === RESPONSE END ===
2026-09-11 01:49:37.131 [http-nio-8888-exec-8] INFO  c.c.i.HttpLoggingInterceptor - === REQUEST START ===
2026-09-11 01:49:37.131 [http-nio-8888-exec-8] INFO  c.c.i.HttpLoggingInterceptor - Method: GET | URI: /api/getUsergroupList
2026-09-11 01:49:37.131 [http-nio-8888-exec-8] INFO  c.c.i.HttpLoggingInterceptor - Remote Address: 0:0:0:0:0:0:0:1
2026-09-11 01:49:37.131 [http-nio-8888-exec-8] INFO  c.c.i.HttpLoggingInterceptor - === REQUEST END ===
2026-09-11 01:49:37.163 [http-nio-8888-exec-8] INFO  c.c.i.HttpLoggingInterceptor - === RESPONSE START ===
2026-09-11 01:49:37.166 [http-nio-8888-exec-8] INFO  c.c.i.HttpLoggingInterceptor - Status: 200 | Duration: 32ms
2026-09-11 01:49:37.166 [http-nio-8888-exec-8] INFO  c.c.i.HttpLoggingInterceptor - Content-Type: application/json
2026-09-11 01:49:37.166 [http-nio-8888-exec-8] INFO  c.c.i.HttpLoggingInterceptor - === RESPONSE END ===
2026-09-11 01:52:00.436 [http-nio-8888-exec-9] INFO  c.c.i.HttpLoggingInterceptor - === REQUEST START ===
2026-09-11 01:52:00.436 [http-nio-8888-exec-9] INFO  c.c.i.HttpLoggingInterceptor - Method: OPTIONS | URI: /api/createUser
2026-09-11 01:52:00.436 [http-nio-8888-exec-9] INFO  c.c.i.HttpLoggingInterceptor - Remote Address: 0:0:0:0:0:0:0:1
2026-09-11 01:52:00.436 [http-nio-8888-exec-9] INFO  c.c.i.HttpLoggingInterceptor - === REQUEST END ===
2026-09-11 01:52:00.436 [http-nio-8888-exec-9] INFO  c.c.i.HttpLoggingInterceptor - === RESPONSE START ===
2026-09-11 01:52:00.436 [http-nio-8888-exec-9] INFO  c.c.i.HttpLoggingInterceptor - Status: 200 | Duration: 0ms
2026-09-11 01:52:00.436 [http-nio-8888-exec-9] INFO  c.c.i.HttpLoggingInterceptor - Content-Type: null
2026-09-11 01:52:00.436 [http-nio-8888-exec-9] INFO  c.c.i.HttpLoggingInterceptor - === RESPONSE END ===
2026-09-11 01:52:00.462 [http-nio-8888-exec-2] ERROR c.commonConfig.GlobalExceptionConfig - Unexpected exception occurred: 
org.springframework.web.HttpMediaTypeNotSupportedException: Content-Type 'application/json' is not supported
	at org.springframework.web.servlet.mvc.method.RequestMappingInfoHandlerMapping.handleNoMatch(RequestMappingInfoHandlerMapping.java:280)
	at org.springframework.web.servlet.handler.AbstractHandlerMethodMapping.lookupHandlerMethod(AbstractHandlerMethodMapping.java:441)
	at org.springframework.web.servlet.handler.AbstractHandlerMethodMapping.getHandlerInternal(AbstractHandlerMethodMapping.java:382)
	at org.springframework.web.servlet.mvc.method.RequestMappingInfoHandlerMapping.getHandlerInternal(RequestMappingInfoHandlerMapping.java:126)
	at org.springframework.web.servlet.mvc.method.RequestMappingInfoHandlerMapping.getHandlerInternal(RequestMappingInfoHandlerMapping.java:68)
	at org.springframework.web.servlet.handler.AbstractHandlerMapping.getHandler(AbstractHandlerMapping.java:505)
	at org.springframework.web.servlet.DispatcherServlet.getHandler(DispatcherServlet.java:1275)
	at org.springframework.web.servlet.DispatcherServlet.doDispatch(DispatcherServlet.java:1057)
	at org.springframework.web.servlet.DispatcherServlet.doService(DispatcherServlet.java:974)
	at org.springframework.web.servlet.FrameworkServlet.processRequest(FrameworkServlet.java:1011)
	at org.springframework.web.servlet.FrameworkServlet.doPost(FrameworkServlet.java:914)
	at jakarta.servlet.http.HttpServlet.service(HttpServlet.java:590)
	at org.springframework.web.servlet.FrameworkServlet.service(FrameworkServlet.java:885)
	at jakarta.servlet.http.HttpServlet.service(HttpServlet.java:658)
	at org.apache.catalina.core.ApplicationFilterChain.internalDoFilter(ApplicationFilterChain.java:205)
	at org.apache.catalina.core.ApplicationFilterChain.doFilter(ApplicationFilterChain.java:149)
	at org.apache.tomcat.websocket.server.WsFilter.doFilter(WsFilter.java:51)
	at org.apache.catalina.core.ApplicationFilterChain.internalDoFilter(ApplicationFilterChain.java:174)
	at org.apache.catalina.core.ApplicationFilterChain.doFilter(ApplicationFilterChain.java:149)
	at org.springframework.web.filter.RequestContextFilter.doFilterInternal(RequestContextFilter.java:100)
	at org.springframework.web.filter.OncePerRequestFilter.doFilter(OncePerRequestFilter.java:116)
	at org.apache.catalina.core.ApplicationFilterChain.internalDoFilter(ApplicationFilterChain.java:174)
	at org.apache.catalina.core.ApplicationFilterChain.doFilter(ApplicationFilterChain.java:149)
	at org.springframework.web.filter.FormContentFilter.doFilterInternal(FormContentFilter.java:93)
	at org.springframework.web.filter.OncePerRequestFilter.doFilter(OncePerRequestFilter.java:116)
	at org.apache.catalina.core.ApplicationFilterChain.internalDoFilter(ApplicationFilterChain.java:174)
	at org.apache.catalina.core.ApplicationFilterChain.doFilter(ApplicationFilterChain.java:149)
	at org.springframework.web.filter.CharacterEncodingFilter.doFilterInternal(CharacterEncodingFilter.java:201)
	at org.springframework.web.filter.OncePerRequestFilter.doFilter(OncePerRequestFilter.java:116)
	at org.apache.catalina.core.ApplicationFilterChain.internalDoFilter(ApplicationFilterChain.java:174)
	at org.apache.catalina.core.ApplicationFilterChain.doFilter(ApplicationFilterChain.java:149)
	at org.apache.catalina.core.StandardWrapperValve.invoke(StandardWrapperValve.java:167)
	at org.apache.catalina.core.StandardContextValve.invoke(StandardContextValve.java:90)
	at org.apache.catalina.authenticator.AuthenticatorBase.invoke(AuthenticatorBase.java:482)
	at org.apache.catalina.core.StandardHostValve.invoke(StandardHostValve.java:115)
	at org.apache.catalina.valves.ErrorReportValve.invoke(ErrorReportValve.java:93)
	at org.apache.catalina.core.StandardEngineValve.invoke(StandardEngineValve.java:74)
	at org.apache.catalina.connector.CoyoteAdapter.service(CoyoteAdapter.java:340)
	at org.apache.coyote.http11.Http11Processor.service(Http11Processor.java:391)
	at org.apache.coyote.AbstractProcessorLight.process(AbstractProcessorLight.java:63)
	at org.apache.coyote.AbstractProtocol$ConnectionHandler.process(AbstractProtocol.java:896)
	at org.apache.tomcat.util.net.NioEndpoint$SocketProcessor.doRun(NioEndpoint.java:1744)
	at org.apache.tomcat.util.net.SocketProcessorBase.run(SocketProcessorBase.java:52)
	at org.apache.tomcat.util.threads.ThreadPoolExecutor.runWorker(ThreadPoolExecutor.java:1191)
	at org.apache.tomcat.util.threads.ThreadPoolExecutor$Worker.run(ThreadPoolExecutor.java:659)
	at org.apache.tomcat.util.threads.TaskThread$WrappingRunnable.run(TaskThread.java:61)
	at java.base/java.lang.Thread.run(Thread.java:833)
2026-09-11 01:53:08.457 [http-nio-8888-exec-4] ERROR c.commonConfig.GlobalExceptionConfig - Unexpected exception occurred: 
org.springframework.web.HttpMediaTypeNotSupportedException: Content-Type 'application/json' is not supported
	at org.springframework.web.servlet.mvc.method.RequestMappingInfoHandlerMapping.handleNoMatch(RequestMappingInfoHandlerMapping.java:280)
	at org.springframework.web.servlet.handler.AbstractHandlerMethodMapping.lookupHandlerMethod(AbstractHandlerMethodMapping.java:441)
	at org.springframework.web.servlet.handler.AbstractHandlerMethodMapping.getHandlerInternal(AbstractHandlerMethodMapping.java:382)
	at org.springframework.web.servlet.mvc.method.RequestMappingInfoHandlerMapping.getHandlerInternal(RequestMappingInfoHandlerMapping.java:126)
	at org.springframework.web.servlet.mvc.method.RequestMappingInfoHandlerMapping.getHandlerInternal(RequestMappingInfoHandlerMapping.java:68)
	at org.springframework.web.servlet.handler.AbstractHandlerMapping.getHandler(AbstractHandlerMapping.java:505)
	at org.springframework.web.servlet.DispatcherServlet.getHandler(DispatcherServlet.java:1275)
	at org.springframework.web.servlet.DispatcherServlet.doDispatch(DispatcherServlet.java:1057)
	at org.springframework.web.servlet.DispatcherServlet.doService(DispatcherServlet.java:974)
	at org.springframework.web.servlet.FrameworkServlet.processRequest(FrameworkServlet.java:1011)
	at org.springframework.web.servlet.FrameworkServlet.doPost(FrameworkServlet.java:914)
	at jakarta.servlet.http.HttpServlet.service(HttpServlet.java:590)
	at org.springframework.web.servlet.FrameworkServlet.service(FrameworkServlet.java:885)
	at jakarta.servlet.http.HttpServlet.service(HttpServlet.java:658)
	at org.apache.catalina.core.ApplicationFilterChain.internalDoFilter(ApplicationFilterChain.java:205)
	at org.apache.catalina.core.ApplicationFilterChain.doFilter(ApplicationFilterChain.java:149)
	at org.apache.tomcat.websocket.server.WsFilter.doFilter(WsFilter.java:51)
	at org.apache.catalina.core.ApplicationFilterChain.internalDoFilter(ApplicationFilterChain.java:174)
	at org.apache.catalina.core.ApplicationFilterChain.doFilter(ApplicationFilterChain.java:149)
	at org.springframework.web.filter.RequestContextFilter.doFilterInternal(RequestContextFilter.java:100)
	at org.springframework.web.filter.OncePerRequestFilter.doFilter(OncePerRequestFilter.java:116)
	at org.apache.catalina.core.ApplicationFilterChain.internalDoFilter(ApplicationFilterChain.java:174)
	at org.apache.catalina.core.ApplicationFilterChain.doFilter(ApplicationFilterChain.java:149)
	at org.springframework.web.filter.FormContentFilter.doFilterInternal(FormContentFilter.java:93)
	at org.springframework.web.filter.OncePerRequestFilter.doFilter(OncePerRequestFilter.java:116)
	at org.apache.catalina.core.ApplicationFilterChain.internalDoFilter(ApplicationFilterChain.java:174)
	at org.apache.catalina.core.ApplicationFilterChain.doFilter(ApplicationFilterChain.java:149)
	at org.springframework.web.filter.CharacterEncodingFilter.doFilterInternal(CharacterEncodingFilter.java:201)
	at org.springframework.web.filter.OncePerRequestFilter.doFilter(OncePerRequestFilter.java:116)
	at org.apache.catalina.core.ApplicationFilterChain.internalDoFilter(ApplicationFilterChain.java:174)
	at org.apache.catalina.core.ApplicationFilterChain.doFilter(ApplicationFilterChain.java:149)
	at org.apache.catalina.core.StandardWrapperValve.invoke(StandardWrapperValve.java:167)
	at org.apache.catalina.core.StandardContextValve.invoke(StandardContextValve.java:90)
	at org.apache.catalina.authenticator.AuthenticatorBase.invoke(AuthenticatorBase.java:482)
	at org.apache.catalina.core.StandardHostValve.invoke(StandardHostValve.java:115)
	at org.apache.catalina.valves.ErrorReportValve.invoke(ErrorReportValve.java:93)
	at org.apache.catalina.core.StandardEngineValve.invoke(StandardEngineValve.java:74)
	at org.apache.catalina.connector.CoyoteAdapter.service(CoyoteAdapter.java:340)
	at org.apache.coyote.http11.Http11Processor.service(Http11Processor.java:391)
	at org.apache.coyote.AbstractProcessorLight.process(AbstractProcessorLight.java:63)
	at org.apache.coyote.AbstractProtocol$ConnectionHandler.process(AbstractProtocol.java:896)
	at org.apache.tomcat.util.net.NioEndpoint$SocketProcessor.doRun(NioEndpoint.java:1744)
	at org.apache.tomcat.util.net.SocketProcessorBase.run(SocketProcessorBase.java:52)
	at org.apache.tomcat.util.threads.ThreadPoolExecutor.runWorker(ThreadPoolExecutor.java:1191)
	at org.apache.tomcat.util.threads.ThreadPoolExecutor$Worker.run(ThreadPoolExecutor.java:659)
	at org.apache.tomcat.util.threads.TaskThread$WrappingRunnable.run(TaskThread.java:61)
	at java.base/java.lang.Thread.run(Thread.java:833)
2026-09-11 01:55:02.518 [http-nio-8888-exec-5] ERROR c.commonConfig.GlobalExceptionConfig - Unexpected exception occurred: 
org.springframework.web.HttpMediaTypeNotSupportedException: Content-Type 'application/json' is not supported
	at org.springframework.web.servlet.mvc.method.RequestMappingInfoHandlerMapping.handleNoMatch(RequestMappingInfoHandlerMapping.java:280)
	at org.springframework.web.servlet.handler.AbstractHandlerMethodMapping.lookupHandlerMethod(AbstractHandlerMethodMapping.java:441)
	at org.springframework.web.servlet.handler.AbstractHandlerMethodMapping.getHandlerInternal(AbstractHandlerMethodMapping.java:382)
	at org.springframework.web.servlet.mvc.method.RequestMappingInfoHandlerMapping.getHandlerInternal(RequestMappingInfoHandlerMapping.java:126)
	at org.springframework.web.servlet.mvc.method.RequestMappingInfoHandlerMapping.getHandlerInternal(RequestMappingInfoHandlerMapping.java:68)
	at org.springframework.web.servlet.handler.AbstractHandlerMapping.getHandler(AbstractHandlerMapping.java:505)
	at org.springframework.web.servlet.DispatcherServlet.getHandler(DispatcherServlet.java:1275)
	at org.springframework.web.servlet.DispatcherServlet.doDispatch(DispatcherServlet.java:1057)
	at org.springframework.web.servlet.DispatcherServlet.doService(DispatcherServlet.java:974)
	at org.springframework.web.servlet.FrameworkServlet.processRequest(FrameworkServlet.java:1011)
	at org.springframework.web.servlet.FrameworkServlet.doPost(FrameworkServlet.java:914)
	at jakarta.servlet.http.HttpServlet.service(HttpServlet.java:590)
	at org.springframework.web.servlet.FrameworkServlet.service(FrameworkServlet.java:885)
	at jakarta.servlet.http.HttpServlet.service(HttpServlet.java:658)
	at org.apache.catalina.core.ApplicationFilterChain.internalDoFilter(ApplicationFilterChain.java:205)
	at org.apache.catalina.core.ApplicationFilterChain.doFilter(ApplicationFilterChain.java:149)
	at org.apache.tomcat.websocket.server.WsFilter.doFilter(WsFilter.java:51)
	at org.apache.catalina.core.ApplicationFilterChain.internalDoFilter(ApplicationFilterChain.java:174)
	at org.apache.catalina.core.ApplicationFilterChain.doFilter(ApplicationFilterChain.java:149)
	at org.springframework.web.filter.RequestContextFilter.doFilterInternal(RequestContextFilter.java:100)
	at org.springframework.web.filter.OncePerRequestFilter.doFilter(OncePerRequestFilter.java:116)
	at org.apache.catalina.core.ApplicationFilterChain.internalDoFilter(ApplicationFilterChain.java:174)
	at org.apache.catalina.core.ApplicationFilterChain.doFilter(ApplicationFilterChain.java:149)
	at org.springframework.web.filter.FormContentFilter.doFilterInternal(FormContentFilter.java:93)
	at org.springframework.web.filter.OncePerRequestFilter.doFilter(OncePerRequestFilter.java:116)
	at org.apache.catalina.core.ApplicationFilterChain.internalDoFilter(ApplicationFilterChain.java:174)
	at org.apache.catalina.core.ApplicationFilterChain.doFilter(ApplicationFilterChain.java:149)
	at org.springframework.web.filter.CharacterEncodingFilter.doFilterInternal(CharacterEncodingFilter.java:201)
	at org.springframework.web.filter.OncePerRequestFilter.doFilter(OncePerRequestFilter.java:116)
	at org.apache.catalina.core.ApplicationFilterChain.internalDoFilter(ApplicationFilterChain.java:174)
	at org.apache.catalina.core.ApplicationFilterChain.doFilter(ApplicationFilterChain.java:149)
	at org.apache.catalina.core.StandardWrapperValve.invoke(StandardWrapperValve.java:167)
	at org.apache.catalina.core.StandardContextValve.invoke(StandardContextValve.java:90)
	at org.apache.catalina.authenticator.AuthenticatorBase.invoke(AuthenticatorBase.java:482)
	at org.apache.catalina.core.StandardHostValve.invoke(StandardHostValve.java:115)
	at org.apache.catalina.valves.ErrorReportValve.invoke(ErrorReportValve.java:93)
	at org.apache.catalina.core.StandardEngineValve.invoke(StandardEngineValve.java:74)
	at org.apache.catalina.connector.CoyoteAdapter.service(CoyoteAdapter.java:340)
	at org.apache.coyote.http11.Http11Processor.service(Http11Processor.java:391)
	at org.apache.coyote.AbstractProcessorLight.process(AbstractProcessorLight.java:63)
	at org.apache.coyote.AbstractProtocol$ConnectionHandler.process(AbstractProtocol.java:896)
	at org.apache.tomcat.util.net.NioEndpoint$SocketProcessor.doRun(NioEndpoint.java:1744)
	at org.apache.tomcat.util.net.SocketProcessorBase.run(SocketProcessorBase.java:52)
	at org.apache.tomcat.util.threads.ThreadPoolExecutor.runWorker(ThreadPoolExecutor.java:1191)
	at org.apache.tomcat.util.threads.ThreadPoolExecutor$Worker.run(ThreadPoolExecutor.java:659)
	at org.apache.tomcat.util.threads.TaskThread$WrappingRunnable.run(TaskThread.java:61)
	at java.base/java.lang.Thread.run(Thread.java:833)
2026-09-11 01:57:50.294 [http-nio-8888-exec-6] INFO  c.c.i.HttpLoggingInterceptor - === REQUEST START ===
2026-09-11 01:57:50.294 [http-nio-8888-exec-6] INFO  c.c.i.HttpLoggingInterceptor - Method: POST | URI: /api/getCapcha
2026-09-11 01:57:50.294 [http-nio-8888-exec-6] INFO  c.c.i.HttpLoggingInterceptor - Remote Address: 0:0:0:0:0:0:0:1
2026-09-11 01:57:50.294 [http-nio-8888-exec-6] INFO  c.c.i.HttpLoggingInterceptor - === REQUEST END ===
2026-09-11 01:57:50.375 [http-nio-8888-exec-6] INFO  c.c.i.HttpLoggingInterceptor - === RESPONSE START ===
2026-09-11 01:57:50.379 [http-nio-8888-exec-6] INFO  c.c.i.HttpLoggingInterceptor - Status: 200 | Duration: 81ms
2026-09-11 01:57:50.379 [http-nio-8888-exec-6] INFO  c.c.i.HttpLoggingInterceptor - Content-Type: application/json
2026-09-11 01:57:50.379 [http-nio-8888-exec-6] INFO  c.c.i.HttpLoggingInterceptor - === RESPONSE END ===
2026-09-11 01:57:53.014 [http-nio-8888-exec-7] INFO  c.c.i.HttpLoggingInterceptor - === REQUEST START ===
2026-09-11 01:57:53.022 [http-nio-8888-exec-7] INFO  c.c.i.HttpLoggingInterceptor - Method: GET | URI: /api/getUsergroupList
2026-09-11 01:57:53.022 [http-nio-8888-exec-7] INFO  c.c.i.HttpLoggingInterceptor - Remote Address: 0:0:0:0:0:0:0:1
2026-09-11 01:57:53.022 [http-nio-8888-exec-7] INFO  c.c.i.HttpLoggingInterceptor - === REQUEST END ===
2026-09-11 01:57:53.054 [http-nio-8888-exec-7] INFO  c.c.i.HttpLoggingInterceptor - === RESPONSE START ===
2026-09-11 01:57:53.054 [http-nio-8888-exec-7] INFO  c.c.i.HttpLoggingInterceptor - Status: 200 | Duration: 40ms
2026-09-11 01:57:53.054 [http-nio-8888-exec-7] INFO  c.c.i.HttpLoggingInterceptor - Content-Type: application/json
2026-09-11 01:57:53.054 [http-nio-8888-exec-7] INFO  c.c.i.HttpLoggingInterceptor - === RESPONSE END ===
2026-09-11 01:59:22.402 [http-nio-8888-exec-10] ERROR c.commonConfig.GlobalExceptionConfig - Unexpected exception occurred: 
org.springframework.web.HttpMediaTypeNotSupportedException: Content-Type 'text/plain' is not supported
	at org.springframework.web.servlet.mvc.method.RequestMappingInfoHandlerMapping.handleNoMatch(RequestMappingInfoHandlerMapping.java:280)
	at org.springframework.web.servlet.handler.AbstractHandlerMethodMapping.lookupHandlerMethod(AbstractHandlerMethodMapping.java:441)
	at org.springframework.web.servlet.handler.AbstractHandlerMethodMapping.getHandlerInternal(AbstractHandlerMethodMapping.java:382)
	at org.springframework.web.servlet.mvc.method.RequestMappingInfoHandlerMapping.getHandlerInternal(RequestMappingInfoHandlerMapping.java:126)
	at org.springframework.web.servlet.mvc.method.RequestMappingInfoHandlerMapping.getHandlerInternal(RequestMappingInfoHandlerMapping.java:68)
	at org.springframework.web.servlet.handler.AbstractHandlerMapping.getHandler(AbstractHandlerMapping.java:505)
	at org.springframework.web.servlet.DispatcherServlet.getHandler(DispatcherServlet.java:1275)
	at org.springframework.web.servlet.DispatcherServlet.doDispatch(DispatcherServlet.java:1057)
	at org.springframework.web.servlet.DispatcherServlet.doService(DispatcherServlet.java:974)
	at org.springframework.web.servlet.FrameworkServlet.processRequest(FrameworkServlet.java:1011)
	at org.springframework.web.servlet.FrameworkServlet.doPost(FrameworkServlet.java:914)
	at jakarta.servlet.http.HttpServlet.service(HttpServlet.java:590)
	at org.springframework.web.servlet.FrameworkServlet.service(FrameworkServlet.java:885)
	at jakarta.servlet.http.HttpServlet.service(HttpServlet.java:658)
	at org.apache.catalina.core.ApplicationFilterChain.internalDoFilter(ApplicationFilterChain.java:205)
	at org.apache.catalina.core.ApplicationFilterChain.doFilter(ApplicationFilterChain.java:149)
	at org.apache.tomcat.websocket.server.WsFilter.doFilter(WsFilter.java:51)
	at org.apache.catalina.core.ApplicationFilterChain.internalDoFilter(ApplicationFilterChain.java:174)
	at org.apache.catalina.core.ApplicationFilterChain.doFilter(ApplicationFilterChain.java:149)
	at org.springframework.web.filter.RequestContextFilter.doFilterInternal(RequestContextFilter.java:100)
	at org.springframework.web.filter.OncePerRequestFilter.doFilter(OncePerRequestFilter.java:116)
	at org.apache.catalina.core.ApplicationFilterChain.internalDoFilter(ApplicationFilterChain.java:174)
	at org.apache.catalina.core.ApplicationFilterChain.doFilter(ApplicationFilterChain.java:149)
	at org.springframework.web.filter.FormContentFilter.doFilterInternal(FormContentFilter.java:93)
	at org.springframework.web.filter.OncePerRequestFilter.doFilter(OncePerRequestFilter.java:116)
	at org.apache.catalina.core.ApplicationFilterChain.internalDoFilter(ApplicationFilterChain.java:174)
	at org.apache.catalina.core.ApplicationFilterChain.doFilter(ApplicationFilterChain.java:149)
	at org.springframework.web.filter.CharacterEncodingFilter.doFilterInternal(CharacterEncodingFilter.java:201)
	at org.springframework.web.filter.OncePerRequestFilter.doFilter(OncePerRequestFilter.java:116)
	at org.apache.catalina.core.ApplicationFilterChain.internalDoFilter(ApplicationFilterChain.java:174)
	at org.apache.catalina.core.ApplicationFilterChain.doFilter(ApplicationFilterChain.java:149)
	at org.apache.catalina.core.StandardWrapperValve.invoke(StandardWrapperValve.java:167)
	at org.apache.catalina.core.StandardContextValve.invoke(StandardContextValve.java:90)
	at org.apache.catalina.authenticator.AuthenticatorBase.invoke(AuthenticatorBase.java:482)
	at org.apache.catalina.core.StandardHostValve.invoke(StandardHostValve.java:115)
	at org.apache.catalina.valves.ErrorReportValve.invoke(ErrorReportValve.java:93)
	at org.apache.catalina.core.StandardEngineValve.invoke(StandardEngineValve.java:74)
	at org.apache.catalina.connector.CoyoteAdapter.service(CoyoteAdapter.java:340)
	at org.apache.coyote.http11.Http11Processor.service(Http11Processor.java:391)
	at org.apache.coyote.AbstractProcessorLight.process(AbstractProcessorLight.java:63)
	at org.apache.coyote.AbstractProtocol$ConnectionHandler.process(AbstractProtocol.java:896)
	at org.apache.tomcat.util.net.NioEndpoint$SocketProcessor.doRun(NioEndpoint.java:1744)
	at org.apache.tomcat.util.net.SocketProcessorBase.run(SocketProcessorBase.java:52)
	at org.apache.tomcat.util.threads.ThreadPoolExecutor.runWorker(ThreadPoolExecutor.java:1191)
	at org.apache.tomcat.util.threads.ThreadPoolExecutor$Worker.run(ThreadPoolExecutor.java:659)
	at org.apache.tomcat.util.threads.TaskThread$WrappingRunnable.run(TaskThread.java:61)
	at java.base/java.lang.Thread.run(Thread.java:833)
2026-09-11 02:03:24.791 [http-nio-8888-exec-9] INFO  c.c.i.HttpLoggingInterceptor - === REQUEST START ===
2026-09-11 02:03:24.791 [http-nio-8888-exec-9] INFO  c.c.i.HttpLoggingInterceptor - Method: POST | URI: /api/getCapcha
2026-09-11 02:03:24.791 [http-nio-8888-exec-9] INFO  c.c.i.HttpLoggingInterceptor - Remote Address: 0:0:0:0:0:0:0:1
2026-09-11 02:03:24.791 [http-nio-8888-exec-9] INFO  c.c.i.HttpLoggingInterceptor - === REQUEST END ===
2026-09-11 02:03:24.823 [http-nio-8888-exec-9] INFO  c.c.i.HttpLoggingInterceptor - === RESPONSE START ===
2026-09-11 02:03:24.824 [http-nio-8888-exec-9] INFO  c.c.i.HttpLoggingInterceptor - Status: 200 | Duration: 32ms
2026-09-11 02:03:24.824 [http-nio-8888-exec-9] INFO  c.c.i.HttpLoggingInterceptor - Content-Type: application/json
2026-09-11 02:03:24.825 [http-nio-8888-exec-9] INFO  c.c.i.HttpLoggingInterceptor - === RESPONSE END ===
2026-09-11 02:03:27.432 [http-nio-8888-exec-2] INFO  c.c.i.HttpLoggingInterceptor - === REQUEST START ===
2026-09-11 02:03:27.432 [http-nio-8888-exec-2] INFO  c.c.i.HttpLoggingInterceptor - Method: GET | URI: /api/getUsergroupList
2026-09-11 02:03:27.432 [http-nio-8888-exec-2] INFO  c.c.i.HttpLoggingInterceptor - Remote Address: 0:0:0:0:0:0:0:1
2026-09-11 02:03:27.432 [http-nio-8888-exec-2] INFO  c.c.i.HttpLoggingInterceptor - === REQUEST END ===
2026-09-11 02:03:27.470 [http-nio-8888-exec-2] INFO  c.c.i.HttpLoggingInterceptor - === RESPONSE START ===
2026-09-11 02:03:27.470 [http-nio-8888-exec-2] INFO  c.c.i.HttpLoggingInterceptor - Status: 200 | Duration: 38ms
2026-09-11 02:03:27.470 [http-nio-8888-exec-2] INFO  c.c.i.HttpLoggingInterceptor - Content-Type: application/json
2026-09-11 02:03:27.470 [http-nio-8888-exec-2] INFO  c.c.i.HttpLoggingInterceptor - === RESPONSE END ===
2026-09-11 02:04:51.006 [http-nio-8888-exec-5] INFO  c.c.i.HttpLoggingInterceptor - === REQUEST START ===
2026-09-11 02:04:51.006 [http-nio-8888-exec-5] INFO  c.c.i.HttpLoggingInterceptor - Method: OPTIONS | URI: /api/createUser
2026-09-11 02:04:51.006 [http-nio-8888-exec-5] INFO  c.c.i.HttpLoggingInterceptor - Remote Address: 0:0:0:0:0:0:0:1
2026-09-11 02:04:51.006 [http-nio-8888-exec-5] INFO  c.c.i.HttpLoggingInterceptor - === REQUEST END ===
2026-09-11 02:04:51.009 [http-nio-8888-exec-5] INFO  c.c.i.HttpLoggingInterceptor - === RESPONSE START ===
2026-09-11 02:04:51.009 [http-nio-8888-exec-5] INFO  c.c.i.HttpLoggingInterceptor - Status: 200 | Duration: 3ms
2026-09-11 02:04:51.009 [http-nio-8888-exec-5] INFO  c.c.i.HttpLoggingInterceptor - Content-Type: null
2026-09-11 02:04:51.009 [http-nio-8888-exec-5] INFO  c.c.i.HttpLoggingInterceptor - === RESPONSE END ===
2026-09-11 02:04:51.009 [http-nio-8888-exec-6] ERROR c.commonConfig.GlobalExceptionConfig - Unexpected exception occurred: 
org.springframework.web.HttpMediaTypeNotSupportedException: Content-Type 'text/plain' is not supported
	at org.springframework.web.servlet.mvc.method.RequestMappingInfoHandlerMapping.handleNoMatch(RequestMappingInfoHandlerMapping.java:280)
	at org.springframework.web.servlet.handler.AbstractHandlerMethodMapping.lookupHandlerMethod(AbstractHandlerMethodMapping.java:441)
	at org.springframework.web.servlet.handler.AbstractHandlerMethodMapping.getHandlerInternal(AbstractHandlerMethodMapping.java:382)
	at org.springframework.web.servlet.mvc.method.RequestMappingInfoHandlerMapping.getHandlerInternal(RequestMappingInfoHandlerMapping.java:126)
	at org.springframework.web.servlet.mvc.method.RequestMappingInfoHandlerMapping.getHandlerInternal(RequestMappingInfoHandlerMapping.java:68)
	at org.springframework.web.servlet.handler.AbstractHandlerMapping.getHandler(AbstractHandlerMapping.java:505)
	at org.springframework.web.servlet.DispatcherServlet.getHandler(DispatcherServlet.java:1275)
	at org.springframework.web.servlet.DispatcherServlet.doDispatch(DispatcherServlet.java:1057)
	at org.springframework.web.servlet.DispatcherServlet.doService(DispatcherServlet.java:974)
	at org.springframework.web.servlet.FrameworkServlet.processRequest(FrameworkServlet.java:1011)
	at org.springframework.web.servlet.FrameworkServlet.doPost(FrameworkServlet.java:914)
	at jakarta.servlet.http.HttpServlet.service(HttpServlet.java:590)
	at org.springframework.web.servlet.FrameworkServlet.service(FrameworkServlet.java:885)
	at jakarta.servlet.http.HttpServlet.service(HttpServlet.java:658)
	at org.apache.catalina.core.ApplicationFilterChain.internalDoFilter(ApplicationFilterChain.java:205)
	at org.apache.catalina.core.ApplicationFilterChain.doFilter(ApplicationFilterChain.java:149)
	at org.apache.tomcat.websocket.server.WsFilter.doFilter(WsFilter.java:51)
	at org.apache.catalina.core.ApplicationFilterChain.internalDoFilter(ApplicationFilterChain.java:174)
	at org.apache.catalina.core.ApplicationFilterChain.doFilter(ApplicationFilterChain.java:149)
	at org.springframework.web.filter.RequestContextFilter.doFilterInternal(RequestContextFilter.java:100)
	at org.springframework.web.filter.OncePerRequestFilter.doFilter(OncePerRequestFilter.java:116)
	at org.apache.catalina.core.ApplicationFilterChain.internalDoFilter(ApplicationFilterChain.java:174)
	at org.apache.catalina.core.ApplicationFilterChain.doFilter(ApplicationFilterChain.java:149)
	at org.springframework.web.filter.FormContentFilter.doFilterInternal(FormContentFilter.java:93)
	at org.springframework.web.filter.OncePerRequestFilter.doFilter(OncePerRequestFilter.java:116)
	at org.apache.catalina.core.ApplicationFilterChain.internalDoFilter(ApplicationFilterChain.java:174)
	at org.apache.catalina.core.ApplicationFilterChain.doFilter(ApplicationFilterChain.java:149)
	at org.springframework.web.filter.CharacterEncodingFilter.doFilterInternal(CharacterEncodingFilter.java:201)
	at org.springframework.web.filter.OncePerRequestFilter.doFilter(OncePerRequestFilter.java:116)
	at org.apache.catalina.core.ApplicationFilterChain.internalDoFilter(ApplicationFilterChain.java:174)
	at org.apache.catalina.core.ApplicationFilterChain.doFilter(ApplicationFilterChain.java:149)
	at org.apache.catalina.core.StandardWrapperValve.invoke(StandardWrapperValve.java:167)
	at org.apache.catalina.core.StandardContextValve.invoke(StandardContextValve.java:90)
	at org.apache.catalina.authenticator.AuthenticatorBase.invoke(AuthenticatorBase.java:482)
	at org.apache.catalina.core.StandardHostValve.invoke(StandardHostValve.java:115)
	at org.apache.catalina.valves.ErrorReportValve.invoke(ErrorReportValve.java:93)
	at org.apache.catalina.core.StandardEngineValve.invoke(StandardEngineValve.java:74)
	at org.apache.catalina.connector.CoyoteAdapter.service(CoyoteAdapter.java:340)
	at org.apache.coyote.http11.Http11Processor.service(Http11Processor.java:391)
	at org.apache.coyote.AbstractProcessorLight.process(AbstractProcessorLight.java:63)
	at org.apache.coyote.AbstractProtocol$ConnectionHandler.process(AbstractProtocol.java:896)
	at org.apache.tomcat.util.net.NioEndpoint$SocketProcessor.doRun(NioEndpoint.java:1744)
	at org.apache.tomcat.util.net.SocketProcessorBase.run(SocketProcessorBase.java:52)
	at org.apache.tomcat.util.threads.ThreadPoolExecutor.runWorker(ThreadPoolExecutor.java:1191)
	at org.apache.tomcat.util.threads.ThreadPoolExecutor$Worker.run(ThreadPoolExecutor.java:659)
	at org.apache.tomcat.util.threads.TaskThread$WrappingRunnable.run(TaskThread.java:61)
	at java.base/java.lang.Thread.run(Thread.java:833)
2026-09-11 02:07:44.410 [http-nio-8888-exec-7] INFO  c.c.i.HttpLoggingInterceptor - === REQUEST START ===
2026-09-11 02:07:44.410 [http-nio-8888-exec-7] INFO  c.c.i.HttpLoggingInterceptor - Method: POST | URI: /api/getCapcha
2026-09-11 02:07:44.410 [http-nio-8888-exec-7] INFO  c.c.i.HttpLoggingInterceptor - Remote Address: 0:0:0:0:0:0:0:1
2026-09-11 02:07:44.410 [http-nio-8888-exec-7] INFO  c.c.i.HttpLoggingInterceptor - === REQUEST END ===
2026-09-11 02:07:44.426 [http-nio-8888-exec-7] INFO  c.c.i.HttpLoggingInterceptor - === RESPONSE START ===
2026-09-11 02:07:44.426 [http-nio-8888-exec-7] INFO  c.c.i.HttpLoggingInterceptor - Status: 200 | Duration: 17ms
2026-09-11 02:07:44.426 [http-nio-8888-exec-7] INFO  c.c.i.HttpLoggingInterceptor - Content-Type: application/json
2026-09-11 02:07:44.426 [http-nio-8888-exec-7] INFO  c.c.i.HttpLoggingInterceptor - === RESPONSE END ===
2026-09-11 02:07:46.474 [http-nio-8888-exec-8] INFO  c.c.i.HttpLoggingInterceptor - === REQUEST START ===
2026-09-11 02:07:46.474 [http-nio-8888-exec-8] INFO  c.c.i.HttpLoggingInterceptor - Method: GET | URI: /api/getUsergroupList
2026-09-11 02:07:46.474 [http-nio-8888-exec-8] INFO  c.c.i.HttpLoggingInterceptor - Remote Address: 0:0:0:0:0:0:0:1
2026-09-11 02:07:46.474 [http-nio-8888-exec-8] INFO  c.c.i.HttpLoggingInterceptor - === REQUEST END ===
2026-09-11 02:07:46.548 [http-nio-8888-exec-8] INFO  c.c.i.HttpLoggingInterceptor - === RESPONSE START ===
2026-09-11 02:07:46.548 [http-nio-8888-exec-8] INFO  c.c.i.HttpLoggingInterceptor - Status: 200 | Duration: 74ms
2026-09-11 02:07:46.548 [http-nio-8888-exec-8] INFO  c.c.i.HttpLoggingInterceptor - Content-Type: application/json
2026-09-11 02:07:46.548 [http-nio-8888-exec-8] INFO  c.c.i.HttpLoggingInterceptor - === RESPONSE END ===
2026-09-11 02:08:54.956 [http-nio-8888-exec-9] ERROR c.commonConfig.GlobalExceptionConfig - Unexpected exception occurred: 
org.springframework.web.multipart.MultipartException: Failed to parse multipart servlet request
	at org.springframework.web.multipart.support.StandardMultipartHttpServletRequest.handleParseFailure(StandardMultipartHttpServletRequest.java:122)
	at org.springframework.web.multipart.support.StandardMultipartHttpServletRequest.parseRequest(StandardMultipartHttpServletRequest.java:110)
	at org.springframework.web.multipart.support.StandardMultipartHttpServletRequest.<init>(StandardMultipartHttpServletRequest.java:86)
	at org.springframework.web.multipart.support.StandardServletMultipartResolver.resolveMultipart(StandardServletMultipartResolver.java:112)
	at org.springframework.web.servlet.DispatcherServlet.checkMultipart(DispatcherServlet.java:1219)
	at org.springframework.web.servlet.DispatcherServlet.doDispatch(DispatcherServlet.java:1053)
	at org.springframework.web.servlet.DispatcherServlet.doService(DispatcherServlet.java:974)
	at org.springframework.web.servlet.FrameworkServlet.processRequest(FrameworkServlet.java:1011)
	at org.springframework.web.servlet.FrameworkServlet.doPost(FrameworkServlet.java:914)
	at jakarta.servlet.http.HttpServlet.service(HttpServlet.java:590)
	at org.springframework.web.servlet.FrameworkServlet.service(FrameworkServlet.java:885)
	at jakarta.servlet.http.HttpServlet.service(HttpServlet.java:658)
	at org.apache.catalina.core.ApplicationFilterChain.internalDoFilter(ApplicationFilterChain.java:205)
	at org.apache.catalina.core.ApplicationFilterChain.doFilter(ApplicationFilterChain.java:149)
	at org.apache.tomcat.websocket.server.WsFilter.doFilter(WsFilter.java:51)
	at org.apache.catalina.core.ApplicationFilterChain.internalDoFilter(ApplicationFilterChain.java:174)
	at org.apache.catalina.core.ApplicationFilterChain.doFilter(ApplicationFilterChain.java:149)
	at org.springframework.web.filter.RequestContextFilter.doFilterInternal(RequestContextFilter.java:100)
	at org.springframework.web.filter.OncePerRequestFilter.doFilter(OncePerRequestFilter.java:116)
	at org.apache.catalina.core.ApplicationFilterChain.internalDoFilter(ApplicationFilterChain.java:174)
	at org.apache.catalina.core.ApplicationFilterChain.doFilter(ApplicationFilterChain.java:149)
	at org.springframework.web.filter.FormContentFilter.doFilterInternal(FormContentFilter.java:93)
	at org.springframework.web.filter.OncePerRequestFilter.doFilter(OncePerRequestFilter.java:116)
	at org.apache.catalina.core.ApplicationFilterChain.internalDoFilter(ApplicationFilterChain.java:174)
	at org.apache.catalina.core.ApplicationFilterChain.doFilter(ApplicationFilterChain.java:149)
	at org.springframework.web.filter.CharacterEncodingFilter.doFilterInternal(CharacterEncodingFilter.java:201)
	at org.springframework.web.filter.OncePerRequestFilter.doFilter(OncePerRequestFilter.java:116)
	at org.apache.catalina.core.ApplicationFilterChain.internalDoFilter(ApplicationFilterChain.java:174)
	at org.apache.catalina.core.ApplicationFilterChain.doFilter(ApplicationFilterChain.java:149)
	at org.apache.catalina.core.StandardWrapperValve.invoke(StandardWrapperValve.java:167)
	at org.apache.catalina.core.StandardContextValve.invoke(StandardContextValve.java:90)
	at org.apache.catalina.authenticator.AuthenticatorBase.invoke(AuthenticatorBase.java:482)
	at org.apache.catalina.core.StandardHostValve.invoke(StandardHostValve.java:115)
	at org.apache.catalina.valves.ErrorReportValve.invoke(ErrorReportValve.java:93)
	at org.apache.catalina.core.StandardEngineValve.invoke(StandardEngineValve.java:74)
	at org.apache.catalina.connector.CoyoteAdapter.service(CoyoteAdapter.java:340)
	at org.apache.coyote.http11.Http11Processor.service(Http11Processor.java:391)
	at org.apache.coyote.AbstractProcessorLight.process(AbstractProcessorLight.java:63)
	at org.apache.coyote.AbstractProtocol$ConnectionHandler.process(AbstractProtocol.java:896)
	at org.apache.tomcat.util.net.NioEndpoint$SocketProcessor.doRun(NioEndpoint.java:1744)
	at org.apache.tomcat.util.net.SocketProcessorBase.run(SocketProcessorBase.java:52)
	at org.apache.tomcat.util.threads.ThreadPoolExecutor.runWorker(ThreadPoolExecutor.java:1191)
	at org.apache.tomcat.util.threads.ThreadPoolExecutor$Worker.run(ThreadPoolExecutor.java:659)
	at org.apache.tomcat.util.threads.TaskThread$WrappingRunnable.run(TaskThread.java:61)
	at java.base/java.lang.Thread.run(Thread.java:833)
Caused by: org.apache.tomcat.util.http.fileupload.FileUploadException: the request was rejected because no multipart boundary was found
	at org.apache.tomcat.util.http.fileupload.impl.FileItemIteratorImpl.init(FileItemIteratorImpl.java:189)
	at org.apache.tomcat.util.http.fileupload.impl.FileItemIteratorImpl.getMultiPartStream(FileItemIteratorImpl.java:205)
	at org.apache.tomcat.util.http.fileupload.impl.FileItemIteratorImpl.findNextItem(FileItemIteratorImpl.java:224)
	at org.apache.tomcat.util.http.fileupload.impl.FileItemIteratorImpl.<init>(FileItemIteratorImpl.java:142)
	at org.apache.tomcat.util.http.fileupload.FileUploadBase.getItemIterator(FileUploadBase.java:252)
	at org.apache.tomcat.util.http.fileupload.FileUploadBase.parseRequest(FileUploadBase.java:276)
	at org.apache.catalina.connector.Request.parseParts(Request.java:2784)
	at org.apache.catalina.connector.Request.getParts(Request.java:2685)
	at org.apache.catalina.connector.RequestFacade.getParts(RequestFacade.java:773)
	at org.springframework.web.multipart.support.StandardMultipartHttpServletRequest.parseRequest(StandardMultipartHttpServletRequest.java:93)
	... 43 common frames omitted
2026-09-11 02:12:23.706 [http-nio-8888-exec-2] INFO  c.c.i.HttpLoggingInterceptor - === REQUEST START ===
2026-09-11 02:12:23.706 [http-nio-8888-exec-2] INFO  c.c.i.HttpLoggingInterceptor - Method: POST | URI: /api/getCapcha
2026-09-11 02:12:23.706 [http-nio-8888-exec-2] INFO  c.c.i.HttpLoggingInterceptor - Remote Address: 0:0:0:0:0:0:0:1
2026-09-11 02:12:23.706 [http-nio-8888-exec-2] INFO  c.c.i.HttpLoggingInterceptor - === REQUEST END ===
2026-09-11 02:12:23.730 [http-nio-8888-exec-2] INFO  c.c.i.HttpLoggingInterceptor - === RESPONSE START ===
2026-09-11 02:12:23.730 [http-nio-8888-exec-2] INFO  c.c.i.HttpLoggingInterceptor - Status: 200 | Duration: 24ms
2026-09-11 02:12:23.730 [http-nio-8888-exec-2] INFO  c.c.i.HttpLoggingInterceptor - Content-Type: application/json
2026-09-11 02:12:23.730 [http-nio-8888-exec-2] INFO  c.c.i.HttpLoggingInterceptor - === RESPONSE END ===
2026-09-11 02:12:27.023 [http-nio-8888-exec-4] INFO  c.c.i.HttpLoggingInterceptor - === REQUEST START ===
2026-09-11 02:12:27.024 [http-nio-8888-exec-4] INFO  c.c.i.HttpLoggingInterceptor - Method: GET | URI: /api/getUsergroupList
2026-09-11 02:12:27.024 [http-nio-8888-exec-4] INFO  c.c.i.HttpLoggingInterceptor - Remote Address: 0:0:0:0:0:0:0:1
2026-09-11 02:12:27.024 [http-nio-8888-exec-4] INFO  c.c.i.HttpLoggingInterceptor - === REQUEST END ===
2026-09-11 02:12:27.040 [http-nio-8888-exec-4] INFO  c.c.i.HttpLoggingInterceptor - === RESPONSE START ===
2026-09-11 02:12:27.041 [http-nio-8888-exec-4] INFO  c.c.i.HttpLoggingInterceptor - Status: 200 | Duration: 17ms
2026-09-11 02:12:27.041 [http-nio-8888-exec-4] INFO  c.c.i.HttpLoggingInterceptor - Content-Type: application/json
2026-09-11 02:12:27.041 [http-nio-8888-exec-4] INFO  c.c.i.HttpLoggingInterceptor - === RESPONSE END ===
2026-09-11 02:13:42.394 [http-nio-8888-exec-6] ERROR c.commonConfig.GlobalExceptionConfig - Unexpected exception occurred: 
org.springframework.web.HttpMediaTypeNotSupportedException: Content-Type 'text/plain' is not supported
	at org.springframework.web.servlet.mvc.method.RequestMappingInfoHandlerMapping.handleNoMatch(RequestMappingInfoHandlerMapping.java:280)
	at org.springframework.web.servlet.handler.AbstractHandlerMethodMapping.lookupHandlerMethod(AbstractHandlerMethodMapping.java:441)
	at org.springframework.web.servlet.handler.AbstractHandlerMethodMapping.getHandlerInternal(AbstractHandlerMethodMapping.java:382)
	at org.springframework.web.servlet.mvc.method.RequestMappingInfoHandlerMapping.getHandlerInternal(RequestMappingInfoHandlerMapping.java:126)
	at org.springframework.web.servlet.mvc.method.RequestMappingInfoHandlerMapping.getHandlerInternal(RequestMappingInfoHandlerMapping.java:68)
	at org.springframework.web.servlet.handler.AbstractHandlerMapping.getHandler(AbstractHandlerMapping.java:505)
	at org.springframework.web.servlet.DispatcherServlet.getHandler(DispatcherServlet.java:1275)
	at org.springframework.web.servlet.DispatcherServlet.doDispatch(DispatcherServlet.java:1057)
	at org.springframework.web.servlet.DispatcherServlet.doService(DispatcherServlet.java:974)
	at org.springframework.web.servlet.FrameworkServlet.processRequest(FrameworkServlet.java:1011)
	at org.springframework.web.servlet.FrameworkServlet.doPost(FrameworkServlet.java:914)
	at jakarta.servlet.http.HttpServlet.service(HttpServlet.java:590)
	at org.springframework.web.servlet.FrameworkServlet.service(FrameworkServlet.java:885)
	at jakarta.servlet.http.HttpServlet.service(HttpServlet.java:658)
	at org.apache.catalina.core.ApplicationFilterChain.internalDoFilter(ApplicationFilterChain.java:205)
	at org.apache.catalina.core.ApplicationFilterChain.doFilter(ApplicationFilterChain.java:149)
	at org.apache.tomcat.websocket.server.WsFilter.doFilter(WsFilter.java:51)
	at org.apache.catalina.core.ApplicationFilterChain.internalDoFilter(ApplicationFilterChain.java:174)
	at org.apache.catalina.core.ApplicationFilterChain.doFilter(ApplicationFilterChain.java:149)
	at org.springframework.web.filter.RequestContextFilter.doFilterInternal(RequestContextFilter.java:100)
	at org.springframework.web.filter.OncePerRequestFilter.doFilter(OncePerRequestFilter.java:116)
	at org.apache.catalina.core.ApplicationFilterChain.internalDoFilter(ApplicationFilterChain.java:174)
	at org.apache.catalina.core.ApplicationFilterChain.doFilter(ApplicationFilterChain.java:149)
	at org.springframework.web.filter.FormContentFilter.doFilterInternal(FormContentFilter.java:93)
	at org.springframework.web.filter.OncePerRequestFilter.doFilter(OncePerRequestFilter.java:116)
	at org.apache.catalina.core.ApplicationFilterChain.internalDoFilter(ApplicationFilterChain.java:174)
	at org.apache.catalina.core.ApplicationFilterChain.doFilter(ApplicationFilterChain.java:149)
	at org.springframework.web.filter.CharacterEncodingFilter.doFilterInternal(CharacterEncodingFilter.java:201)
	at org.springframework.web.filter.OncePerRequestFilter.doFilter(OncePerRequestFilter.java:116)
	at org.apache.catalina.core.ApplicationFilterChain.internalDoFilter(ApplicationFilterChain.java:174)
	at org.apache.catalina.core.ApplicationFilterChain.doFilter(ApplicationFilterChain.java:149)
	at org.apache.catalina.core.StandardWrapperValve.invoke(StandardWrapperValve.java:167)
	at org.apache.catalina.core.StandardContextValve.invoke(StandardContextValve.java:90)
	at org.apache.catalina.authenticator.AuthenticatorBase.invoke(AuthenticatorBase.java:482)
	at org.apache.catalina.core.StandardHostValve.invoke(StandardHostValve.java:115)
	at org.apache.catalina.valves.ErrorReportValve.invoke(ErrorReportValve.java:93)
	at org.apache.catalina.core.StandardEngineValve.invoke(StandardEngineValve.java:74)
	at org.apache.catalina.connector.CoyoteAdapter.service(CoyoteAdapter.java:340)
	at org.apache.coyote.http11.Http11Processor.service(Http11Processor.java:391)
	at org.apache.coyote.AbstractProcessorLight.process(AbstractProcessorLight.java:63)
	at org.apache.coyote.AbstractProtocol$ConnectionHandler.process(AbstractProtocol.java:896)
	at org.apache.tomcat.util.net.NioEndpoint$SocketProcessor.doRun(NioEndpoint.java:1744)
	at org.apache.tomcat.util.net.SocketProcessorBase.run(SocketProcessorBase.java:52)
	at org.apache.tomcat.util.threads.ThreadPoolExecutor.runWorker(ThreadPoolExecutor.java:1191)
	at org.apache.tomcat.util.threads.ThreadPoolExecutor$Worker.run(ThreadPoolExecutor.java:659)
	at org.apache.tomcat.util.threads.TaskThread$WrappingRunnable.run(TaskThread.java:61)
	at java.base/java.lang.Thread.run(Thread.java:833)
2026-09-11 02:15:53.502 [http-nio-8888-exec-7] INFO  c.c.i.HttpLoggingInterceptor - === REQUEST START ===
2026-09-11 02:15:53.503 [http-nio-8888-exec-7] INFO  c.c.i.HttpLoggingInterceptor - Method: POST | URI: /api/getCapcha
2026-09-11 02:15:53.503 [http-nio-8888-exec-7] INFO  c.c.i.HttpLoggingInterceptor - Remote Address: 0:0:0:0:0:0:0:1
2026-09-11 02:15:53.503 [http-nio-8888-exec-7] INFO  c.c.i.HttpLoggingInterceptor - === REQUEST END ===
2026-09-11 02:15:53.526 [http-nio-8888-exec-7] INFO  c.c.i.HttpLoggingInterceptor - === RESPONSE START ===
2026-09-11 02:15:53.527 [http-nio-8888-exec-7] INFO  c.c.i.HttpLoggingInterceptor - Status: 200 | Duration: 24ms
2026-09-11 02:15:53.527 [http-nio-8888-exec-7] INFO  c.c.i.HttpLoggingInterceptor - Content-Type: application/json
2026-09-11 02:15:53.527 [http-nio-8888-exec-7] INFO  c.c.i.HttpLoggingInterceptor - === RESPONSE END ===
2026-09-11 02:24:13.479 [http-nio-8888-exec-10] INFO  c.c.i.HttpLoggingInterceptor - === REQUEST START ===
2026-09-11 02:24:13.479 [http-nio-8888-exec-10] INFO  c.c.i.HttpLoggingInterceptor - Method: POST | URI: /api/getCapcha
2026-09-11 02:24:13.479 [http-nio-8888-exec-10] INFO  c.c.i.HttpLoggingInterceptor - Remote Address: 0:0:0:0:0:0:0:1
2026-09-11 02:24:13.479 [http-nio-8888-exec-10] INFO  c.c.i.HttpLoggingInterceptor - === REQUEST END ===
2026-09-11 02:24:13.514 [http-nio-8888-exec-10] INFO  c.c.i.HttpLoggingInterceptor - === RESPONSE START ===
2026-09-11 02:24:13.514 [http-nio-8888-exec-10] INFO  c.c.i.HttpLoggingInterceptor - Status: 200 | Duration: 35ms
2026-09-11 02:24:13.515 [http-nio-8888-exec-10] INFO  c.c.i.HttpLoggingInterceptor - Content-Type: application/json
2026-09-11 02:24:13.515 [http-nio-8888-exec-10] INFO  c.c.i.HttpLoggingInterceptor - === RESPONSE END ===
2026-09-11 02:25:07.064 [http-nio-8888-exec-9] INFO  c.c.i.HttpLoggingInterceptor - === REQUEST START ===
2026-09-11 02:25:07.064 [http-nio-8888-exec-9] INFO  c.c.i.HttpLoggingInterceptor - Method: POST | URI: /api/getCapcha
2026-09-11 02:25:07.064 [http-nio-8888-exec-9] INFO  c.c.i.HttpLoggingInterceptor - Remote Address: 0:0:0:0:0:0:0:1
2026-09-11 02:25:07.064 [http-nio-8888-exec-9] INFO  c.c.i.HttpLoggingInterceptor - === REQUEST END ===
2026-09-11 02:25:07.093 [http-nio-8888-exec-9] INFO  c.c.i.HttpLoggingInterceptor - === RESPONSE START ===
2026-09-11 02:25:07.093 [http-nio-8888-exec-9] INFO  c.c.i.HttpLoggingInterceptor - Status: 200 | Duration: 29ms
2026-09-11 02:25:07.094 [http-nio-8888-exec-9] INFO  c.c.i.HttpLoggingInterceptor - Content-Type: application/json
2026-09-11 02:25:07.094 [http-nio-8888-exec-9] INFO  c.c.i.HttpLoggingInterceptor - === RESPONSE END ===
2026-09-11 02:25:11.145 [http-nio-8888-exec-2] INFO  c.c.i.HttpLoggingInterceptor - === REQUEST START ===
2026-09-11 02:25:11.145 [http-nio-8888-exec-2] INFO  c.c.i.HttpLoggingInterceptor - Method: GET | URI: /api/getUsergroupList
2026-09-11 02:25:11.145 [http-nio-8888-exec-2] INFO  c.c.i.HttpLoggingInterceptor - Remote Address: 0:0:0:0:0:0:0:1
2026-09-11 02:25:11.145 [http-nio-8888-exec-2] INFO  c.c.i.HttpLoggingInterceptor - === REQUEST END ===
2026-09-11 02:25:11.201 [http-nio-8888-exec-2] INFO  c.c.i.HttpLoggingInterceptor - === RESPONSE START ===
2026-09-11 02:25:11.201 [http-nio-8888-exec-2] INFO  c.c.i.HttpLoggingInterceptor - Status: 200 | Duration: 56ms
2026-09-11 02:25:11.201 [http-nio-8888-exec-2] INFO  c.c.i.HttpLoggingInterceptor - Content-Type: application/json
2026-09-11 02:25:11.201 [http-nio-8888-exec-2] INFO  c.c.i.HttpLoggingInterceptor - === RESPONSE END ===
2026-09-11 02:26:24.391 [http-nio-8888-exec-5] INFO  c.c.i.HttpLoggingInterceptor - === REQUEST START ===
2026-09-11 02:26:24.391 [http-nio-8888-exec-5] INFO  c.c.i.HttpLoggingInterceptor - Method: POST | URI: /api/createUser
2026-09-11 02:26:24.391 [http-nio-8888-exec-5] INFO  c.c.i.HttpLoggingInterceptor - Remote Address: 0:0:0:0:0:0:0:1
2026-09-11 02:26:24.391 [http-nio-8888-exec-5] INFO  c.c.i.HttpLoggingInterceptor - === REQUEST END ===
2026-09-11 02:26:42.795 [http-nio-8888-exec-1] ERROR c.commonConfig.GlobalExceptionConfig - Unexpected exception occurred: 
org.apache.catalina.connector.ClientAbortException: java.io.IOException: An established connection was aborted by the software in your host machine
	at org.apache.catalina.connector.OutputBuffer.realWriteBytes(OutputBuffer.java:344)
	at org.apache.catalina.connector.OutputBuffer.flushByteBuffer(OutputBuffer.java:773)
	at org.apache.catalina.connector.OutputBuffer.append(OutputBuffer.java:676)
	at org.apache.catalina.connector.OutputBuffer.writeBytes(OutputBuffer.java:379)
	at org.apache.catalina.connector.OutputBuffer.write(OutputBuffer.java:357)
	at org.apache.catalina.connector.CoyoteOutputStream.write(CoyoteOutputStream.java:97)
	at org.springframework.util.StreamUtils$NonClosingOutputStream.write(StreamUtils.java:267)
	at com.fasterxml.jackson.core.json.UTF8JsonGenerator._flushBuffer(UTF8JsonGenerator.java:2203)
	at com.fasterxml.jackson.core.json.UTF8JsonGenerator._writeStringSegments(UTF8JsonGenerator.java:1343)
	at com.fasterxml.jackson.core.json.UTF8JsonGenerator.writeString(UTF8JsonGenerator.java:517)
	at com.fasterxml.jackson.databind.ser.std.StringSerializer.serialize(StringSerializer.java:41)
	at com.fasterxml.jackson.databind.ser.BeanPropertyWriter.serializeAsField(BeanPropertyWriter.java:732)
	at com.fasterxml.jackson.databind.ser.std.BeanSerializerBase.serializeFields(BeanSerializerBase.java:772)
	at com.fasterxml.jackson.databind.ser.BeanSerializer.serialize(BeanSerializer.java:178)
	at com.fasterxml.jackson.databind.ser.BeanPropertyWriter.serializeAsField(BeanPropertyWriter.java:732)
	at com.fasterxml.jackson.databind.ser.std.BeanSerializerBase.serializeFields(BeanSerializerBase.java:772)
	at com.fasterxml.jackson.databind.ser.BeanSerializer.serialize(BeanSerializer.java:178)
	at com.fasterxml.jackson.databind.ser.DefaultSerializerProvider._serialize(DefaultSerializerProvider.java:479)
	at com.fasterxml.jackson.databind.ser.DefaultSerializerProvider.serializeValue(DefaultSerializerProvider.java:318)
	at com.fasterxml.jackson.databind.ObjectWriter$Prefetch.serialize(ObjectWriter.java:1572)
	at com.fasterxml.jackson.databind.ObjectWriter.writeValue(ObjectWriter.java:1061)
	at org.springframework.http.converter.json.AbstractJackson2HttpMessageConverter.writeInternal(AbstractJackson2HttpMessageConverter.java:483)
	at org.springframework.http.converter.AbstractGenericHttpMessageConverter.write(AbstractGenericHttpMessageConverter.java:103)
	at org.springframework.web.servlet.mvc.method.annotation.AbstractMessageConverterMethodProcessor.writeWithMessageConverters(AbstractMessageConverterMethodProcessor.java:297)
	at org.springframework.web.servlet.mvc.method.annotation.RequestResponseBodyMethodProcessor.handleReturnValue(RequestResponseBodyMethodProcessor.java:194)
	at org.springframework.web.method.support.HandlerMethodReturnValueHandlerComposite.handleReturnValue(HandlerMethodReturnValueHandlerComposite.java:78)
	at org.springframework.web.servlet.mvc.method.annotation.ServletInvocableHandlerMethod.invokeAndHandle(ServletInvocableHandlerMethod.java:136)
	at org.springframework.web.servlet.mvc.method.annotation.RequestMappingHandlerAdapter.invokeHandlerMethod(RequestMappingHandlerAdapter.java:884)
	at org.springframework.web.servlet.mvc.method.annotation.RequestMappingHandlerAdapter.handleInternal(RequestMappingHandlerAdapter.java:797)
	at org.springframework.web.servlet.mvc.method.AbstractHandlerMethodAdapter.handle(AbstractHandlerMethodAdapter.java:87)
	at org.springframework.web.servlet.DispatcherServlet.doDispatch(DispatcherServlet.java:1081)
	at org.springframework.web.servlet.DispatcherServlet.doService(DispatcherServlet.java:974)
	at org.springframework.web.servlet.FrameworkServlet.processRequest(FrameworkServlet.java:1011)
	at org.springframework.web.servlet.FrameworkServlet.doPost(FrameworkServlet.java:914)
	at jakarta.servlet.http.HttpServlet.service(HttpServlet.java:590)
	at org.springframework.web.servlet.FrameworkServlet.service(FrameworkServlet.java:885)
	at jakarta.servlet.http.HttpServlet.service(HttpServlet.java:658)
	at org.apache.catalina.core.ApplicationFilterChain.internalDoFilter(ApplicationFilterChain.java:205)
	at org.apache.catalina.core.ApplicationFilterChain.doFilter(ApplicationFilterChain.java:149)
	at org.apache.tomcat.websocket.server.WsFilter.doFilter(WsFilter.java:51)
	at org.apache.catalina.core.ApplicationFilterChain.internalDoFilter(ApplicationFilterChain.java:174)
	at org.apache.catalina.core.ApplicationFilterChain.doFilter(ApplicationFilterChain.java:149)
	at org.springframework.web.filter.RequestContextFilter.doFilterInternal(RequestContextFilter.java:100)
	at org.springframework.web.filter.OncePerRequestFilter.doFilter(OncePerRequestFilter.java:116)
	at org.apache.catalina.core.ApplicationFilterChain.internalDoFilter(ApplicationFilterChain.java:174)
	at org.apache.catalina.core.ApplicationFilterChain.doFilter(ApplicationFilterChain.java:149)
	at org.springframework.web.filter.FormContentFilter.doFilterInternal(FormContentFilter.java:93)
	at org.springframework.web.filter.OncePerRequestFilter.doFilter(OncePerRequestFilter.java:116)
	at org.apache.catalina.core.ApplicationFilterChain.internalDoFilter(ApplicationFilterChain.java:174)
	at org.apache.catalina.core.ApplicationFilterChain.doFilter(ApplicationFilterChain.java:149)
	at org.springframework.web.filter.CharacterEncodingFilter.doFilterInternal(CharacterEncodingFilter.java:201)
	at org.springframework.web.filter.OncePerRequestFilter.doFilter(OncePerRequestFilter.java:116)
	at org.apache.catalina.core.ApplicationFilterChain.internalDoFilter(ApplicationFilterChain.java:174)
	at org.apache.catalina.core.ApplicationFilterChain.doFilter(ApplicationFilterChain.java:149)
	at org.apache.catalina.core.StandardWrapperValve.invoke(StandardWrapperValve.java:167)
	at org.apache.catalina.core.StandardContextValve.invoke(StandardContextValve.java:90)
	at org.apache.catalina.authenticator.AuthenticatorBase.invoke(AuthenticatorBase.java:482)
	at org.apache.catalina.core.StandardHostValve.invoke(StandardHostValve.java:115)
	at org.apache.catalina.valves.ErrorReportValve.invoke(ErrorReportValve.java:93)
	at org.apache.catalina.core.StandardEngineValve.invoke(StandardEngineValve.java:74)
	at org.apache.catalina.connector.CoyoteAdapter.service(CoyoteAdapter.java:340)
	at org.apache.coyote.http11.Http11Processor.service(Http11Processor.java:391)
	at org.apache.coyote.AbstractProcessorLight.process(AbstractProcessorLight.java:63)
	at org.apache.coyote.AbstractProtocol$ConnectionHandler.process(AbstractProtocol.java:896)
	at org.apache.tomcat.util.net.NioEndpoint$SocketProcessor.doRun(NioEndpoint.java:1744)
	at org.apache.tomcat.util.net.SocketProcessorBase.run(SocketProcessorBase.java:52)
	at org.apache.tomcat.util.threads.ThreadPoolExecutor.runWorker(ThreadPoolExecutor.java:1191)
	at org.apache.tomcat.util.threads.ThreadPoolExecutor$Worker.run(ThreadPoolExecutor.java:659)
	at org.apache.tomcat.util.threads.TaskThread$WrappingRunnable.run(TaskThread.java:61)
	at java.base/java.lang.Thread.run(Thread.java:833)
	Suppressed: org.apache.catalina.connector.ClientAbortException: java.io.IOException: An established connection was aborted by the software in your host machine
		at org.apache.catalina.connector.OutputBuffer.realWriteBytes(OutputBuffer.java:344)
		at org.apache.catalina.connector.OutputBuffer.flushByteBuffer(OutputBuffer.java:773)
		at org.apache.catalina.connector.OutputBuffer.append(OutputBuffer.java:676)
		at org.apache.catalina.connector.OutputBuffer.writeBytes(OutputBuffer.java:379)
		at org.apache.catalina.connector.OutputBuffer.write(OutputBuffer.java:357)
		at org.apache.catalina.connector.CoyoteOutputStream.write(CoyoteOutputStream.java:97)
		at org.springframework.util.StreamUtils$NonClosingOutputStream.write(StreamUtils.java:267)
		at com.fasterxml.jackson.core.json.UTF8JsonGenerator._flushBuffer(UTF8JsonGenerator.java:2203)
		at com.fasterxml.jackson.core.json.UTF8JsonGenerator.close(UTF8JsonGenerator.java:1227)
		at org.springframework.http.converter.json.AbstractJackson2HttpMessageConverter.writeInternal(AbstractJackson2HttpMessageConverter.java:452)
		... 48 common frames omitted
	Caused by: java.io.IOException: An established connection was aborted by the software in your host machine
		at java.base/sun.nio.ch.SocketDispatcher.write0(Native Method)
		at java.base/sun.nio.ch.SocketDispatcher.write(SocketDispatcher.java:54)
		at java.base/sun.nio.ch.IOUtil.writeFromNativeBuffer(IOUtil.java:132)
		at java.base/sun.nio.ch.IOUtil.write(IOUtil.java:97)
		at java.base/sun.nio.ch.IOUtil.write(IOUtil.java:53)
		at java.base/sun.nio.ch.SocketChannelImpl.write(SocketChannelImpl.java:532)
		at org.apache.tomcat.util.net.NioChannel.write(NioChannel.java:118)
		at org.apache.tomcat.util.net.NioEndpoint$NioSocketWrapper.doWrite(NioEndpoint.java:1381)
		at org.apache.tomcat.util.net.SocketWrapperBase.doWrite(SocketWrapperBase.java:764)
		at org.apache.tomcat.util.net.SocketWrapperBase.writeBlocking(SocketWrapperBase.java:589)
		at org.apache.tomcat.util.net.SocketWrapperBase.write(SocketWrapperBase.java:533)
		at org.apache.coyote.http11.Http11OutputBuffer$SocketOutputBuffer.doWrite(Http11OutputBuffer.java:540)
		at org.apache.coyote.http11.filters.ChunkedOutputFilter.doWrite(ChunkedOutputFilter.java:110)
		at org.apache.coyote.http11.filters.GzipOutputFilter$FakeOutputStream.write(GzipOutputFilter.java:159)
		at java.base/java.util.zip.DeflaterOutputStream.deflate(DeflaterOutputStream.java:261)
		at java.base/java.util.zip.DeflaterOutputStream.write(DeflaterOutputStream.java:210)
		at java.base/java.util.zip.GZIPOutputStream.write(GZIPOutputStream.java:148)
		at org.apache.coyote.http11.filters.GzipOutputFilter.doWrite(GzipOutputFilter.java:69)
		at org.apache.coyote.http11.Http11OutputBuffer.doWrite(Http11OutputBuffer.java:193)
		at org.apache.coyote.Response.doWrite(Response.java:616)
		at org.apache.catalina.connector.OutputBuffer.realWriteBytes(OutputBuffer.java:331)
		... 57 common frames omitted
Caused by: java.io.IOException: An established connection was aborted by the software in your host machine
	at java.base/sun.nio.ch.SocketDispatcher.write0(Native Method)
	at java.base/sun.nio.ch.SocketDispatcher.write(SocketDispatcher.java:54)
	at java.base/sun.nio.ch.IOUtil.writeFromNativeBuffer(IOUtil.java:132)
	at java.base/sun.nio.ch.IOUtil.write(IOUtil.java:97)
	at java.base/sun.nio.ch.IOUtil.write(IOUtil.java:53)
	at java.base/sun.nio.ch.SocketChannelImpl.write(SocketChannelImpl.java:532)
	at org.apache.tomcat.util.net.NioChannel.write(NioChannel.java:118)
	at org.apache.tomcat.util.net.NioEndpoint$NioSocketWrapper.doWrite(NioEndpoint.java:1381)
	at org.apache.tomcat.util.net.SocketWrapperBase.doWrite(SocketWrapperBase.java:764)
	at org.apache.tomcat.util.net.SocketWrapperBase.writeBlocking(SocketWrapperBase.java:589)
	at org.apache.tomcat.util.net.SocketWrapperBase.write(SocketWrapperBase.java:533)
	at org.apache.coyote.http11.Http11OutputBuffer$SocketOutputBuffer.doWrite(Http11OutputBuffer.java:540)
	at org.apache.coyote.http11.filters.ChunkedOutputFilter.doWrite(ChunkedOutputFilter.java:112)
	at org.apache.coyote.http11.filters.GzipOutputFilter$FakeOutputStream.write(GzipOutputFilter.java:159)
	at java.base/java.util.zip.DeflaterOutputStream.deflate(DeflaterOutputStream.java:261)
	at java.base/java.util.zip.DeflaterOutputStream.write(DeflaterOutputStream.java:210)
	at java.base/java.util.zip.GZIPOutputStream.write(GZIPOutputStream.java:148)
	at org.apache.coyote.http11.filters.GzipOutputFilter.doWrite(GzipOutputFilter.java:69)
	at org.apache.coyote.http11.Http11OutputBuffer.doWrite(Http11OutputBuffer.java:193)
	at org.apache.coyote.Response.doWrite(Response.java:616)
	at org.apache.catalina.connector.OutputBuffer.realWriteBytes(OutputBuffer.java:331)
	... 69 common frames omitted
2026-09-11 02:26:42.795 [http-nio-8888-exec-1] WARN  o.s.w.s.m.m.a.ExceptionHandlerExceptionResolver - Failure in @ExceptionHandler config.commonConfig.GlobalExceptionConfig#handleGenericException(Exception)
org.apache.catalina.connector.ClientAbortException: java.io.IOException: An established connection was aborted by the software in your host machine
	at org.apache.catalina.connector.OutputBuffer.realWriteBytes(OutputBuffer.java:344)
	at org.apache.catalina.connector.OutputBuffer.flushByteBuffer(OutputBuffer.java:773)
	at org.apache.catalina.connector.OutputBuffer.append(OutputBuffer.java:676)
	at org.apache.catalina.connector.OutputBuffer.writeBytes(OutputBuffer.java:379)
	at org.apache.catalina.connector.OutputBuffer.write(OutputBuffer.java:357)
	at org.apache.catalina.connector.CoyoteOutputStream.write(CoyoteOutputStream.java:97)
	at org.springframework.util.StreamUtils$NonClosingOutputStream.write(StreamUtils.java:267)
	at com.fasterxml.jackson.core.json.UTF8JsonGenerator._flushBuffer(UTF8JsonGenerator.java:2203)
	at com.fasterxml.jackson.core.json.UTF8JsonGenerator.flush(UTF8JsonGenerator.java:1197)
	at com.fasterxml.jackson.databind.ObjectWriter.writeValue(ObjectWriter.java:1063)
	at org.springframework.http.converter.json.AbstractJackson2HttpMessageConverter.writeInternal(AbstractJackson2HttpMessageConverter.java:483)
	at org.springframework.http.converter.AbstractGenericHttpMessageConverter.write(AbstractGenericHttpMessageConverter.java:103)
	at org.springframework.web.servlet.mvc.method.annotation.AbstractMessageConverterMethodProcessor.writeWithMessageConverters(AbstractMessageConverterMethodProcessor.java:297)
	at org.springframework.web.servlet.mvc.method.annotation.HttpEntityMethodProcessor.handleReturnValue(HttpEntityMethodProcessor.java:245)
	at org.springframework.web.method.support.HandlerMethodReturnValueHandlerComposite.handleReturnValue(HandlerMethodReturnValueHandlerComposite.java:78)
	at org.springframework.web.servlet.mvc.method.annotation.ServletInvocableHandlerMethod.invokeAndHandle(ServletInvocableHandlerMethod.java:136)
	at org.springframework.web.servlet.mvc.method.annotation.ExceptionHandlerExceptionResolver.doResolveHandlerMethodException(ExceptionHandlerExceptionResolver.java:413)
	at org.springframework.web.servlet.handler.AbstractHandlerMethodExceptionResolver.doResolveException(AbstractHandlerMethodExceptionResolver.java:74)
	at org.springframework.web.servlet.handler.AbstractHandlerExceptionResolver.resolveException(AbstractHandlerExceptionResolver.java:141)
	at org.springframework.web.servlet.handler.HandlerExceptionResolverComposite.resolveException(HandlerExceptionResolverComposite.java:80)
	at org.springframework.web.servlet.DispatcherServlet.processHandlerException(DispatcherServlet.java:1341)
	at org.springframework.web.servlet.DispatcherServlet.processDispatchResult(DispatcherServlet.java:1152)
	at org.springframework.web.servlet.DispatcherServlet.doDispatch(DispatcherServlet.java:1098)
	at org.springframework.web.servlet.DispatcherServlet.doService(DispatcherServlet.java:974)
	at org.springframework.web.servlet.FrameworkServlet.processRequest(FrameworkServlet.java:1011)
	at org.springframework.web.servlet.FrameworkServlet.doPost(FrameworkServlet.java:914)
	at jakarta.servlet.http.HttpServlet.service(HttpServlet.java:590)
	at org.springframework.web.servlet.FrameworkServlet.service(FrameworkServlet.java:885)
	at jakarta.servlet.http.HttpServlet.service(HttpServlet.java:658)
	at org.apache.catalina.core.ApplicationFilterChain.internalDoFilter(ApplicationFilterChain.java:205)
	at org.apache.catalina.core.ApplicationFilterChain.doFilter(ApplicationFilterChain.java:149)
	at org.apache.tomcat.websocket.server.WsFilter.doFilter(WsFilter.java:51)
	at org.apache.catalina.core.ApplicationFilterChain.internalDoFilter(ApplicationFilterChain.java:174)
	at org.apache.catalina.core.ApplicationFilterChain.doFilter(ApplicationFilterChain.java:149)
	at org.springframework.web.filter.RequestContextFilter.doFilterInternal(RequestContextFilter.java:100)
	at org.springframework.web.filter.OncePerRequestFilter.doFilter(OncePerRequestFilter.java:116)
	at org.apache.catalina.core.ApplicationFilterChain.internalDoFilter(ApplicationFilterChain.java:174)
	at org.apache.catalina.core.ApplicationFilterChain.doFilter(ApplicationFilterChain.java:149)
	at org.springframework.web.filter.FormContentFilter.doFilterInternal(FormContentFilter.java:93)
	at org.springframework.web.filter.OncePerRequestFilter.doFilter(OncePerRequestFilter.java:116)
	at org.apache.catalina.core.ApplicationFilterChain.internalDoFilter(ApplicationFilterChain.java:174)
	at org.apache.catalina.core.ApplicationFilterChain.doFilter(ApplicationFilterChain.java:149)
	at org.springframework.web.filter.CharacterEncodingFilter.doFilterInternal(CharacterEncodingFilter.java:201)
	at org.springframework.web.filter.OncePerRequestFilter.doFilter(OncePerRequestFilter.java:116)
	at org.apache.catalina.core.ApplicationFilterChain.internalDoFilter(ApplicationFilterChain.java:174)
	at org.apache.catalina.core.ApplicationFilterChain.doFilter(ApplicationFilterChain.java:149)
	at org.apache.catalina.core.StandardWrapperValve.invoke(StandardWrapperValve.java:167)
	at org.apache.catalina.core.StandardContextValve.invoke(StandardContextValve.java:90)
	at org.apache.catalina.authenticator.AuthenticatorBase.invoke(AuthenticatorBase.java:482)
	at org.apache.catalina.core.StandardHostValve.invoke(StandardHostValve.java:115)
	at org.apache.catalina.valves.ErrorReportValve.invoke(ErrorReportValve.java:93)
	at org.apache.catalina.core.StandardEngineValve.invoke(StandardEngineValve.java:74)
	at org.apache.catalina.connector.CoyoteAdapter.service(CoyoteAdapter.java:340)
	at org.apache.coyote.http11.Http11Processor.service(Http11Processor.java:391)
	at org.apache.coyote.AbstractProcessorLight.process(AbstractProcessorLight.java:63)
	at org.apache.coyote.AbstractProtocol$ConnectionHandler.process(AbstractProtocol.java:896)
	at org.apache.tomcat.util.net.NioEndpoint$SocketProcessor.doRun(NioEndpoint.java:1744)
	at org.apache.tomcat.util.net.SocketProcessorBase.run(SocketProcessorBase.java:52)
	at org.apache.tomcat.util.threads.ThreadPoolExecutor.runWorker(ThreadPoolExecutor.java:1191)
	at org.apache.tomcat.util.threads.ThreadPoolExecutor$Worker.run(ThreadPoolExecutor.java:659)
	at org.apache.tomcat.util.threads.TaskThread$WrappingRunnable.run(TaskThread.java:61)
	at java.base/java.lang.Thread.run(Thread.java:833)
Caused by: java.io.IOException: An established connection was aborted by the software in your host machine
	at java.base/sun.nio.ch.SocketDispatcher.write0(Native Method)
	at java.base/sun.nio.ch.SocketDispatcher.write(SocketDispatcher.java:54)
	at java.base/sun.nio.ch.IOUtil.writeFromNativeBuffer(IOUtil.java:132)
	at java.base/sun.nio.ch.IOUtil.write(IOUtil.java:97)
	at java.base/sun.nio.ch.IOUtil.write(IOUtil.java:53)
	at java.base/sun.nio.ch.SocketChannelImpl.write(SocketChannelImpl.java:532)
	at org.apache.tomcat.util.net.NioChannel.write(NioChannel.java:118)
	at org.apache.tomcat.util.net.NioEndpoint$NioSocketWrapper.doWrite(NioEndpoint.java:1381)
	at org.apache.tomcat.util.net.SocketWrapperBase.doWrite(SocketWrapperBase.java:764)
	at org.apache.tomcat.util.net.SocketWrapperBase.writeBlocking(SocketWrapperBase.java:589)
	at org.apache.tomcat.util.net.SocketWrapperBase.write(SocketWrapperBase.java:533)
	at org.apache.coyote.http11.Http11OutputBuffer$SocketOutputBuffer.doWrite(Http11OutputBuffer.java:540)
	at org.apache.coyote.http11.filters.ChunkedOutputFilter.doWrite(ChunkedOutputFilter.java:110)
	at org.apache.coyote.http11.filters.GzipOutputFilter$FakeOutputStream.write(GzipOutputFilter.java:159)
	at java.base/java.util.zip.DeflaterOutputStream.deflate(DeflaterOutputStream.java:261)
	at java.base/java.util.zip.DeflaterOutputStream.write(DeflaterOutputStream.java:210)
	at java.base/java.util.zip.GZIPOutputStream.write(GZIPOutputStream.java:148)
	at org.apache.coyote.http11.filters.GzipOutputFilter.doWrite(GzipOutputFilter.java:69)
	at org.apache.coyote.http11.Http11OutputBuffer.doWrite(Http11OutputBuffer.java:193)
	at org.apache.coyote.Response.doWrite(Response.java:616)
	at org.apache.catalina.connector.OutputBuffer.realWriteBytes(OutputBuffer.java:331)
	... 61 common frames omitted
2026-09-11 02:26:42.806 [http-nio-8888-exec-1] INFO  c.c.i.HttpLoggingInterceptor - === RESPONSE START ===
2026-09-11 02:26:42.806 [http-nio-8888-exec-1] INFO  c.c.i.HttpLoggingInterceptor - Status: 401 | Duration: 2359418ms
2026-09-11 02:26:42.806 [http-nio-8888-exec-1] INFO  c.c.i.HttpLoggingInterceptor - Content-Type: application/json
2026-09-11 02:26:42.806 [http-nio-8888-exec-1] INFO  c.c.i.HttpLoggingInterceptor - === RESPONSE END ===
2026-09-11 02:26:42.806 [http-nio-8888-exec-1] ERROR c.c.i.HttpLoggingInterceptor - Request failed: 
org.apache.catalina.connector.ClientAbortException: java.io.IOException: An established connection was aborted by the software in your host machine
	at org.apache.catalina.connector.OutputBuffer.realWriteBytes(OutputBuffer.java:344)
	at org.apache.catalina.connector.OutputBuffer.flushByteBuffer(OutputBuffer.java:773)
	at org.apache.catalina.connector.OutputBuffer.append(OutputBuffer.java:676)
	at org.apache.catalina.connector.OutputBuffer.writeBytes(OutputBuffer.java:379)
	at org.apache.catalina.connector.OutputBuffer.write(OutputBuffer.java:357)
	at org.apache.catalina.connector.CoyoteOutputStream.write(CoyoteOutputStream.java:97)
	at org.springframework.util.StreamUtils$NonClosingOutputStream.write(StreamUtils.java:267)
	at com.fasterxml.jackson.core.json.UTF8JsonGenerator._flushBuffer(UTF8JsonGenerator.java:2203)
	at com.fasterxml.jackson.core.json.UTF8JsonGenerator._writeStringSegments(UTF8JsonGenerator.java:1343)
	at com.fasterxml.jackson.core.json.UTF8JsonGenerator.writeString(UTF8JsonGenerator.java:517)
	at com.fasterxml.jackson.databind.ser.std.StringSerializer.serialize(StringSerializer.java:41)
	at com.fasterxml.jackson.databind.ser.BeanPropertyWriter.serializeAsField(BeanPropertyWriter.java:732)
	at com.fasterxml.jackson.databind.ser.std.BeanSerializerBase.serializeFields(BeanSerializerBase.java:772)
	at com.fasterxml.jackson.databind.ser.BeanSerializer.serialize(BeanSerializer.java:178)
	at com.fasterxml.jackson.databind.ser.BeanPropertyWriter.serializeAsField(BeanPropertyWriter.java:732)
	at com.fasterxml.jackson.databind.ser.std.BeanSerializerBase.serializeFields(BeanSerializerBase.java:772)
	at com.fasterxml.jackson.databind.ser.BeanSerializer.serialize(BeanSerializer.java:178)
	at com.fasterxml.jackson.databind.ser.DefaultSerializerProvider._serialize(DefaultSerializerProvider.java:479)
	at com.fasterxml.jackson.databind.ser.DefaultSerializerProvider.serializeValue(DefaultSerializerProvider.java:318)
	at com.fasterxml.jackson.databind.ObjectWriter$Prefetch.serialize(ObjectWriter.java:1572)
	at com.fasterxml.jackson.databind.ObjectWriter.writeValue(ObjectWriter.java:1061)
	at org.springframework.http.converter.json.AbstractJackson2HttpMessageConverter.writeInternal(AbstractJackson2HttpMessageConverter.java:483)
	at org.springframework.http.converter.AbstractGenericHttpMessageConverter.write(AbstractGenericHttpMessageConverter.java:103)
	at org.springframework.web.servlet.mvc.method.annotation.AbstractMessageConverterMethodProcessor.writeWithMessageConverters(AbstractMessageConverterMethodProcessor.java:297)
	at org.springframework.web.servlet.mvc.method.annotation.RequestResponseBodyMethodProcessor.handleReturnValue(RequestResponseBodyMethodProcessor.java:194)
	at org.springframework.web.method.support.HandlerMethodReturnValueHandlerComposite.handleReturnValue(HandlerMethodReturnValueHandlerComposite.java:78)
	at org.springframework.web.servlet.mvc.method.annotation.ServletInvocableHandlerMethod.invokeAndHandle(ServletInvocableHandlerMethod.java:136)
	at org.springframework.web.servlet.mvc.method.annotation.RequestMappingHandlerAdapter.invokeHandlerMethod(RequestMappingHandlerAdapter.java:884)
	at org.springframework.web.servlet.mvc.method.annotation.RequestMappingHandlerAdapter.handleInternal(RequestMappingHandlerAdapter.java:797)
	at org.springframework.web.servlet.mvc.method.AbstractHandlerMethodAdapter.handle(AbstractHandlerMethodAdapter.java:87)
	at org.springframework.web.servlet.DispatcherServlet.doDispatch(DispatcherServlet.java:1081)
	at org.springframework.web.servlet.DispatcherServlet.doService(DispatcherServlet.java:974)
	at org.springframework.web.servlet.FrameworkServlet.processRequest(FrameworkServlet.java:1011)
	at org.springframework.web.servlet.FrameworkServlet.doPost(FrameworkServlet.java:914)
	at jakarta.servlet.http.HttpServlet.service(HttpServlet.java:590)
	at org.springframework.web.servlet.FrameworkServlet.service(FrameworkServlet.java:885)
	at jakarta.servlet.http.HttpServlet.service(HttpServlet.java:658)
	at org.apache.catalina.core.ApplicationFilterChain.internalDoFilter(ApplicationFilterChain.java:205)
	at org.apache.catalina.core.ApplicationFilterChain.doFilter(ApplicationFilterChain.java:149)
	at org.apache.tomcat.websocket.server.WsFilter.doFilter(WsFilter.java:51)
	at org.apache.catalina.core.ApplicationFilterChain.internalDoFilter(ApplicationFilterChain.java:174)
	at org.apache.catalina.core.ApplicationFilterChain.doFilter(ApplicationFilterChain.java:149)
	at org.springframework.web.filter.RequestContextFilter.doFilterInternal(RequestContextFilter.java:100)
	at org.springframework.web.filter.OncePerRequestFilter.doFilter(OncePerRequestFilter.java:116)
	at org.apache.catalina.core.ApplicationFilterChain.internalDoFilter(ApplicationFilterChain.java:174)
	at org.apache.catalina.core.ApplicationFilterChain.doFilter(ApplicationFilterChain.java:149)
	at org.springframework.web.filter.FormContentFilter.doFilterInternal(FormContentFilter.java:93)
	at org.springframework.web.filter.OncePerRequestFilter.doFilter(OncePerRequestFilter.java:116)
	at org.apache.catalina.core.ApplicationFilterChain.internalDoFilter(ApplicationFilterChain.java:174)
	at org.apache.catalina.core.ApplicationFilterChain.doFilter(ApplicationFilterChain.java:149)
	at org.springframework.web.filter.CharacterEncodingFilter.doFilterInternal(CharacterEncodingFilter.java:201)
	at org.springframework.web.filter.OncePerRequestFilter.doFilter(OncePerRequestFilter.java:116)
	at org.apache.catalina.core.ApplicationFilterChain.internalDoFilter(ApplicationFilterChain.java:174)
	at org.apache.catalina.core.ApplicationFilterChain.doFilter(ApplicationFilterChain.java:149)
	at org.apache.catalina.core.StandardWrapperValve.invoke(StandardWrapperValve.java:167)
	at org.apache.catalina.core.StandardContextValve.invoke(StandardContextValve.java:90)
	at org.apache.catalina.authenticator.AuthenticatorBase.invoke(AuthenticatorBase.java:482)
	at org.apache.catalina.core.StandardHostValve.invoke(StandardHostValve.java:115)
	at org.apache.catalina.valves.ErrorReportValve.invoke(ErrorReportValve.java:93)
	at org.apache.catalina.core.StandardEngineValve.invoke(StandardEngineValve.java:74)
	at org.apache.catalina.connector.CoyoteAdapter.service(CoyoteAdapter.java:340)
	at org.apache.coyote.http11.Http11Processor.service(Http11Processor.java:391)
	at org.apache.coyote.AbstractProcessorLight.process(AbstractProcessorLight.java:63)
	at org.apache.coyote.AbstractProtocol$ConnectionHandler.process(AbstractProtocol.java:896)
	at org.apache.tomcat.util.net.NioEndpoint$SocketProcessor.doRun(NioEndpoint.java:1744)
	at org.apache.tomcat.util.net.SocketProcessorBase.run(SocketProcessorBase.java:52)
	at org.apache.tomcat.util.threads.ThreadPoolExecutor.runWorker(ThreadPoolExecutor.java:1191)
	at org.apache.tomcat.util.threads.ThreadPoolExecutor$Worker.run(ThreadPoolExecutor.java:659)
	at org.apache.tomcat.util.threads.TaskThread$WrappingRunnable.run(TaskThread.java:61)
	at java.base/java.lang.Thread.run(Thread.java:833)
	Suppressed: org.apache.catalina.connector.ClientAbortException: java.io.IOException: An established connection was aborted by the software in your host machine
		at org.apache.catalina.connector.OutputBuffer.realWriteBytes(OutputBuffer.java:344)
		at org.apache.catalina.connector.OutputBuffer.flushByteBuffer(OutputBuffer.java:773)
		at org.apache.catalina.connector.OutputBuffer.append(OutputBuffer.java:676)
		at org.apache.catalina.connector.OutputBuffer.writeBytes(OutputBuffer.java:379)
		at org.apache.catalina.connector.OutputBuffer.write(OutputBuffer.java:357)
		at org.apache.catalina.connector.CoyoteOutputStream.write(CoyoteOutputStream.java:97)
		at org.springframework.util.StreamUtils$NonClosingOutputStream.write(StreamUtils.java:267)
		at com.fasterxml.jackson.core.json.UTF8JsonGenerator._flushBuffer(UTF8JsonGenerator.java:2203)
		at com.fasterxml.jackson.core.json.UTF8JsonGenerator.close(UTF8JsonGenerator.java:1227)
		at org.springframework.http.converter.json.AbstractJackson2HttpMessageConverter.writeInternal(AbstractJackson2HttpMessageConverter.java:452)
		... 48 common frames omitted
	Caused by: java.io.IOException: An established connection was aborted by the software in your host machine
		at java.base/sun.nio.ch.SocketDispatcher.write0(Native Method)
		at java.base/sun.nio.ch.SocketDispatcher.write(SocketDispatcher.java:54)
		at java.base/sun.nio.ch.IOUtil.writeFromNativeBuffer(IOUtil.java:132)
		at java.base/sun.nio.ch.IOUtil.write(IOUtil.java:97)
		at java.base/sun.nio.ch.IOUtil.write(IOUtil.java:53)
		at java.base/sun.nio.ch.SocketChannelImpl.write(SocketChannelImpl.java:532)
		at org.apache.tomcat.util.net.NioChannel.write(NioChannel.java:118)
		at org.apache.tomcat.util.net.NioEndpoint$NioSocketWrapper.doWrite(NioEndpoint.java:1381)
		at org.apache.tomcat.util.net.SocketWrapperBase.doWrite(SocketWrapperBase.java:764)
		at org.apache.tomcat.util.net.SocketWrapperBase.writeBlocking(SocketWrapperBase.java:589)
		at org.apache.tomcat.util.net.SocketWrapperBase.write(SocketWrapperBase.java:533)
		at org.apache.coyote.http11.Http11OutputBuffer$SocketOutputBuffer.doWrite(Http11OutputBuffer.java:540)
		at org.apache.coyote.http11.filters.ChunkedOutputFilter.doWrite(ChunkedOutputFilter.java:110)
		at org.apache.coyote.http11.filters.GzipOutputFilter$FakeOutputStream.write(GzipOutputFilter.java:159)
		at java.base/java.util.zip.DeflaterOutputStream.deflate(DeflaterOutputStream.java:261)
		at java.base/java.util.zip.DeflaterOutputStream.write(DeflaterOutputStream.java:210)
		at java.base/java.util.zip.GZIPOutputStream.write(GZIPOutputStream.java:148)
		at org.apache.coyote.http11.filters.GzipOutputFilter.doWrite(GzipOutputFilter.java:69)
		at org.apache.coyote.http11.Http11OutputBuffer.doWrite(Http11OutputBuffer.java:193)
		at org.apache.coyote.Response.doWrite(Response.java:616)
		at org.apache.catalina.connector.OutputBuffer.realWriteBytes(OutputBuffer.java:331)
		... 57 common frames omitted
Caused by: java.io.IOException: An established connection was aborted by the software in your host machine
	at java.base/sun.nio.ch.SocketDispatcher.write0(Native Method)
	at java.base/sun.nio.ch.SocketDispatcher.write(SocketDispatcher.java:54)
	at java.base/sun.nio.ch.IOUtil.writeFromNativeBuffer(IOUtil.java:132)
	at java.base/sun.nio.ch.IOUtil.write(IOUtil.java:97)
	at java.base/sun.nio.ch.IOUtil.write(IOUtil.java:53)
	at java.base/sun.nio.ch.SocketChannelImpl.write(SocketChannelImpl.java:532)
	at org.apache.tomcat.util.net.NioChannel.write(NioChannel.java:118)
	at org.apache.tomcat.util.net.NioEndpoint$NioSocketWrapper.doWrite(NioEndpoint.java:1381)
	at org.apache.tomcat.util.net.SocketWrapperBase.doWrite(SocketWrapperBase.java:764)
	at org.apache.tomcat.util.net.SocketWrapperBase.writeBlocking(SocketWrapperBase.java:589)
	at org.apache.tomcat.util.net.SocketWrapperBase.write(SocketWrapperBase.java:533)
	at org.apache.coyote.http11.Http11OutputBuffer$SocketOutputBuffer.doWrite(Http11OutputBuffer.java:540)
	at org.apache.coyote.http11.filters.ChunkedOutputFilter.doWrite(ChunkedOutputFilter.java:112)
	at org.apache.coyote.http11.filters.GzipOutputFilter$FakeOutputStream.write(GzipOutputFilter.java:159)
	at java.base/java.util.zip.DeflaterOutputStream.deflate(DeflaterOutputStream.java:261)
	at java.base/java.util.zip.DeflaterOutputStream.write(DeflaterOutputStream.java:210)
	at java.base/java.util.zip.GZIPOutputStream.write(GZIPOutputStream.java:148)
	at org.apache.coyote.http11.filters.GzipOutputFilter.doWrite(GzipOutputFilter.java:69)
	at org.apache.coyote.http11.Http11OutputBuffer.doWrite(Http11OutputBuffer.java:193)
	at org.apache.coyote.Response.doWrite(Response.java:616)
	at org.apache.catalina.connector.OutputBuffer.realWriteBytes(OutputBuffer.java:331)
	... 69 common frames omitted
2026-09-11 02:26:45.357 [http-nio-8888-exec-3] ERROR c.commonConfig.GlobalExceptionConfig - Unexpected exception occurred: 
org.apache.catalina.connector.ClientAbortException: java.io.IOException: An established connection was aborted by the software in your host machine
	at org.apache.catalina.connector.OutputBuffer.realWriteBytes(OutputBuffer.java:344)
	at org.apache.catalina.connector.OutputBuffer.flushByteBuffer(OutputBuffer.java:773)
	at org.apache.catalina.connector.OutputBuffer.append(OutputBuffer.java:676)
	at org.apache.catalina.connector.OutputBuffer.writeBytes(OutputBuffer.java:379)
	at org.apache.catalina.connector.OutputBuffer.write(OutputBuffer.java:357)
	at org.apache.catalina.connector.CoyoteOutputStream.write(CoyoteOutputStream.java:97)
	at org.springframework.util.StreamUtils$NonClosingOutputStream.write(StreamUtils.java:267)
	at com.fasterxml.jackson.core.json.UTF8JsonGenerator._flushBuffer(UTF8JsonGenerator.java:2203)
	at com.fasterxml.jackson.core.json.UTF8JsonGenerator._writeStringSegments(UTF8JsonGenerator.java:1343)
	at com.fasterxml.jackson.core.json.UTF8JsonGenerator.writeString(UTF8JsonGenerator.java:517)
	at com.fasterxml.jackson.databind.ser.std.StringSerializer.serialize(StringSerializer.java:41)
	at com.fasterxml.jackson.databind.ser.BeanPropertyWriter.serializeAsField(BeanPropertyWriter.java:732)
	at com.fasterxml.jackson.databind.ser.std.BeanSerializerBase.serializeFields(BeanSerializerBase.java:772)
	at com.fasterxml.jackson.databind.ser.BeanSerializer.serialize(BeanSerializer.java:178)
	at com.fasterxml.jackson.databind.ser.BeanPropertyWriter.serializeAsField(BeanPropertyWriter.java:732)
	at com.fasterxml.jackson.databind.ser.std.BeanSerializerBase.serializeFields(BeanSerializerBase.java:772)
	at com.fasterxml.jackson.databind.ser.BeanSerializer.serialize(BeanSerializer.java:178)
	at com.fasterxml.jackson.databind.ser.DefaultSerializerProvider._serialize(DefaultSerializerProvider.java:479)
	at com.fasterxml.jackson.databind.ser.DefaultSerializerProvider.serializeValue(DefaultSerializerProvider.java:318)
	at com.fasterxml.jackson.databind.ObjectWriter$Prefetch.serialize(ObjectWriter.java:1572)
	at com.fasterxml.jackson.databind.ObjectWriter.writeValue(ObjectWriter.java:1061)
	at org.springframework.http.converter.json.AbstractJackson2HttpMessageConverter.writeInternal(AbstractJackson2HttpMessageConverter.java:483)
	at org.springframework.http.converter.AbstractGenericHttpMessageConverter.write(AbstractGenericHttpMessageConverter.java:103)
	at org.springframework.web.servlet.mvc.method.annotation.AbstractMessageConverterMethodProcessor.writeWithMessageConverters(AbstractMessageConverterMethodProcessor.java:297)
	at org.springframework.web.servlet.mvc.method.annotation.RequestResponseBodyMethodProcessor.handleReturnValue(RequestResponseBodyMethodProcessor.java:194)
	at org.springframework.web.method.support.HandlerMethodReturnValueHandlerComposite.handleReturnValue(HandlerMethodReturnValueHandlerComposite.java:78)
	at org.springframework.web.servlet.mvc.method.annotation.ServletInvocableHandlerMethod.invokeAndHandle(ServletInvocableHandlerMethod.java:136)
	at org.springframework.web.servlet.mvc.method.annotation.RequestMappingHandlerAdapter.invokeHandlerMethod(RequestMappingHandlerAdapter.java:884)
	at org.springframework.web.servlet.mvc.method.annotation.RequestMappingHandlerAdapter.handleInternal(RequestMappingHandlerAdapter.java:797)
	at org.springframework.web.servlet.mvc.method.AbstractHandlerMethodAdapter.handle(AbstractHandlerMethodAdapter.java:87)
	at org.springframework.web.servlet.DispatcherServlet.doDispatch(DispatcherServlet.java:1081)
	at org.springframework.web.servlet.DispatcherServlet.doService(DispatcherServlet.java:974)
	at org.springframework.web.servlet.FrameworkServlet.processRequest(FrameworkServlet.java:1011)
	at org.springframework.web.servlet.FrameworkServlet.doPost(FrameworkServlet.java:914)
	at jakarta.servlet.http.HttpServlet.service(HttpServlet.java:590)
	at org.springframework.web.servlet.FrameworkServlet.service(FrameworkServlet.java:885)
	at jakarta.servlet.http.HttpServlet.service(HttpServlet.java:658)
	at org.apache.catalina.core.ApplicationFilterChain.internalDoFilter(ApplicationFilterChain.java:205)
	at org.apache.catalina.core.ApplicationFilterChain.doFilter(ApplicationFilterChain.java:149)
	at org.apache.tomcat.websocket.server.WsFilter.doFilter(WsFilter.java:51)
	at org.apache.catalina.core.ApplicationFilterChain.internalDoFilter(ApplicationFilterChain.java:174)
	at org.apache.catalina.core.ApplicationFilterChain.doFilter(ApplicationFilterChain.java:149)
	at org.springframework.web.filter.RequestContextFilter.doFilterInternal(RequestContextFilter.java:100)
	at org.springframework.web.filter.OncePerRequestFilter.doFilter(OncePerRequestFilter.java:116)
	at org.apache.catalina.core.ApplicationFilterChain.internalDoFilter(ApplicationFilterChain.java:174)
	at org.apache.catalina.core.ApplicationFilterChain.doFilter(ApplicationFilterChain.java:149)
	at org.springframework.web.filter.FormContentFilter.doFilterInternal(FormContentFilter.java:93)
	at org.springframework.web.filter.OncePerRequestFilter.doFilter(OncePerRequestFilter.java:116)
	at org.apache.catalina.core.ApplicationFilterChain.internalDoFilter(ApplicationFilterChain.java:174)
	at org.apache.catalina.core.ApplicationFilterChain.doFilter(ApplicationFilterChain.java:149)
	at org.springframework.web.filter.CharacterEncodingFilter.doFilterInternal(CharacterEncodingFilter.java:201)
	at org.springframework.web.filter.OncePerRequestFilter.doFilter(OncePerRequestFilter.java:116)
	at org.apache.catalina.core.ApplicationFilterChain.internalDoFilter(ApplicationFilterChain.java:174)
	at org.apache.catalina.core.ApplicationFilterChain.doFilter(ApplicationFilterChain.java:149)
	at org.apache.catalina.core.StandardWrapperValve.invoke(StandardWrapperValve.java:167)
	at org.apache.catalina.core.StandardContextValve.invoke(StandardContextValve.java:90)
	at org.apache.catalina.authenticator.AuthenticatorBase.invoke(AuthenticatorBase.java:482)
	at org.apache.catalina.core.StandardHostValve.invoke(StandardHostValve.java:115)
	at org.apache.catalina.valves.ErrorReportValve.invoke(ErrorReportValve.java:93)
	at org.apache.catalina.core.StandardEngineValve.invoke(StandardEngineValve.java:74)
	at org.apache.catalina.connector.CoyoteAdapter.service(CoyoteAdapter.java:340)
	at org.apache.coyote.http11.Http11Processor.service(Http11Processor.java:391)
	at org.apache.coyote.AbstractProcessorLight.process(AbstractProcessorLight.java:63)
	at org.apache.coyote.AbstractProtocol$ConnectionHandler.process(AbstractProtocol.java:896)
	at org.apache.tomcat.util.net.NioEndpoint$SocketProcessor.doRun(NioEndpoint.java:1744)
	at org.apache.tomcat.util.net.SocketProcessorBase.run(SocketProcessorBase.java:52)
	at org.apache.tomcat.util.threads.ThreadPoolExecutor.runWorker(ThreadPoolExecutor.java:1191)
	at org.apache.tomcat.util.threads.ThreadPoolExecutor$Worker.run(ThreadPoolExecutor.java:659)
	at org.apache.tomcat.util.threads.TaskThread$WrappingRunnable.run(TaskThread.java:61)
	at java.base/java.lang.Thread.run(Thread.java:833)
	Suppressed: org.apache.catalina.connector.ClientAbortException: java.io.IOException: An established connection was aborted by the software in your host machine
		at org.apache.catalina.connector.OutputBuffer.realWriteBytes(OutputBuffer.java:344)
		at org.apache.catalina.connector.OutputBuffer.flushByteBuffer(OutputBuffer.java:773)
		at org.apache.catalina.connector.OutputBuffer.append(OutputBuffer.java:676)
		at org.apache.catalina.connector.OutputBuffer.writeBytes(OutputBuffer.java:379)
		at org.apache.catalina.connector.OutputBuffer.write(OutputBuffer.java:357)
		at org.apache.catalina.connector.CoyoteOutputStream.write(CoyoteOutputStream.java:97)
		at org.springframework.util.StreamUtils$NonClosingOutputStream.write(StreamUtils.java:267)
		at com.fasterxml.jackson.core.json.UTF8JsonGenerator._flushBuffer(UTF8JsonGenerator.java:2203)
		at com.fasterxml.jackson.core.json.UTF8JsonGenerator.close(UTF8JsonGenerator.java:1227)
		at org.springframework.http.converter.json.AbstractJackson2HttpMessageConverter.writeInternal(AbstractJackson2HttpMessageConverter.java:452)
		... 48 common frames omitted
	Caused by: java.io.IOException: An established connection was aborted by the software in your host machine
		at java.base/sun.nio.ch.SocketDispatcher.write0(Native Method)
		at java.base/sun.nio.ch.SocketDispatcher.write(SocketDispatcher.java:54)
		at java.base/sun.nio.ch.IOUtil.writeFromNativeBuffer(IOUtil.java:132)
		at java.base/sun.nio.ch.IOUtil.write(IOUtil.java:97)
		at java.base/sun.nio.ch.IOUtil.write(IOUtil.java:53)
		at java.base/sun.nio.ch.SocketChannelImpl.write(SocketChannelImpl.java:532)
		at org.apache.tomcat.util.net.NioChannel.write(NioChannel.java:118)
		at org.apache.tomcat.util.net.NioEndpoint$NioSocketWrapper.doWrite(NioEndpoint.java:1381)
		at org.apache.tomcat.util.net.SocketWrapperBase.doWrite(SocketWrapperBase.java:764)
		at org.apache.tomcat.util.net.SocketWrapperBase.writeBlocking(SocketWrapperBase.java:589)
		at org.apache.tomcat.util.net.SocketWrapperBase.write(SocketWrapperBase.java:533)
		at org.apache.coyote.http11.Http11OutputBuffer$SocketOutputBuffer.doWrite(Http11OutputBuffer.java:540)
		at org.apache.coyote.http11.filters.ChunkedOutputFilter.doWrite(ChunkedOutputFilter.java:110)
		at org.apache.coyote.http11.filters.GzipOutputFilter$FakeOutputStream.write(GzipOutputFilter.java:159)
		at java.base/java.util.zip.DeflaterOutputStream.deflate(DeflaterOutputStream.java:261)
		at java.base/java.util.zip.DeflaterOutputStream.write(DeflaterOutputStream.java:210)
		at java.base/java.util.zip.GZIPOutputStream.write(GZIPOutputStream.java:148)
		at org.apache.coyote.http11.filters.GzipOutputFilter.doWrite(GzipOutputFilter.java:69)
		at org.apache.coyote.http11.Http11OutputBuffer.doWrite(Http11OutputBuffer.java:193)
		at org.apache.coyote.Response.doWrite(Response.java:616)
		at org.apache.catalina.connector.OutputBuffer.realWriteBytes(OutputBuffer.java:331)
		... 57 common frames omitted
Caused by: java.io.IOException: An established connection was aborted by the software in your host machine
	at java.base/sun.nio.ch.SocketDispatcher.write0(Native Method)
	at java.base/sun.nio.ch.SocketDispatcher.write(SocketDispatcher.java:54)
	at java.base/sun.nio.ch.IOUtil.writeFromNativeBuffer(IOUtil.java:132)
	at java.base/sun.nio.ch.IOUtil.write(IOUtil.java:97)
	at java.base/sun.nio.ch.IOUtil.write(IOUtil.java:53)
	at java.base/sun.nio.ch.SocketChannelImpl.write(SocketChannelImpl.java:532)
	at org.apache.tomcat.util.net.NioChannel.write(NioChannel.java:118)
	at org.apache.tomcat.util.net.NioEndpoint$NioSocketWrapper.doWrite(NioEndpoint.java:1381)
	at org.apache.tomcat.util.net.SocketWrapperBase.doWrite(SocketWrapperBase.java:764)
	at org.apache.tomcat.util.net.SocketWrapperBase.writeBlocking(SocketWrapperBase.java:589)
	at org.apache.tomcat.util.net.SocketWrapperBase.write(SocketWrapperBase.java:533)
	at org.apache.coyote.http11.Http11OutputBuffer$SocketOutputBuffer.doWrite(Http11OutputBuffer.java:540)
	at org.apache.coyote.http11.filters.ChunkedOutputFilter.doWrite(ChunkedOutputFilter.java:112)
	at org.apache.coyote.http11.filters.GzipOutputFilter$FakeOutputStream.write(GzipOutputFilter.java:159)
	at java.base/java.util.zip.DeflaterOutputStream.deflate(DeflaterOutputStream.java:261)
	at java.base/java.util.zip.DeflaterOutputStream.write(DeflaterOutputStream.java:210)
	at java.base/java.util.zip.GZIPOutputStream.write(GZIPOutputStream.java:148)
	at org.apache.coyote.http11.filters.GzipOutputFilter.doWrite(GzipOutputFilter.java:69)
	at org.apache.coyote.http11.Http11OutputBuffer.doWrite(Http11OutputBuffer.java:193)
	at org.apache.coyote.Response.doWrite(Response.java:616)
	at org.apache.catalina.connector.OutputBuffer.realWriteBytes(OutputBuffer.java:331)
	... 69 common frames omitted
2026-09-11 02:26:45.358 [http-nio-8888-exec-3] WARN  o.s.w.s.m.m.a.ExceptionHandlerExceptionResolver - Failure in @ExceptionHandler config.commonConfig.GlobalExceptionConfig#handleGenericException(Exception)
org.apache.catalina.connector.ClientAbortException: java.io.IOException: An established connection was aborted by the software in your host machine
	at org.apache.catalina.connector.OutputBuffer.realWriteBytes(OutputBuffer.java:344)
	at org.apache.catalina.connector.OutputBuffer.flushByteBuffer(OutputBuffer.java:773)
	at org.apache.catalina.connector.OutputBuffer.append(OutputBuffer.java:676)
	at org.apache.catalina.connector.OutputBuffer.writeBytes(OutputBuffer.java:379)
	at org.apache.catalina.connector.OutputBuffer.write(OutputBuffer.java:357)
	at org.apache.catalina.connector.CoyoteOutputStream.write(CoyoteOutputStream.java:97)
	at org.springframework.util.StreamUtils$NonClosingOutputStream.write(StreamUtils.java:267)
	at com.fasterxml.jackson.core.json.UTF8JsonGenerator._flushBuffer(UTF8JsonGenerator.java:2203)
	at com.fasterxml.jackson.core.json.UTF8JsonGenerator.flush(UTF8JsonGenerator.java:1197)
	at com.fasterxml.jackson.databind.ObjectWriter.writeValue(ObjectWriter.java:1063)
	at org.springframework.http.converter.json.AbstractJackson2HttpMessageConverter.writeInternal(AbstractJackson2HttpMessageConverter.java:483)
	at org.springframework.http.converter.AbstractGenericHttpMessageConverter.write(AbstractGenericHttpMessageConverter.java:103)
	at org.springframework.web.servlet.mvc.method.annotation.AbstractMessageConverterMethodProcessor.writeWithMessageConverters(AbstractMessageConverterMethodProcessor.java:297)
	at org.springframework.web.servlet.mvc.method.annotation.HttpEntityMethodProcessor.handleReturnValue(HttpEntityMethodProcessor.java:245)
	at org.springframework.web.method.support.HandlerMethodReturnValueHandlerComposite.handleReturnValue(HandlerMethodReturnValueHandlerComposite.java:78)
	at org.springframework.web.servlet.mvc.method.annotation.ServletInvocableHandlerMethod.invokeAndHandle(ServletInvocableHandlerMethod.java:136)
	at org.springframework.web.servlet.mvc.method.annotation.ExceptionHandlerExceptionResolver.doResolveHandlerMethodException(ExceptionHandlerExceptionResolver.java:413)
	at org.springframework.web.servlet.handler.AbstractHandlerMethodExceptionResolver.doResolveException(AbstractHandlerMethodExceptionResolver.java:74)
	at org.springframework.web.servlet.handler.AbstractHandlerExceptionResolver.resolveException(AbstractHandlerExceptionResolver.java:141)
	at org.springframework.web.servlet.handler.HandlerExceptionResolverComposite.resolveException(HandlerExceptionResolverComposite.java:80)
	at org.springframework.web.servlet.DispatcherServlet.processHandlerException(DispatcherServlet.java:1341)
	at org.springframework.web.servlet.DispatcherServlet.processDispatchResult(DispatcherServlet.java:1152)
	at org.springframework.web.servlet.DispatcherServlet.doDispatch(DispatcherServlet.java:1098)
	at org.springframework.web.servlet.DispatcherServlet.doService(DispatcherServlet.java:974)
	at org.springframework.web.servlet.FrameworkServlet.processRequest(FrameworkServlet.java:1011)
	at org.springframework.web.servlet.FrameworkServlet.doPost(FrameworkServlet.java:914)
	at jakarta.servlet.http.HttpServlet.service(HttpServlet.java:590)
	at org.springframework.web.servlet.FrameworkServlet.service(FrameworkServlet.java:885)
	at jakarta.servlet.http.HttpServlet.service(HttpServlet.java:658)
	at org.apache.catalina.core.ApplicationFilterChain.internalDoFilter(ApplicationFilterChain.java:205)
	at org.apache.catalina.core.ApplicationFilterChain.doFilter(ApplicationFilterChain.java:149)
	at org.apache.tomcat.websocket.server.WsFilter.doFilter(WsFilter.java:51)
	at org.apache.catalina.core.ApplicationFilterChain.internalDoFilter(ApplicationFilterChain.java:174)
	at org.apache.catalina.core.ApplicationFilterChain.doFilter(ApplicationFilterChain.java:149)
	at org.springframework.web.filter.RequestContextFilter.doFilterInternal(RequestContextFilter.java:100)
	at org.springframework.web.filter.OncePerRequestFilter.doFilter(OncePerRequestFilter.java:116)
	at org.apache.catalina.core.ApplicationFilterChain.internalDoFilter(ApplicationFilterChain.java:174)
	at org.apache.catalina.core.ApplicationFilterChain.doFilter(ApplicationFilterChain.java:149)
	at org.springframework.web.filter.FormContentFilter.doFilterInternal(FormContentFilter.java:93)
	at org.springframework.web.filter.OncePerRequestFilter.doFilter(OncePerRequestFilter.java:116)
	at org.apache.catalina.core.ApplicationFilterChain.internalDoFilter(ApplicationFilterChain.java:174)
	at org.apache.catalina.core.ApplicationFilterChain.doFilter(ApplicationFilterChain.java:149)
	at org.springframework.web.filter.CharacterEncodingFilter.doFilterInternal(CharacterEncodingFilter.java:201)
	at org.springframework.web.filter.OncePerRequestFilter.doFilter(OncePerRequestFilter.java:116)
	at org.apache.catalina.core.ApplicationFilterChain.internalDoFilter(ApplicationFilterChain.java:174)
	at org.apache.catalina.core.ApplicationFilterChain.doFilter(ApplicationFilterChain.java:149)
	at org.apache.catalina.core.StandardWrapperValve.invoke(StandardWrapperValve.java:167)
	at org.apache.catalina.core.StandardContextValve.invoke(StandardContextValve.java:90)
	at org.apache.catalina.authenticator.AuthenticatorBase.invoke(AuthenticatorBase.java:482)
	at org.apache.catalina.core.StandardHostValve.invoke(StandardHostValve.java:115)
	at org.apache.catalina.valves.ErrorReportValve.invoke(ErrorReportValve.java:93)
	at org.apache.catalina.core.StandardEngineValve.invoke(StandardEngineValve.java:74)
	at org.apache.catalina.connector.CoyoteAdapter.service(CoyoteAdapter.java:340)
	at org.apache.coyote.http11.Http11Processor.service(Http11Processor.java:391)
	at org.apache.coyote.AbstractProcessorLight.process(AbstractProcessorLight.java:63)
	at org.apache.coyote.AbstractProtocol$ConnectionHandler.process(AbstractProtocol.java:896)
	at org.apache.tomcat.util.net.NioEndpoint$SocketProcessor.doRun(NioEndpoint.java:1744)
	at org.apache.tomcat.util.net.SocketProcessorBase.run(SocketProcessorBase.java:52)
	at org.apache.tomcat.util.threads.ThreadPoolExecutor.runWorker(ThreadPoolExecutor.java:1191)
	at org.apache.tomcat.util.threads.ThreadPoolExecutor$Worker.run(ThreadPoolExecutor.java:659)
	at org.apache.tomcat.util.threads.TaskThread$WrappingRunnable.run(TaskThread.java:61)
	at java.base/java.lang.Thread.run(Thread.java:833)
Caused by: java.io.IOException: An established connection was aborted by the software in your host machine
	at java.base/sun.nio.ch.SocketDispatcher.write0(Native Method)
	at java.base/sun.nio.ch.SocketDispatcher.write(SocketDispatcher.java:54)
	at java.base/sun.nio.ch.IOUtil.writeFromNativeBuffer(IOUtil.java:132)
	at java.base/sun.nio.ch.IOUtil.write(IOUtil.java:97)
	at java.base/sun.nio.ch.IOUtil.write(IOUtil.java:53)
	at java.base/sun.nio.ch.SocketChannelImpl.write(SocketChannelImpl.java:532)
	at org.apache.tomcat.util.net.NioChannel.write(NioChannel.java:118)
	at org.apache.tomcat.util.net.NioEndpoint$NioSocketWrapper.doWrite(NioEndpoint.java:1381)
	at org.apache.tomcat.util.net.SocketWrapperBase.doWrite(SocketWrapperBase.java:764)
	at org.apache.tomcat.util.net.SocketWrapperBase.writeBlocking(SocketWrapperBase.java:589)
	at org.apache.tomcat.util.net.SocketWrapperBase.write(SocketWrapperBase.java:533)
	at org.apache.coyote.http11.Http11OutputBuffer$SocketOutputBuffer.doWrite(Http11OutputBuffer.java:540)
	at org.apache.coyote.http11.filters.ChunkedOutputFilter.doWrite(ChunkedOutputFilter.java:110)
	at org.apache.coyote.http11.filters.GzipOutputFilter$FakeOutputStream.write(GzipOutputFilter.java:159)
	at java.base/java.util.zip.DeflaterOutputStream.deflate(DeflaterOutputStream.java:261)
	at java.base/java.util.zip.DeflaterOutputStream.write(DeflaterOutputStream.java:210)
	at java.base/java.util.zip.GZIPOutputStream.write(GZIPOutputStream.java:148)
	at org.apache.coyote.http11.filters.GzipOutputFilter.doWrite(GzipOutputFilter.java:69)
	at org.apache.coyote.http11.Http11OutputBuffer.doWrite(Http11OutputBuffer.java:193)
	at org.apache.coyote.Response.doWrite(Response.java:616)
	at org.apache.catalina.connector.OutputBuffer.realWriteBytes(OutputBuffer.java:331)
	... 61 common frames omitted
2026-09-11 02:26:45.359 [http-nio-8888-exec-3] INFO  c.c.i.HttpLoggingInterceptor - === RESPONSE START ===
2026-09-11 02:26:45.359 [http-nio-8888-exec-3] INFO  c.c.i.HttpLoggingInterceptor - Status: 401 | Duration: 2321732ms
2026-09-11 02:26:45.359 [http-nio-8888-exec-3] INFO  c.c.i.HttpLoggingInterceptor - Content-Type: application/json
2026-09-11 02:26:45.359 [http-nio-8888-exec-3] INFO  c.c.i.HttpLoggingInterceptor - === RESPONSE END ===
2026-09-11 02:26:45.359 [http-nio-8888-exec-3] ERROR c.c.i.HttpLoggingInterceptor - Request failed: 
org.apache.catalina.connector.ClientAbortException: java.io.IOException: An established connection was aborted by the software in your host machine
	at org.apache.catalina.connector.OutputBuffer.realWriteBytes(OutputBuffer.java:344)
	at org.apache.catalina.connector.OutputBuffer.flushByteBuffer(OutputBuffer.java:773)
	at org.apache.catalina.connector.OutputBuffer.append(OutputBuffer.java:676)
	at org.apache.catalina.connector.OutputBuffer.writeBytes(OutputBuffer.java:379)
	at org.apache.catalina.connector.OutputBuffer.write(OutputBuffer.java:357)
	at org.apache.catalina.connector.CoyoteOutputStream.write(CoyoteOutputStream.java:97)
	at org.springframework.util.StreamUtils$NonClosingOutputStream.write(StreamUtils.java:267)
	at com.fasterxml.jackson.core.json.UTF8JsonGenerator._flushBuffer(UTF8JsonGenerator.java:2203)
	at com.fasterxml.jackson.core.json.UTF8JsonGenerator._writeStringSegments(UTF8JsonGenerator.java:1343)
	at com.fasterxml.jackson.core.json.UTF8JsonGenerator.writeString(UTF8JsonGenerator.java:517)
	at com.fasterxml.jackson.databind.ser.std.StringSerializer.serialize(StringSerializer.java:41)
	at com.fasterxml.jackson.databind.ser.BeanPropertyWriter.serializeAsField(BeanPropertyWriter.java:732)
	at com.fasterxml.jackson.databind.ser.std.BeanSerializerBase.serializeFields(BeanSerializerBase.java:772)
	at com.fasterxml.jackson.databind.ser.BeanSerializer.serialize(BeanSerializer.java:178)
	at com.fasterxml.jackson.databind.ser.BeanPropertyWriter.serializeAsField(BeanPropertyWriter.java:732)
	at com.fasterxml.jackson.databind.ser.std.BeanSerializerBase.serializeFields(BeanSerializerBase.java:772)
	at com.fasterxml.jackson.databind.ser.BeanSerializer.serialize(BeanSerializer.java:178)
	at com.fasterxml.jackson.databind.ser.DefaultSerializerProvider._serialize(DefaultSerializerProvider.java:479)
	at com.fasterxml.jackson.databind.ser.DefaultSerializerProvider.serializeValue(DefaultSerializerProvider.java:318)
	at com.fasterxml.jackson.databind.ObjectWriter$Prefetch.serialize(ObjectWriter.java:1572)
	at com.fasterxml.jackson.databind.ObjectWriter.writeValue(ObjectWriter.java:1061)
	at org.springframework.http.converter.json.AbstractJackson2HttpMessageConverter.writeInternal(AbstractJackson2HttpMessageConverter.java:483)
	at org.springframework.http.converter.AbstractGenericHttpMessageConverter.write(AbstractGenericHttpMessageConverter.java:103)
	at org.springframework.web.servlet.mvc.method.annotation.AbstractMessageConverterMethodProcessor.writeWithMessageConverters(AbstractMessageConverterMethodProcessor.java:297)
	at org.springframework.web.servlet.mvc.method.annotation.RequestResponseBodyMethodProcessor.handleReturnValue(RequestResponseBodyMethodProcessor.java:194)
	at org.springframework.web.method.support.HandlerMethodReturnValueHandlerComposite.handleReturnValue(HandlerMethodReturnValueHandlerComposite.java:78)
	at org.springframework.web.servlet.mvc.method.annotation.ServletInvocableHandlerMethod.invokeAndHandle(ServletInvocableHandlerMethod.java:136)
	at org.springframework.web.servlet.mvc.method.annotation.RequestMappingHandlerAdapter.invokeHandlerMethod(RequestMappingHandlerAdapter.java:884)
	at org.springframework.web.servlet.mvc.method.annotation.RequestMappingHandlerAdapter.handleInternal(RequestMappingHandlerAdapter.java:797)
	at org.springframework.web.servlet.mvc.method.AbstractHandlerMethodAdapter.handle(AbstractHandlerMethodAdapter.java:87)
	at org.springframework.web.servlet.DispatcherServlet.doDispatch(DispatcherServlet.java:1081)
	at org.springframework.web.servlet.DispatcherServlet.doService(DispatcherServlet.java:974)
	at org.springframework.web.servlet.FrameworkServlet.processRequest(FrameworkServlet.java:1011)
	at org.springframework.web.servlet.FrameworkServlet.doPost(FrameworkServlet.java:914)
	at jakarta.servlet.http.HttpServlet.service(HttpServlet.java:590)
	at org.springframework.web.servlet.FrameworkServlet.service(FrameworkServlet.java:885)
	at jakarta.servlet.http.HttpServlet.service(HttpServlet.java:658)
	at org.apache.catalina.core.ApplicationFilterChain.internalDoFilter(ApplicationFilterChain.java:205)
	at org.apache.catalina.core.ApplicationFilterChain.doFilter(ApplicationFilterChain.java:149)
	at org.apache.tomcat.websocket.server.WsFilter.doFilter(WsFilter.java:51)
	at org.apache.catalina.core.ApplicationFilterChain.internalDoFilter(ApplicationFilterChain.java:174)
	at org.apache.catalina.core.ApplicationFilterChain.doFilter(ApplicationFilterChain.java:149)
	at org.springframework.web.filter.RequestContextFilter.doFilterInternal(RequestContextFilter.java:100)
	at org.springframework.web.filter.OncePerRequestFilter.doFilter(OncePerRequestFilter.java:116)
	at org.apache.catalina.core.ApplicationFilterChain.internalDoFilter(ApplicationFilterChain.java:174)
	at org.apache.catalina.core.ApplicationFilterChain.doFilter(ApplicationFilterChain.java:149)
	at org.springframework.web.filter.FormContentFilter.doFilterInternal(FormContentFilter.java:93)
	at org.springframework.web.filter.OncePerRequestFilter.doFilter(OncePerRequestFilter.java:116)
	at org.apache.catalina.core.ApplicationFilterChain.internalDoFilter(ApplicationFilterChain.java:174)
	at org.apache.catalina.core.ApplicationFilterChain.doFilter(ApplicationFilterChain.java:149)
	at org.springframework.web.filter.CharacterEncodingFilter.doFilterInternal(CharacterEncodingFilter.java:201)
	at org.springframework.web.filter.OncePerRequestFilter.doFilter(OncePerRequestFilter.java:116)
	at org.apache.catalina.core.ApplicationFilterChain.internalDoFilter(ApplicationFilterChain.java:174)
	at org.apache.catalina.core.ApplicationFilterChain.doFilter(ApplicationFilterChain.java:149)
	at org.apache.catalina.core.StandardWrapperValve.invoke(StandardWrapperValve.java:167)
	at org.apache.catalina.core.StandardContextValve.invoke(StandardContextValve.java:90)
	at org.apache.catalina.authenticator.AuthenticatorBase.invoke(AuthenticatorBase.java:482)
	at org.apache.catalina.core.StandardHostValve.invoke(StandardHostValve.java:115)
	at org.apache.catalina.valves.ErrorReportValve.invoke(ErrorReportValve.java:93)
	at org.apache.catalina.core.StandardEngineValve.invoke(StandardEngineValve.java:74)
	at org.apache.catalina.connector.CoyoteAdapter.service(CoyoteAdapter.java:340)
	at org.apache.coyote.http11.Http11Processor.service(Http11Processor.java:391)
	at org.apache.coyote.AbstractProcessorLight.process(AbstractProcessorLight.java:63)
	at org.apache.coyote.AbstractProtocol$ConnectionHandler.process(AbstractProtocol.java:896)
	at org.apache.tomcat.util.net.NioEndpoint$SocketProcessor.doRun(NioEndpoint.java:1744)
	at org.apache.tomcat.util.net.SocketProcessorBase.run(SocketProcessorBase.java:52)
	at org.apache.tomcat.util.threads.ThreadPoolExecutor.runWorker(ThreadPoolExecutor.java:1191)
	at org.apache.tomcat.util.threads.ThreadPoolExecutor$Worker.run(ThreadPoolExecutor.java:659)
	at org.apache.tomcat.util.threads.TaskThread$WrappingRunnable.run(TaskThread.java:61)
	at java.base/java.lang.Thread.run(Thread.java:833)
	Suppressed: org.apache.catalina.connector.ClientAbortException: java.io.IOException: An established connection was aborted by the software in your host machine
		at org.apache.catalina.connector.OutputBuffer.realWriteBytes(OutputBuffer.java:344)
		at org.apache.catalina.connector.OutputBuffer.flushByteBuffer(OutputBuffer.java:773)
		at org.apache.catalina.connector.OutputBuffer.append(OutputBuffer.java:676)
		at org.apache.catalina.connector.OutputBuffer.writeBytes(OutputBuffer.java:379)
		at org.apache.catalina.connector.OutputBuffer.write(OutputBuffer.java:357)
		at org.apache.catalina.connector.CoyoteOutputStream.write(CoyoteOutputStream.java:97)
		at org.springframework.util.StreamUtils$NonClosingOutputStream.write(StreamUtils.java:267)
		at com.fasterxml.jackson.core.json.UTF8JsonGenerator._flushBuffer(UTF8JsonGenerator.java:2203)
		at com.fasterxml.jackson.core.json.UTF8JsonGenerator.close(UTF8JsonGenerator.java:1227)
		at org.springframework.http.converter.json.AbstractJackson2HttpMessageConverter.writeInternal(AbstractJackson2HttpMessageConverter.java:452)
		... 48 common frames omitted
	Caused by: java.io.IOException: An established connection was aborted by the software in your host machine
		at java.base/sun.nio.ch.SocketDispatcher.write0(Native Method)
		at java.base/sun.nio.ch.SocketDispatcher.write(SocketDispatcher.java:54)
		at java.base/sun.nio.ch.IOUtil.writeFromNativeBuffer(IOUtil.java:132)
		at java.base/sun.nio.ch.IOUtil.write(IOUtil.java:97)
		at java.base/sun.nio.ch.IOUtil.write(IOUtil.java:53)
		at java.base/sun.nio.ch.SocketChannelImpl.write(SocketChannelImpl.java:532)
		at org.apache.tomcat.util.net.NioChannel.write(NioChannel.java:118)
		at org.apache.tomcat.util.net.NioEndpoint$NioSocketWrapper.doWrite(NioEndpoint.java:1381)
		at org.apache.tomcat.util.net.SocketWrapperBase.doWrite(SocketWrapperBase.java:764)
		at org.apache.tomcat.util.net.SocketWrapperBase.writeBlocking(SocketWrapperBase.java:589)
		at org.apache.tomcat.util.net.SocketWrapperBase.write(SocketWrapperBase.java:533)
		at org.apache.coyote.http11.Http11OutputBuffer$SocketOutputBuffer.doWrite(Http11OutputBuffer.java:540)
		at org.apache.coyote.http11.filters.ChunkedOutputFilter.doWrite(ChunkedOutputFilter.java:110)
		at org.apache.coyote.http11.filters.GzipOutputFilter$FakeOutputStream.write(GzipOutputFilter.java:159)
		at java.base/java.util.zip.DeflaterOutputStream.deflate(DeflaterOutputStream.java:261)
		at java.base/java.util.zip.DeflaterOutputStream.write(DeflaterOutputStream.java:210)
		at java.base/java.util.zip.GZIPOutputStream.write(GZIPOutputStream.java:148)
		at org.apache.coyote.http11.filters.GzipOutputFilter.doWrite(GzipOutputFilter.java:69)
		at org.apache.coyote.http11.Http11OutputBuffer.doWrite(Http11OutputBuffer.java:193)
		at org.apache.coyote.Response.doWrite(Response.java:616)
		at org.apache.catalina.connector.OutputBuffer.realWriteBytes(OutputBuffer.java:331)
		... 57 common frames omitted
Caused by: java.io.IOException: An established connection was aborted by the software in your host machine
	at java.base/sun.nio.ch.SocketDispatcher.write0(Native Method)
	at java.base/sun.nio.ch.SocketDispatcher.write(SocketDispatcher.java:54)
	at java.base/sun.nio.ch.IOUtil.writeFromNativeBuffer(IOUtil.java:132)
	at java.base/sun.nio.ch.IOUtil.write(IOUtil.java:97)
	at java.base/sun.nio.ch.IOUtil.write(IOUtil.java:53)
	at java.base/sun.nio.ch.SocketChannelImpl.write(SocketChannelImpl.java:532)
	at org.apache.tomcat.util.net.NioChannel.write(NioChannel.java:118)
	at org.apache.tomcat.util.net.NioEndpoint$NioSocketWrapper.doWrite(NioEndpoint.java:1381)
	at org.apache.tomcat.util.net.SocketWrapperBase.doWrite(SocketWrapperBase.java:764)
	at org.apache.tomcat.util.net.SocketWrapperBase.writeBlocking(SocketWrapperBase.java:589)
	at org.apache.tomcat.util.net.SocketWrapperBase.write(SocketWrapperBase.java:533)
	at org.apache.coyote.http11.Http11OutputBuffer$SocketOutputBuffer.doWrite(Http11OutputBuffer.java:540)
	at org.apache.coyote.http11.filters.ChunkedOutputFilter.doWrite(ChunkedOutputFilter.java:112)
	at org.apache.coyote.http11.filters.GzipOutputFilter$FakeOutputStream.write(GzipOutputFilter.java:159)
	at java.base/java.util.zip.DeflaterOutputStream.deflate(DeflaterOutputStream.java:261)
	at java.base/java.util.zip.DeflaterOutputStream.write(DeflaterOutputStream.java:210)
	at java.base/java.util.zip.GZIPOutputStream.write(GZIPOutputStream.java:148)
	at org.apache.coyote.http11.filters.GzipOutputFilter.doWrite(GzipOutputFilter.java:69)
	at org.apache.coyote.http11.Http11OutputBuffer.doWrite(Http11OutputBuffer.java:193)
	at org.apache.coyote.Response.doWrite(Response.java:616)
	at org.apache.catalina.connector.OutputBuffer.realWriteBytes(OutputBuffer.java:331)
	... 69 common frames omitted
2026-09-11 02:26:46.758 [http-nio-8888-exec-5] INFO  c.c.i.HttpLoggingInterceptor - === RESPONSE START ===
2026-09-11 02:26:46.759 [http-nio-8888-exec-5] INFO  c.c.i.HttpLoggingInterceptor - Status: 200 | Duration: 22367ms
2026-09-11 02:26:46.759 [http-nio-8888-exec-5] INFO  c.c.i.HttpLoggingInterceptor - Content-Type: application/json
2026-09-11 02:26:46.759 [http-nio-8888-exec-5] INFO  c.c.i.HttpLoggingInterceptor - === RESPONSE END ===
2026-09-11 02:26:47.022 [http-nio-8888-exec-6] INFO  c.c.i.HttpLoggingInterceptor - === REQUEST START ===
2026-09-11 02:26:47.023 [http-nio-8888-exec-6] INFO  c.c.i.HttpLoggingInterceptor - Method: POST | URI: /api/getCapcha
2026-09-11 02:26:47.023 [http-nio-8888-exec-6] INFO  c.c.i.HttpLoggingInterceptor - Remote Address: 0:0:0:0:0:0:0:1
2026-09-11 02:26:47.023 [http-nio-8888-exec-6] INFO  c.c.i.HttpLoggingInterceptor - === REQUEST END ===
2026-09-11 02:26:47.045 [http-nio-8888-exec-6] INFO  c.c.i.HttpLoggingInterceptor - === RESPONSE START ===
2026-09-11 02:26:47.045 [http-nio-8888-exec-6] INFO  c.c.i.HttpLoggingInterceptor - Status: 200 | Duration: 23ms
2026-09-11 02:26:47.045 [http-nio-8888-exec-6] INFO  c.c.i.HttpLoggingInterceptor - Content-Type: application/json
2026-09-11 02:26:47.045 [http-nio-8888-exec-6] INFO  c.c.i.HttpLoggingInterceptor - === RESPONSE END ===
2026-09-11 02:29:41.254 [main] INFO  config.SpringCrudApplication - Starting SpringCrudApplication using Java 17.0.5 with PID 46312 (B:\projects\SpringBoot\LearnSpringBoot-main\target\classes started by murug in B:\projects\SpringBoot\LearnSpringBoot-main)
2026-09-11 02:29:41.260 [main] DEBUG config.SpringCrudApplication - Running with Spring Boot v3.1.5, Spring v6.0.13
2026-09-11 02:29:41.262 [main] INFO  config.SpringCrudApplication - The following 1 profile is active: "dev"
2026-09-11 02:29:42.531 [main] INFO  o.s.d.r.c.RepositoryConfigurationDelegate - Bootstrapping Spring Data JPA repositories in DEFAULT mode.
2026-09-11 02:29:42.971 [main] INFO  o.s.d.r.c.RepositoryConfigurationDelegate - Finished Spring Data repository scanning in 424 ms. Found 7 JPA repository interfaces.
2026-09-11 02:29:43.712 [main] INFO  o.s.b.w.e.tomcat.TomcatWebServer - Tomcat initialized with port(s): 8888 (http)
2026-09-11 02:29:43.739 [main] INFO  o.a.coyote.http11.Http11NioProtocol - Initializing ProtocolHandler ["http-nio-8888"]
2026-09-11 02:29:43.743 [main] INFO  o.a.catalina.core.StandardService - Starting service [Tomcat]
2026-09-11 02:29:43.744 [main] INFO  o.a.catalina.core.StandardEngine - Starting Servlet engine: [Apache Tomcat/10.1.15]
2026-09-11 02:29:43.961 [main] INFO  o.a.c.c.C.[Tomcat].[localhost].[/] - Initializing Spring embedded WebApplicationContext
2026-09-11 02:29:43.962 [main] INFO  o.s.b.w.s.c.ServletWebServerApplicationContext - Root WebApplicationContext: initialization completed in 2599 ms
2026-09-11 02:29:44.610 [main] INFO  o.s.o.j.p.SpringPersistenceUnitInfo - No LoadTimeWeaver setup: ignoring JPA class transformer
2026-09-11 02:29:44.650 [main] INFO  com.zaxxer.hikari.HikariDataSource - HikariPool-1 - Starting...
2026-09-11 02:29:45.151 [main] INFO  com.zaxxer.hikari.pool.HikariPool - HikariPool-1 - Added connection ConnectionID:1 ClientConnectionId: 95a79d3b-0151-4814-ad2b-212e99ebb06d
2026-09-11 02:29:45.154 [main] INFO  com.zaxxer.hikari.HikariDataSource - HikariPool-1 - Start completed.
2026-09-11 02:29:45.204 [main] WARN  org.hibernate.orm.deprecation - HHH90000025: SQLServerDialect does not need to be specified explicitly using 'hibernate.dialect' (remove the property setting and it will be selected by default)
2026-09-11 02:29:49.109 [main] WARN  o.h.t.s.i.ExceptionHandlerLoggedImpl - GenerationTarget encountered exception accepting command : Error executing DDL "
    create table ClientDocuments (
        fileId bigint identity not null,
        fileName varchar(255),
        filePath varchar(255),
        fileSize varchar(255),
        fileType varchar(255),
        uploadedBy varchar(255),
        uploadedDate date,
        userAccountId bigint not null,
        primary key (fileId)
    )" via JDBC [There is already an object named 'ClientDocuments' in the database.]
org.hibernate.tool.schema.spi.CommandAcceptanceException: Error executing DDL "
    create table ClientDocuments (
        fileId bigint identity not null,
        fileName varchar(255),
        filePath varchar(255),
        fileSize varchar(255),
        fileType varchar(255),
        uploadedBy varchar(255),
        uploadedDate date,
        userAccountId bigint not null,
        primary key (fileId)
    )" via JDBC [There is already an object named 'ClientDocuments' in the database.]
	at org.hibernate.tool.schema.internal.exec.GenerationTargetToDatabase.accept(GenerationTargetToDatabase.java:94)
	at org.hibernate.tool.schema.internal.AbstractSchemaMigrator.applySqlString(AbstractSchemaMigrator.java:574)
	at org.hibernate.tool.schema.internal.AbstractSchemaMigrator.applySqlStrings(AbstractSchemaMigrator.java:514)
	at org.hibernate.tool.schema.internal.AbstractSchemaMigrator.createTable(AbstractSchemaMigrator.java:315)
	at org.hibernate.tool.schema.internal.GroupedSchemaMigratorImpl.performTablesMigration(GroupedSchemaMigratorImpl.java:80)
	at org.hibernate.tool.schema.internal.AbstractSchemaMigrator.performMigration(AbstractSchemaMigrator.java:232)
	at org.hibernate.tool.schema.internal.AbstractSchemaMigrator.doMigration(AbstractSchemaMigrator.java:117)
	at org.hibernate.tool.schema.spi.SchemaManagementToolCoordinator.performDatabaseAction(SchemaManagementToolCoordinator.java:284)
	at org.hibernate.tool.schema.spi.SchemaManagementToolCoordinator.lambda$process$5(SchemaManagementToolCoordinator.java:143)
	at java.base/java.util.HashMap.forEach(HashMap.java:1421)
	at org.hibernate.tool.schema.spi.SchemaManagementToolCoordinator.process(SchemaManagementToolCoordinator.java:140)
	at org.hibernate.boot.internal.SessionFactoryObserverForSchemaExport.sessionFactoryCreated(SessionFactoryObserverForSchemaExport.java:37)
	at org.hibernate.internal.SessionFactoryObserverChain.sessionFactoryCreated(SessionFactoryObserverChain.java:35)
	at org.hibernate.internal.SessionFactoryImpl.<init>(SessionFactoryImpl.java:293)
	at org.hibernate.boot.internal.SessionFactoryBuilderImpl.build(SessionFactoryBuilderImpl.java:444)
	at org.hibernate.jpa.boot.internal.EntityManagerFactoryBuilderImpl.build(EntityManagerFactoryBuilderImpl.java:1458)
	at org.springframework.orm.jpa.vendor.SpringHibernateJpaPersistenceProvider.createContainerEntityManagerFactory(SpringHibernateJpaPersistenceProvider.java:75)
	at org.springframework.orm.jpa.LocalContainerEntityManagerFactoryBean.createNativeEntityManagerFactory(LocalContainerEntityManagerFactoryBean.java:376)
	at org.springframework.orm.jpa.AbstractEntityManagerFactoryBean.buildNativeEntityManagerFactory(AbstractEntityManagerFactoryBean.java:409)
	at org.springframework.orm.jpa.AbstractEntityManagerFactoryBean.afterPropertiesSet(AbstractEntityManagerFactoryBean.java:396)
	at org.springframework.orm.jpa.LocalContainerEntityManagerFactoryBean.afterPropertiesSet(LocalContainerEntityManagerFactoryBean.java:352)
	at org.springframework.beans.factory.support.AbstractAutowireCapableBeanFactory.invokeInitMethods(AbstractAutowireCapableBeanFactory.java:1817)
	at org.springframework.beans.factory.support.AbstractAutowireCapableBeanFactory.initializeBean(AbstractAutowireCapableBeanFactory.java:1766)
	at org.springframework.beans.factory.support.AbstractAutowireCapableBeanFactory.doCreateBean(AbstractAutowireCapableBeanFactory.java:598)
	at org.springframework.beans.factory.support.AbstractAutowireCapableBeanFactory.createBean(AbstractAutowireCapableBeanFactory.java:520)
	at org.springframework.beans.factory.support.AbstractBeanFactory.lambda$doGetBean$0(AbstractBeanFactory.java:325)
	at org.springframework.beans.factory.support.DefaultSingletonBeanRegistry.getSingleton(DefaultSingletonBeanRegistry.java:234)
	at org.springframework.beans.factory.support.AbstractBeanFactory.doGetBean(AbstractBeanFactory.java:323)
	at org.springframework.beans.factory.support.AbstractBeanFactory.getBean(AbstractBeanFactory.java:199)
	at org.springframework.context.support.AbstractApplicationContext.getBean(AbstractApplicationContext.java:1166)
	at org.springframework.context.support.AbstractApplicationContext.finishBeanFactoryInitialization(AbstractApplicationContext.java:940)
	at org.springframework.context.support.AbstractApplicationContext.refresh(AbstractApplicationContext.java:616)
	at org.springframework.boot.web.servlet.context.ServletWebServerApplicationContext.refresh(ServletWebServerApplicationContext.java:146)
	at org.springframework.boot.SpringApplication.refresh(SpringApplication.java:738)
	at org.springframework.boot.SpringApplication.refreshContext(SpringApplication.java:440)
	at org.springframework.boot.SpringApplication.run(SpringApplication.java:316)
	at org.springframework.boot.SpringApplication.run(SpringApplication.java:1306)
	at org.springframework.boot.SpringApplication.run(SpringApplication.java:1295)
	at config.SpringCrudApplication.main(SpringCrudApplication.java:21)
Caused by: com.microsoft.sqlserver.jdbc.SQLServerException: There is already an object named 'ClientDocuments' in the database.
	at com.microsoft.sqlserver.jdbc.SQLServerException.makeFromDatabaseError(SQLServerException.java:265)
	at com.microsoft.sqlserver.jdbc.SQLServerStatement.getNextResult(SQLServerStatement.java:1676)
	at com.microsoft.sqlserver.jdbc.SQLServerStatement.doExecuteStatement(SQLServerStatement.java:907)
	at com.microsoft.sqlserver.jdbc.SQLServerStatement$StmtExecCmd.doExecute(SQLServerStatement.java:802)
	at com.microsoft.sqlserver.jdbc.TDSCommand.execute(IOBuffer.java:7620)
	at com.microsoft.sqlserver.jdbc.SQLServerConnection.executeCommand(SQLServerConnection.java:3916)
	at com.microsoft.sqlserver.jdbc.SQLServerStatement.executeCommand(SQLServerStatement.java:268)
	at com.microsoft.sqlserver.jdbc.SQLServerStatement.executeStatement(SQLServerStatement.java:242)
	at com.microsoft.sqlserver.jdbc.SQLServerStatement.execute(SQLServerStatement.java:775)
	at com.zaxxer.hikari.pool.ProxyStatement.execute(ProxyStatement.java:94)
	at com.zaxxer.hikari.pool.HikariProxyStatement.execute(HikariProxyStatement.java)
	at org.hibernate.tool.schema.internal.exec.GenerationTargetToDatabase.accept(GenerationTargetToDatabase.java:80)
	... 38 common frames omitted
2026-09-11 02:29:49.113 [main] WARN  o.h.t.s.i.ExceptionHandlerLoggedImpl - GenerationTarget encountered exception accepting command : Error executing DDL "
    create table CustomerList (
        customerId bigint identity not null,
        endDate date,
        firstName varchar(255),
        gender varchar(255),
        lastName varchar(255),
        loanAmount bigint,
        loanType varchar(255),
        mobileNumber bigint,
        startDate date,
        totalPaid bigint,
        totalPayable bigint,
        userAccountId bigint,
        primary key (customerId)
    )" via JDBC [There is already an object named 'CustomerList' in the database.]
org.hibernate.tool.schema.spi.CommandAcceptanceException: Error executing DDL "
    create table CustomerList (
        customerId bigint identity not null,
        endDate date,
        firstName varchar(255),
        gender varchar(255),
        lastName varchar(255),
        loanAmount bigint,
        loanType varchar(255),
        mobileNumber bigint,
        startDate date,
        totalPaid bigint,
        totalPayable bigint,
        userAccountId bigint,
        primary key (customerId)
    )" via JDBC [There is already an object named 'CustomerList' in the database.]
	at org.hibernate.tool.schema.internal.exec.GenerationTargetToDatabase.accept(GenerationTargetToDatabase.java:94)
	at org.hibernate.tool.schema.internal.AbstractSchemaMigrator.applySqlString(AbstractSchemaMigrator.java:574)
	at org.hibernate.tool.schema.internal.AbstractSchemaMigrator.applySqlStrings(AbstractSchemaMigrator.java:514)
	at org.hibernate.tool.schema.internal.AbstractSchemaMigrator.createTable(AbstractSchemaMigrator.java:315)
	at org.hibernate.tool.schema.internal.GroupedSchemaMigratorImpl.performTablesMigration(GroupedSchemaMigratorImpl.java:80)
	at org.hibernate.tool.schema.internal.AbstractSchemaMigrator.performMigration(AbstractSchemaMigrator.java:232)
	at org.hibernate.tool.schema.internal.AbstractSchemaMigrator.doMigration(AbstractSchemaMigrator.java:117)
	at org.hibernate.tool.schema.spi.SchemaManagementToolCoordinator.performDatabaseAction(SchemaManagementToolCoordinator.java:284)
	at org.hibernate.tool.schema.spi.SchemaManagementToolCoordinator.lambda$process$5(SchemaManagementToolCoordinator.java:143)
	at java.base/java.util.HashMap.forEach(HashMap.java:1421)
	at org.hibernate.tool.schema.spi.SchemaManagementToolCoordinator.process(SchemaManagementToolCoordinator.java:140)
	at org.hibernate.boot.internal.SessionFactoryObserverForSchemaExport.sessionFactoryCreated(SessionFactoryObserverForSchemaExport.java:37)
	at org.hibernate.internal.SessionFactoryObserverChain.sessionFactoryCreated(SessionFactoryObserverChain.java:35)
	at org.hibernate.internal.SessionFactoryImpl.<init>(SessionFactoryImpl.java:293)
	at org.hibernate.boot.internal.SessionFactoryBuilderImpl.build(SessionFactoryBuilderImpl.java:444)
	at org.hibernate.jpa.boot.internal.EntityManagerFactoryBuilderImpl.build(EntityManagerFactoryBuilderImpl.java:1458)
	at org.springframework.orm.jpa.vendor.SpringHibernateJpaPersistenceProvider.createContainerEntityManagerFactory(SpringHibernateJpaPersistenceProvider.java:75)
	at org.springframework.orm.jpa.LocalContainerEntityManagerFactoryBean.createNativeEntityManagerFactory(LocalContainerEntityManagerFactoryBean.java:376)
	at org.springframework.orm.jpa.AbstractEntityManagerFactoryBean.buildNativeEntityManagerFactory(AbstractEntityManagerFactoryBean.java:409)
	at org.springframework.orm.jpa.AbstractEntityManagerFactoryBean.afterPropertiesSet(AbstractEntityManagerFactoryBean.java:396)
	at org.springframework.orm.jpa.LocalContainerEntityManagerFactoryBean.afterPropertiesSet(LocalContainerEntityManagerFactoryBean.java:352)
	at org.springframework.beans.factory.support.AbstractAutowireCapableBeanFactory.invokeInitMethods(AbstractAutowireCapableBeanFactory.java:1817)
	at org.springframework.beans.factory.support.AbstractAutowireCapableBeanFactory.initializeBean(AbstractAutowireCapableBeanFactory.java:1766)
	at org.springframework.beans.factory.support.AbstractAutowireCapableBeanFactory.doCreateBean(AbstractAutowireCapableBeanFactory.java:598)
	at org.springframework.beans.factory.support.AbstractAutowireCapableBeanFactory.createBean(AbstractAutowireCapableBeanFactory.java:520)
	at org.springframework.beans.factory.support.AbstractBeanFactory.lambda$doGetBean$0(AbstractBeanFactory.java:325)
	at org.springframework.beans.factory.support.DefaultSingletonBeanRegistry.getSingleton(DefaultSingletonBeanRegistry.java:234)
	at org.springframework.beans.factory.support.AbstractBeanFactory.doGetBean(AbstractBeanFactory.java:323)
	at org.springframework.beans.factory.support.AbstractBeanFactory.getBean(AbstractBeanFactory.java:199)
	at org.springframework.context.support.AbstractApplicationContext.getBean(AbstractApplicationContext.java:1166)
	at org.springframework.context.support.AbstractApplicationContext.finishBeanFactoryInitialization(AbstractApplicationContext.java:940)
	at org.springframework.context.support.AbstractApplicationContext.refresh(AbstractApplicationContext.java:616)
	at org.springframework.boot.web.servlet.context.ServletWebServerApplicationContext.refresh(ServletWebServerApplicationContext.java:146)
	at org.springframework.boot.SpringApplication.refresh(SpringApplication.java:738)
	at org.springframework.boot.SpringApplication.refreshContext(SpringApplication.java:440)
	at org.springframework.boot.SpringApplication.run(SpringApplication.java:316)
	at org.springframework.boot.SpringApplication.run(SpringApplication.java:1306)
	at org.springframework.boot.SpringApplication.run(SpringApplication.java:1295)
	at config.SpringCrudApplication.main(SpringCrudApplication.java:21)
Caused by: com.microsoft.sqlserver.jdbc.SQLServerException: There is already an object named 'CustomerList' in the database.
	at com.microsoft.sqlserver.jdbc.SQLServerException.makeFromDatabaseError(SQLServerException.java:265)
	at com.microsoft.sqlserver.jdbc.SQLServerStatement.getNextResult(SQLServerStatement.java:1676)
	at com.microsoft.sqlserver.jdbc.SQLServerStatement.doExecuteStatement(SQLServerStatement.java:907)
	at com.microsoft.sqlserver.jdbc.SQLServerStatement$StmtExecCmd.doExecute(SQLServerStatement.java:802)
	at com.microsoft.sqlserver.jdbc.TDSCommand.execute(IOBuffer.java:7620)
	at com.microsoft.sqlserver.jdbc.SQLServerConnection.executeCommand(SQLServerConnection.java:3916)
	at com.microsoft.sqlserver.jdbc.SQLServerStatement.executeCommand(SQLServerStatement.java:268)
	at com.microsoft.sqlserver.jdbc.SQLServerStatement.executeStatement(SQLServerStatement.java:242)
	at com.microsoft.sqlserver.jdbc.SQLServerStatement.execute(SQLServerStatement.java:775)
	at com.zaxxer.hikari.pool.ProxyStatement.execute(ProxyStatement.java:94)
	at com.zaxxer.hikari.pool.HikariProxyStatement.execute(HikariProxyStatement.java)
	at org.hibernate.tool.schema.internal.exec.GenerationTargetToDatabase.accept(GenerationTargetToDatabase.java:80)
	... 38 common frames omitted
2026-09-11 02:29:49.116 [main] WARN  o.h.t.s.i.ExceptionHandlerLoggedImpl - GenerationTarget encountered exception accepting command : Error executing DDL "
    create table NavigationMenu (
        menuId bigint identity not null,
        menuName varchar(255),
        primary key (menuId)
    )" via JDBC [There is already an object named 'NavigationMenu' in the database.]
org.hibernate.tool.schema.spi.CommandAcceptanceException: Error executing DDL "
    create table NavigationMenu (
        menuId bigint identity not null,
        menuName varchar(255),
        primary key (menuId)
    )" via JDBC [There is already an object named 'NavigationMenu' in the database.]
	at org.hibernate.tool.schema.internal.exec.GenerationTargetToDatabase.accept(GenerationTargetToDatabase.java:94)
	at org.hibernate.tool.schema.internal.AbstractSchemaMigrator.applySqlString(AbstractSchemaMigrator.java:574)
	at org.hibernate.tool.schema.internal.AbstractSchemaMigrator.applySqlStrings(AbstractSchemaMigrator.java:514)
	at org.hibernate.tool.schema.internal.AbstractSchemaMigrator.createTable(AbstractSchemaMigrator.java:315)
	at org.hibernate.tool.schema.internal.GroupedSchemaMigratorImpl.performTablesMigration(GroupedSchemaMigratorImpl.java:80)
	at org.hibernate.tool.schema.internal.AbstractSchemaMigrator.performMigration(AbstractSchemaMigrator.java:232)
	at org.hibernate.tool.schema.internal.AbstractSchemaMigrator.doMigration(AbstractSchemaMigrator.java:117)
	at org.hibernate.tool.schema.spi.SchemaManagementToolCoordinator.performDatabaseAction(SchemaManagementToolCoordinator.java:284)
	at org.hibernate.tool.schema.spi.SchemaManagementToolCoordinator.lambda$process$5(SchemaManagementToolCoordinator.java:143)
	at java.base/java.util.HashMap.forEach(HashMap.java:1421)
	at org.hibernate.tool.schema.spi.SchemaManagementToolCoordinator.process(SchemaManagementToolCoordinator.java:140)
	at org.hibernate.boot.internal.SessionFactoryObserverForSchemaExport.sessionFactoryCreated(SessionFactoryObserverForSchemaExport.java:37)
	at org.hibernate.internal.SessionFactoryObserverChain.sessionFactoryCreated(SessionFactoryObserverChain.java:35)
	at org.hibernate.internal.SessionFactoryImpl.<init>(SessionFactoryImpl.java:293)
	at org.hibernate.boot.internal.SessionFactoryBuilderImpl.build(SessionFactoryBuilderImpl.java:444)
	at org.hibernate.jpa.boot.internal.EntityManagerFactoryBuilderImpl.build(EntityManagerFactoryBuilderImpl.java:1458)
	at org.springframework.orm.jpa.vendor.SpringHibernateJpaPersistenceProvider.createContainerEntityManagerFactory(SpringHibernateJpaPersistenceProvider.java:75)
	at org.springframework.orm.jpa.LocalContainerEntityManagerFactoryBean.createNativeEntityManagerFactory(LocalContainerEntityManagerFactoryBean.java:376)
	at org.springframework.orm.jpa.AbstractEntityManagerFactoryBean.buildNativeEntityManagerFactory(AbstractEntityManagerFactoryBean.java:409)
	at org.springframework.orm.jpa.AbstractEntityManagerFactoryBean.afterPropertiesSet(AbstractEntityManagerFactoryBean.java:396)
	at org.springframework.orm.jpa.LocalContainerEntityManagerFactoryBean.afterPropertiesSet(LocalContainerEntityManagerFactoryBean.java:352)
	at org.springframework.beans.factory.support.AbstractAutowireCapableBeanFactory.invokeInitMethods(AbstractAutowireCapableBeanFactory.java:1817)
	at org.springframework.beans.factory.support.AbstractAutowireCapableBeanFactory.initializeBean(AbstractAutowireCapableBeanFactory.java:1766)
	at org.springframework.beans.factory.support.AbstractAutowireCapableBeanFactory.doCreateBean(AbstractAutowireCapableBeanFactory.java:598)
	at org.springframework.beans.factory.support.AbstractAutowireCapableBeanFactory.createBean(AbstractAutowireCapableBeanFactory.java:520)
	at org.springframework.beans.factory.support.AbstractBeanFactory.lambda$doGetBean$0(AbstractBeanFactory.java:325)
	at org.springframework.beans.factory.support.DefaultSingletonBeanRegistry.getSingleton(DefaultSingletonBeanRegistry.java:234)
	at org.springframework.beans.factory.support.AbstractBeanFactory.doGetBean(AbstractBeanFactory.java:323)
	at org.springframework.beans.factory.support.AbstractBeanFactory.getBean(AbstractBeanFactory.java:199)
	at org.springframework.context.support.AbstractApplicationContext.getBean(AbstractApplicationContext.java:1166)
	at org.springframework.context.support.AbstractApplicationContext.finishBeanFactoryInitialization(AbstractApplicationContext.java:940)
	at org.springframework.context.support.AbstractApplicationContext.refresh(AbstractApplicationContext.java:616)
	at org.springframework.boot.web.servlet.context.ServletWebServerApplicationContext.refresh(ServletWebServerApplicationContext.java:146)
	at org.springframework.boot.SpringApplication.refresh(SpringApplication.java:738)
	at org.springframework.boot.SpringApplication.refreshContext(SpringApplication.java:440)
	at org.springframework.boot.SpringApplication.run(SpringApplication.java:316)
	at org.springframework.boot.SpringApplication.run(SpringApplication.java:1306)
	at org.springframework.boot.SpringApplication.run(SpringApplication.java:1295)
	at config.SpringCrudApplication.main(SpringCrudApplication.java:21)
Caused by: com.microsoft.sqlserver.jdbc.SQLServerException: There is already an object named 'NavigationMenu' in the database.
	at com.microsoft.sqlserver.jdbc.SQLServerException.makeFromDatabaseError(SQLServerException.java:265)
	at com.microsoft.sqlserver.jdbc.SQLServerStatement.getNextResult(SQLServerStatement.java:1676)
	at com.microsoft.sqlserver.jdbc.SQLServerStatement.doExecuteStatement(SQLServerStatement.java:907)
	at com.microsoft.sqlserver.jdbc.SQLServerStatement$StmtExecCmd.doExecute(SQLServerStatement.java:802)
	at com.microsoft.sqlserver.jdbc.TDSCommand.execute(IOBuffer.java:7620)
	at com.microsoft.sqlserver.jdbc.SQLServerConnection.executeCommand(SQLServerConnection.java:3916)
	at com.microsoft.sqlserver.jdbc.SQLServerStatement.executeCommand(SQLServerStatement.java:268)
	at com.microsoft.sqlserver.jdbc.SQLServerStatement.executeStatement(SQLServerStatement.java:242)
	at com.microsoft.sqlserver.jdbc.SQLServerStatement.execute(SQLServerStatement.java:775)
	at com.zaxxer.hikari.pool.ProxyStatement.execute(ProxyStatement.java:94)
	at com.zaxxer.hikari.pool.HikariProxyStatement.execute(HikariProxyStatement.java)
	at org.hibernate.tool.schema.internal.exec.GenerationTargetToDatabase.accept(GenerationTargetToDatabase.java:80)
	... 38 common frames omitted
2026-09-11 02:29:49.119 [main] WARN  o.h.t.s.i.ExceptionHandlerLoggedImpl - GenerationTarget encountered exception accepting command : Error executing DDL "
    create table Payments (
        paymentId bigint identity not null,
        amount bigint,
        customerId bigint,
        date date,
        loanType varchar(255),
        paymentMode varchar(255),
        paymentStatus bit,
        primary key (paymentId)
    )" via JDBC [There is already an object named 'Payments' in the database.]
org.hibernate.tool.schema.spi.CommandAcceptanceException: Error executing DDL "
    create table Payments (
        paymentId bigint identity not null,
        amount bigint,
        customerId bigint,
        date date,
        loanType varchar(255),
        paymentMode varchar(255),
        paymentStatus bit,
        primary key (paymentId)
    )" via JDBC [There is already an object named 'Payments' in the database.]
	at org.hibernate.tool.schema.internal.exec.GenerationTargetToDatabase.accept(GenerationTargetToDatabase.java:94)
	at org.hibernate.tool.schema.internal.AbstractSchemaMigrator.applySqlString(AbstractSchemaMigrator.java:574)
	at org.hibernate.tool.schema.internal.AbstractSchemaMigrator.applySqlStrings(AbstractSchemaMigrator.java:514)
	at org.hibernate.tool.schema.internal.AbstractSchemaMigrator.createTable(AbstractSchemaMigrator.java:315)
	at org.hibernate.tool.schema.internal.GroupedSchemaMigratorImpl.performTablesMigration(GroupedSchemaMigratorImpl.java:80)
	at org.hibernate.tool.schema.internal.AbstractSchemaMigrator.performMigration(AbstractSchemaMigrator.java:232)
	at org.hibernate.tool.schema.internal.AbstractSchemaMigrator.doMigration(AbstractSchemaMigrator.java:117)
	at org.hibernate.tool.schema.spi.SchemaManagementToolCoordinator.performDatabaseAction(SchemaManagementToolCoordinator.java:284)
	at org.hibernate.tool.schema.spi.SchemaManagementToolCoordinator.lambda$process$5(SchemaManagementToolCoordinator.java:143)
	at java.base/java.util.HashMap.forEach(HashMap.java:1421)
	at org.hibernate.tool.schema.spi.SchemaManagementToolCoordinator.process(SchemaManagementToolCoordinator.java:140)
	at org.hibernate.boot.internal.SessionFactoryObserverForSchemaExport.sessionFactoryCreated(SessionFactoryObserverForSchemaExport.java:37)
	at org.hibernate.internal.SessionFactoryObserverChain.sessionFactoryCreated(SessionFactoryObserverChain.java:35)
	at org.hibernate.internal.SessionFactoryImpl.<init>(SessionFactoryImpl.java:293)
	at org.hibernate.boot.internal.SessionFactoryBuilderImpl.build(SessionFactoryBuilderImpl.java:444)
	at org.hibernate.jpa.boot.internal.EntityManagerFactoryBuilderImpl.build(EntityManagerFactoryBuilderImpl.java:1458)
	at org.springframework.orm.jpa.vendor.SpringHibernateJpaPersistenceProvider.createContainerEntityManagerFactory(SpringHibernateJpaPersistenceProvider.java:75)
	at org.springframework.orm.jpa.LocalContainerEntityManagerFactoryBean.createNativeEntityManagerFactory(LocalContainerEntityManagerFactoryBean.java:376)
	at org.springframework.orm.jpa.AbstractEntityManagerFactoryBean.buildNativeEntityManagerFactory(AbstractEntityManagerFactoryBean.java:409)
	at org.springframework.orm.jpa.AbstractEntityManagerFactoryBean.afterPropertiesSet(AbstractEntityManagerFactoryBean.java:396)
	at org.springframework.orm.jpa.LocalContainerEntityManagerFactoryBean.afterPropertiesSet(LocalContainerEntityManagerFactoryBean.java:352)
	at org.springframework.beans.factory.support.AbstractAutowireCapableBeanFactory.invokeInitMethods(AbstractAutowireCapableBeanFactory.java:1817)
	at org.springframework.beans.factory.support.AbstractAutowireCapableBeanFactory.initializeBean(AbstractAutowireCapableBeanFactory.java:1766)
	at org.springframework.beans.factory.support.AbstractAutowireCapableBeanFactory.doCreateBean(AbstractAutowireCapableBeanFactory.java:598)
	at org.springframework.beans.factory.support.AbstractAutowireCapableBeanFactory.createBean(AbstractAutowireCapableBeanFactory.java:520)
	at org.springframework.beans.factory.support.AbstractBeanFactory.lambda$doGetBean$0(AbstractBeanFactory.java:325)
	at org.springframework.beans.factory.support.DefaultSingletonBeanRegistry.getSingleton(DefaultSingletonBeanRegistry.java:234)
	at org.springframework.beans.factory.support.AbstractBeanFactory.doGetBean(AbstractBeanFactory.java:323)
	at org.springframework.beans.factory.support.AbstractBeanFactory.getBean(AbstractBeanFactory.java:199)
	at org.springframework.context.support.AbstractApplicationContext.getBean(AbstractApplicationContext.java:1166)
	at org.springframework.context.support.AbstractApplicationContext.finishBeanFactoryInitialization(AbstractApplicationContext.java:940)
	at org.springframework.context.support.AbstractApplicationContext.refresh(AbstractApplicationContext.java:616)
	at org.springframework.boot.web.servlet.context.ServletWebServerApplicationContext.refresh(ServletWebServerApplicationContext.java:146)
	at org.springframework.boot.SpringApplication.refresh(SpringApplication.java:738)
	at org.springframework.boot.SpringApplication.refreshContext(SpringApplication.java:440)
	at org.springframework.boot.SpringApplication.run(SpringApplication.java:316)
	at org.springframework.boot.SpringApplication.run(SpringApplication.java:1306)
	at org.springframework.boot.SpringApplication.run(SpringApplication.java:1295)
	at config.SpringCrudApplication.main(SpringCrudApplication.java:21)
Caused by: com.microsoft.sqlserver.jdbc.SQLServerException: There is already an object named 'Payments' in the database.
	at com.microsoft.sqlserver.jdbc.SQLServerException.makeFromDatabaseError(SQLServerException.java:265)
	at com.microsoft.sqlserver.jdbc.SQLServerStatement.getNextResult(SQLServerStatement.java:1676)
	at com.microsoft.sqlserver.jdbc.SQLServerStatement.doExecuteStatement(SQLServerStatement.java:907)
	at com.microsoft.sqlserver.jdbc.SQLServerStatement$StmtExecCmd.doExecute(SQLServerStatement.java:802)
	at com.microsoft.sqlserver.jdbc.TDSCommand.execute(IOBuffer.java:7620)
	at com.microsoft.sqlserver.jdbc.SQLServerConnection.executeCommand(SQLServerConnection.java:3916)
	at com.microsoft.sqlserver.jdbc.SQLServerStatement.executeCommand(SQLServerStatement.java:268)
	at com.microsoft.sqlserver.jdbc.SQLServerStatement.executeStatement(SQLServerStatement.java:242)
	at com.microsoft.sqlserver.jdbc.SQLServerStatement.execute(SQLServerStatement.java:775)
	at com.zaxxer.hikari.pool.ProxyStatement.execute(ProxyStatement.java:94)
	at com.zaxxer.hikari.pool.HikariProxyStatement.execute(HikariProxyStatement.java)
	at org.hibernate.tool.schema.internal.exec.GenerationTargetToDatabase.accept(GenerationTargetToDatabase.java:80)
	... 38 common frames omitted
2026-09-11 02:29:49.123 [main] WARN  o.h.t.s.i.ExceptionHandlerLoggedImpl - GenerationTarget encountered exception accepting command : Error executing DDL "
    create table UserAccount (
        userAccountId bigint identity not null,
        address varchar(255),
        adharImagePath varchar(255),
        adharNumber bigint,
        altMobileNumber bigint,
        annualIncome bigint,
        city varchar(255),
        currentLoginDate date,
        dob date,
        email varchar(255),
        fathersName varchar(255),
        firstName varchar(255),
        gender varchar(255),
        isActive bit not null,
        lastLoginDate date,
        lastName varchar(255),
        loginAttempt int,
        marriedStatus varchar(255),
        mobileNumber bigint,
        occupation varchar(255),
        panImagePath varchar(255),
        panNumber varchar(255),
        password varchar(255),
        qualification varchar(255),
        state varchar(255),
        userGroupId bigint,
        userName varchar(255),
        zipcode varchar(255),
        primary key (userAccountId)
    )" via JDBC [There is already an object named 'UserAccount' in the database.]
org.hibernate.tool.schema.spi.CommandAcceptanceException: Error executing DDL "
    create table UserAccount (
        userAccountId bigint identity not null,
        address varchar(255),
        adharImagePath varchar(255),
        adharNumber bigint,
        altMobileNumber bigint,
        annualIncome bigint,
        city varchar(255),
        currentLoginDate date,
        dob date,
        email varchar(255),
        fathersName varchar(255),
        firstName varchar(255),
        gender varchar(255),
        isActive bit not null,
        lastLoginDate date,
        lastName varchar(255),
        loginAttempt int,
        marriedStatus varchar(255),
        mobileNumber bigint,
        occupation varchar(255),
        panImagePath varchar(255),
        panNumber varchar(255),
        password varchar(255),
        qualification varchar(255),
        state varchar(255),
        userGroupId bigint,
        userName varchar(255),
        zipcode varchar(255),
        primary key (userAccountId)
    )" via JDBC [There is already an object named 'UserAccount' in the database.]
	at org.hibernate.tool.schema.internal.exec.GenerationTargetToDatabase.accept(GenerationTargetToDatabase.java:94)
	at org.hibernate.tool.schema.internal.AbstractSchemaMigrator.applySqlString(AbstractSchemaMigrator.java:574)
	at org.hibernate.tool.schema.internal.AbstractSchemaMigrator.applySqlStrings(AbstractSchemaMigrator.java:514)
	at org.hibernate.tool.schema.internal.AbstractSchemaMigrator.createTable(AbstractSchemaMigrator.java:315)
	at org.hibernate.tool.schema.internal.GroupedSchemaMigratorImpl.performTablesMigration(GroupedSchemaMigratorImpl.java:80)
	at org.hibernate.tool.schema.internal.AbstractSchemaMigrator.performMigration(AbstractSchemaMigrator.java:232)
	at org.hibernate.tool.schema.internal.AbstractSchemaMigrator.doMigration(AbstractSchemaMigrator.java:117)
	at org.hibernate.tool.schema.spi.SchemaManagementToolCoordinator.performDatabaseAction(SchemaManagementToolCoordinator.java:284)
	at org.hibernate.tool.schema.spi.SchemaManagementToolCoordinator.lambda$process$5(SchemaManagementToolCoordinator.java:143)
	at java.base/java.util.HashMap.forEach(HashMap.java:1421)
	at org.hibernate.tool.schema.spi.SchemaManagementToolCoordinator.process(SchemaManagementToolCoordinator.java:140)
	at org.hibernate.boot.internal.SessionFactoryObserverForSchemaExport.sessionFactoryCreated(SessionFactoryObserverForSchemaExport.java:37)
	at org.hibernate.internal.SessionFactoryObserverChain.sessionFactoryCreated(SessionFactoryObserverChain.java:35)
	at org.hibernate.internal.SessionFactoryImpl.<init>(SessionFactoryImpl.java:293)
	at org.hibernate.boot.internal.SessionFactoryBuilderImpl.build(SessionFactoryBuilderImpl.java:444)
	at org.hibernate.jpa.boot.internal.EntityManagerFactoryBuilderImpl.build(EntityManagerFactoryBuilderImpl.java:1458)
	at org.springframework.orm.jpa.vendor.SpringHibernateJpaPersistenceProvider.createContainerEntityManagerFactory(SpringHibernateJpaPersistenceProvider.java:75)
	at org.springframework.orm.jpa.LocalContainerEntityManagerFactoryBean.createNativeEntityManagerFactory(LocalContainerEntityManagerFactoryBean.java:376)
	at org.springframework.orm.jpa.AbstractEntityManagerFactoryBean.buildNativeEntityManagerFactory(AbstractEntityManagerFactoryBean.java:409)
	at org.springframework.orm.jpa.AbstractEntityManagerFactoryBean.afterPropertiesSet(AbstractEntityManagerFactoryBean.java:396)
	at org.springframework.orm.jpa.LocalContainerEntityManagerFactoryBean.afterPropertiesSet(LocalContainerEntityManagerFactoryBean.java:352)
	at org.springframework.beans.factory.support.AbstractAutowireCapableBeanFactory.invokeInitMethods(AbstractAutowireCapableBeanFactory.java:1817)
	at org.springframework.beans.factory.support.AbstractAutowireCapableBeanFactory.initializeBean(AbstractAutowireCapableBeanFactory.java:1766)
	at org.springframework.beans.factory.support.AbstractAutowireCapableBeanFactory.doCreateBean(AbstractAutowireCapableBeanFactory.java:598)
	at org.springframework.beans.factory.support.AbstractAutowireCapableBeanFactory.createBean(AbstractAutowireCapableBeanFactory.java:520)
	at org.springframework.beans.factory.support.AbstractBeanFactory.lambda$doGetBean$0(AbstractBeanFactory.java:325)
	at org.springframework.beans.factory.support.DefaultSingletonBeanRegistry.getSingleton(DefaultSingletonBeanRegistry.java:234)
	at org.springframework.beans.factory.support.AbstractBeanFactory.doGetBean(AbstractBeanFactory.java:323)
	at org.springframework.beans.factory.support.AbstractBeanFactory.getBean(AbstractBeanFactory.java:199)
	at org.springframework.context.support.AbstractApplicationContext.getBean(AbstractApplicationContext.java:1166)
	at org.springframework.context.support.AbstractApplicationContext.finishBeanFactoryInitialization(AbstractApplicationContext.java:940)
	at org.springframework.context.support.AbstractApplicationContext.refresh(AbstractApplicationContext.java:616)
	at org.springframework.boot.web.servlet.context.ServletWebServerApplicationContext.refresh(ServletWebServerApplicationContext.java:146)
	at org.springframework.boot.SpringApplication.refresh(SpringApplication.java:738)
	at org.springframework.boot.SpringApplication.refreshContext(SpringApplication.java:440)
	at org.springframework.boot.SpringApplication.run(SpringApplication.java:316)
	at org.springframework.boot.SpringApplication.run(SpringApplication.java:1306)
	at org.springframework.boot.SpringApplication.run(SpringApplication.java:1295)
	at config.SpringCrudApplication.main(SpringCrudApplication.java:21)
Caused by: com.microsoft.sqlserver.jdbc.SQLServerException: There is already an object named 'UserAccount' in the database.
	at com.microsoft.sqlserver.jdbc.SQLServerException.makeFromDatabaseError(SQLServerException.java:265)
	at com.microsoft.sqlserver.jdbc.SQLServerStatement.getNextResult(SQLServerStatement.java:1676)
	at com.microsoft.sqlserver.jdbc.SQLServerStatement.doExecuteStatement(SQLServerStatement.java:907)
	at com.microsoft.sqlserver.jdbc.SQLServerStatement$StmtExecCmd.doExecute(SQLServerStatement.java:802)
	at com.microsoft.sqlserver.jdbc.TDSCommand.execute(IOBuffer.java:7620)
	at com.microsoft.sqlserver.jdbc.SQLServerConnection.executeCommand(SQLServerConnection.java:3916)
	at com.microsoft.sqlserver.jdbc.SQLServerStatement.executeCommand(SQLServerStatement.java:268)
	at com.microsoft.sqlserver.jdbc.SQLServerStatement.executeStatement(SQLServerStatement.java:242)
	at com.microsoft.sqlserver.jdbc.SQLServerStatement.execute(SQLServerStatement.java:775)
	at com.zaxxer.hikari.pool.ProxyStatement.execute(ProxyStatement.java:94)
	at com.zaxxer.hikari.pool.HikariProxyStatement.execute(HikariProxyStatement.java)
	at org.hibernate.tool.schema.internal.exec.GenerationTargetToDatabase.accept(GenerationTargetToDatabase.java:80)
	... 38 common frames omitted
2026-09-11 02:29:49.125 [main] WARN  o.h.t.s.i.ExceptionHandlerLoggedImpl - GenerationTarget encountered exception accepting command : Error executing DDL "
    create table UserGroup (
        userGroupId bigint identity not null,
        userGroupName varchar(255),
        primary key (userGroupId)
    )" via JDBC [There is already an object named 'UserGroup' in the database.]
org.hibernate.tool.schema.spi.CommandAcceptanceException: Error executing DDL "
    create table UserGroup (
        userGroupId bigint identity not null,
        userGroupName varchar(255),
        primary key (userGroupId)
    )" via JDBC [There is already an object named 'UserGroup' in the database.]
	at org.hibernate.tool.schema.internal.exec.GenerationTargetToDatabase.accept(GenerationTargetToDatabase.java:94)
	at org.hibernate.tool.schema.internal.AbstractSchemaMigrator.applySqlString(AbstractSchemaMigrator.java:574)
	at org.hibernate.tool.schema.internal.AbstractSchemaMigrator.applySqlStrings(AbstractSchemaMigrator.java:514)
	at org.hibernate.tool.schema.internal.AbstractSchemaMigrator.createTable(AbstractSchemaMigrator.java:315)
	at org.hibernate.tool.schema.internal.GroupedSchemaMigratorImpl.performTablesMigration(GroupedSchemaMigratorImpl.java:80)
	at org.hibernate.tool.schema.internal.AbstractSchemaMigrator.performMigration(AbstractSchemaMigrator.java:232)
	at org.hibernate.tool.schema.internal.AbstractSchemaMigrator.doMigration(AbstractSchemaMigrator.java:117)
	at org.hibernate.tool.schema.spi.SchemaManagementToolCoordinator.performDatabaseAction(SchemaManagementToolCoordinator.java:284)
	at org.hibernate.tool.schema.spi.SchemaManagementToolCoordinator.lambda$process$5(SchemaManagementToolCoordinator.java:143)
	at java.base/java.util.HashMap.forEach(HashMap.java:1421)
	at org.hibernate.tool.schema.spi.SchemaManagementToolCoordinator.process(SchemaManagementToolCoordinator.java:140)
	at org.hibernate.boot.internal.SessionFactoryObserverForSchemaExport.sessionFactoryCreated(SessionFactoryObserverForSchemaExport.java:37)
	at org.hibernate.internal.SessionFactoryObserverChain.sessionFactoryCreated(SessionFactoryObserverChain.java:35)
	at org.hibernate.internal.SessionFactoryImpl.<init>(SessionFactoryImpl.java:293)
	at org.hibernate.boot.internal.SessionFactoryBuilderImpl.build(SessionFactoryBuilderImpl.java:444)
	at org.hibernate.jpa.boot.internal.EntityManagerFactoryBuilderImpl.build(EntityManagerFactoryBuilderImpl.java:1458)
	at org.springframework.orm.jpa.vendor.SpringHibernateJpaPersistenceProvider.createContainerEntityManagerFactory(SpringHibernateJpaPersistenceProvider.java:75)
	at org.springframework.orm.jpa.LocalContainerEntityManagerFactoryBean.createNativeEntityManagerFactory(LocalContainerEntityManagerFactoryBean.java:376)
	at org.springframework.orm.jpa.AbstractEntityManagerFactoryBean.buildNativeEntityManagerFactory(AbstractEntityManagerFactoryBean.java:409)
	at org.springframework.orm.jpa.AbstractEntityManagerFactoryBean.afterPropertiesSet(AbstractEntityManagerFactoryBean.java:396)
	at org.springframework.orm.jpa.LocalContainerEntityManagerFactoryBean.afterPropertiesSet(LocalContainerEntityManagerFactoryBean.java:352)
	at org.springframework.beans.factory.support.AbstractAutowireCapableBeanFactory.invokeInitMethods(AbstractAutowireCapableBeanFactory.java:1817)
	at org.springframework.beans.factory.support.AbstractAutowireCapableBeanFactory.initializeBean(AbstractAutowireCapableBeanFactory.java:1766)
	at org.springframework.beans.factory.support.AbstractAutowireCapableBeanFactory.doCreateBean(AbstractAutowireCapableBeanFactory.java:598)
	at org.springframework.beans.factory.support.AbstractAutowireCapableBeanFactory.createBean(AbstractAutowireCapableBeanFactory.java:520)
	at org.springframework.beans.factory.support.AbstractBeanFactory.lambda$doGetBean$0(AbstractBeanFactory.java:325)
	at org.springframework.beans.factory.support.DefaultSingletonBeanRegistry.getSingleton(DefaultSingletonBeanRegistry.java:234)
	at org.springframework.beans.factory.support.AbstractBeanFactory.doGetBean(AbstractBeanFactory.java:323)
	at org.springframework.beans.factory.support.AbstractBeanFactory.getBean(AbstractBeanFactory.java:199)
	at org.springframework.context.support.AbstractApplicationContext.getBean(AbstractApplicationContext.java:1166)
	at org.springframework.context.support.AbstractApplicationContext.finishBeanFactoryInitialization(AbstractApplicationContext.java:940)
	at org.springframework.context.support.AbstractApplicationContext.refresh(AbstractApplicationContext.java:616)
	at org.springframework.boot.web.servlet.context.ServletWebServerApplicationContext.refresh(ServletWebServerApplicationContext.java:146)
	at org.springframework.boot.SpringApplication.refresh(SpringApplication.java:738)
	at org.springframework.boot.SpringApplication.refreshContext(SpringApplication.java:440)
	at org.springframework.boot.SpringApplication.run(SpringApplication.java:316)
	at org.springframework.boot.SpringApplication.run(SpringApplication.java:1306)
	at org.springframework.boot.SpringApplication.run(SpringApplication.java:1295)
	at config.SpringCrudApplication.main(SpringCrudApplication.java:21)
Caused by: com.microsoft.sqlserver.jdbc.SQLServerException: There is already an object named 'UserGroup' in the database.
	at com.microsoft.sqlserver.jdbc.SQLServerException.makeFromDatabaseError(SQLServerException.java:265)
	at com.microsoft.sqlserver.jdbc.SQLServerStatement.getNextResult(SQLServerStatement.java:1676)
	at com.microsoft.sqlserver.jdbc.SQLServerStatement.doExecuteStatement(SQLServerStatement.java:907)
	at com.microsoft.sqlserver.jdbc.SQLServerStatement$StmtExecCmd.doExecute(SQLServerStatement.java:802)
	at com.microsoft.sqlserver.jdbc.TDSCommand.execute(IOBuffer.java:7620)
	at com.microsoft.sqlserver.jdbc.SQLServerConnection.executeCommand(SQLServerConnection.java:3916)
	at com.microsoft.sqlserver.jdbc.SQLServerStatement.executeCommand(SQLServerStatement.java:268)
	at com.microsoft.sqlserver.jdbc.SQLServerStatement.executeStatement(SQLServerStatement.java:242)
	at com.microsoft.sqlserver.jdbc.SQLServerStatement.execute(SQLServerStatement.java:775)
	at com.zaxxer.hikari.pool.ProxyStatement.execute(ProxyStatement.java:94)
	at com.zaxxer.hikari.pool.HikariProxyStatement.execute(HikariProxyStatement.java)
	at org.hibernate.tool.schema.internal.exec.GenerationTargetToDatabase.accept(GenerationTargetToDatabase.java:80)
	... 38 common frames omitted
2026-09-11 02:29:49.129 [main] WARN  o.h.t.s.i.ExceptionHandlerLoggedImpl - GenerationTarget encountered exception accepting command : Error executing DDL "
    alter table Payments 
       add constraint FKmcddpsiemwcivhnevsvagjwk4 
       foreign key (customerId) 
       references CustomerList" via JDBC [There is already an object named 'FKmcddpsiemwcivhnevsvagjwk4' in the database.]
org.hibernate.tool.schema.spi.CommandAcceptanceException: Error executing DDL "
    alter table Payments 
       add constraint FKmcddpsiemwcivhnevsvagjwk4 
       foreign key (customerId) 
       references CustomerList" via JDBC [There is already an object named 'FKmcddpsiemwcivhnevsvagjwk4' in the database.]
	at org.hibernate.tool.schema.internal.exec.GenerationTargetToDatabase.accept(GenerationTargetToDatabase.java:94)
	at org.hibernate.tool.schema.internal.AbstractSchemaMigrator.applySqlString(AbstractSchemaMigrator.java:574)
	at org.hibernate.tool.schema.internal.AbstractSchemaMigrator.applySqlStrings(AbstractSchemaMigrator.java:514)
	at org.hibernate.tool.schema.internal.AbstractSchemaMigrator.applyForeignKeys(AbstractSchemaMigrator.java:446)
	at org.hibernate.tool.schema.internal.AbstractSchemaMigrator.performMigration(AbstractSchemaMigrator.java:268)
	at org.hibernate.tool.schema.internal.AbstractSchemaMigrator.doMigration(AbstractSchemaMigrator.java:117)
	at org.hibernate.tool.schema.spi.SchemaManagementToolCoordinator.performDatabaseAction(SchemaManagementToolCoordinator.java:284)
	at org.hibernate.tool.schema.spi.SchemaManagementToolCoordinator.lambda$process$5(SchemaManagementToolCoordinator.java:143)
	at java.base/java.util.HashMap.forEach(HashMap.java:1421)
	at org.hibernate.tool.schema.spi.SchemaManagementToolCoordinator.process(SchemaManagementToolCoordinator.java:140)
	at org.hibernate.boot.internal.SessionFactoryObserverForSchemaExport.sessionFactoryCreated(SessionFactoryObserverForSchemaExport.java:37)
	at org.hibernate.internal.SessionFactoryObserverChain.sessionFactoryCreated(SessionFactoryObserverChain.java:35)
	at org.hibernate.internal.SessionFactoryImpl.<init>(SessionFactoryImpl.java:293)
	at org.hibernate.boot.internal.SessionFactoryBuilderImpl.build(SessionFactoryBuilderImpl.java:444)
	at org.hibernate.jpa.boot.internal.EntityManagerFactoryBuilderImpl.build(EntityManagerFactoryBuilderImpl.java:1458)
	at org.springframework.orm.jpa.vendor.SpringHibernateJpaPersistenceProvider.createContainerEntityManagerFactory(SpringHibernateJpaPersistenceProvider.java:75)
	at org.springframework.orm.jpa.LocalContainerEntityManagerFactoryBean.createNativeEntityManagerFactory(LocalContainerEntityManagerFactoryBean.java:376)
	at org.springframework.orm.jpa.AbstractEntityManagerFactoryBean.buildNativeEntityManagerFactory(AbstractEntityManagerFactoryBean.java:409)
	at org.springframework.orm.jpa.AbstractEntityManagerFactoryBean.afterPropertiesSet(AbstractEntityManagerFactoryBean.java:396)
	at org.springframework.orm.jpa.LocalContainerEntityManagerFactoryBean.afterPropertiesSet(LocalContainerEntityManagerFactoryBean.java:352)
	at org.springframework.beans.factory.support.AbstractAutowireCapableBeanFactory.invokeInitMethods(AbstractAutowireCapableBeanFactory.java:1817)
	at org.springframework.beans.factory.support.AbstractAutowireCapableBeanFactory.initializeBean(AbstractAutowireCapableBeanFactory.java:1766)
	at org.springframework.beans.factory.support.AbstractAutowireCapableBeanFactory.doCreateBean(AbstractAutowireCapableBeanFactory.java:598)
	at org.springframework.beans.factory.support.AbstractAutowireCapableBeanFactory.createBean(AbstractAutowireCapableBeanFactory.java:520)
	at org.springframework.beans.factory.support.AbstractBeanFactory.lambda$doGetBean$0(AbstractBeanFactory.java:325)
	at org.springframework.beans.factory.support.DefaultSingletonBeanRegistry.getSingleton(DefaultSingletonBeanRegistry.java:234)
	at org.springframework.beans.factory.support.AbstractBeanFactory.doGetBean(AbstractBeanFactory.java:323)
	at org.springframework.beans.factory.support.AbstractBeanFactory.getBean(AbstractBeanFactory.java:199)
	at org.springframework.context.support.AbstractApplicationContext.getBean(AbstractApplicationContext.java:1166)
	at org.springframework.context.support.AbstractApplicationContext.finishBeanFactoryInitialization(AbstractApplicationContext.java:940)
	at org.springframework.context.support.AbstractApplicationContext.refresh(AbstractApplicationContext.java:616)
	at org.springframework.boot.web.servlet.context.ServletWebServerApplicationContext.refresh(ServletWebServerApplicationContext.java:146)
	at org.springframework.boot.SpringApplication.refresh(SpringApplication.java:738)
	at org.springframework.boot.SpringApplication.refreshContext(SpringApplication.java:440)
	at org.springframework.boot.SpringApplication.run(SpringApplication.java:316)
	at org.springframework.boot.SpringApplication.run(SpringApplication.java:1306)
	at org.springframework.boot.SpringApplication.run(SpringApplication.java:1295)
	at config.SpringCrudApplication.main(SpringCrudApplication.java:21)
Caused by: com.microsoft.sqlserver.jdbc.SQLServerException: There is already an object named 'FKmcddpsiemwcivhnevsvagjwk4' in the database.
	at com.microsoft.sqlserver.jdbc.SQLServerException.makeFromDatabaseError(SQLServerException.java:265)
	at com.microsoft.sqlserver.jdbc.SQLServerStatement.getNextResult(SQLServerStatement.java:1676)
	at com.microsoft.sqlserver.jdbc.SQLServerStatement.doExecuteStatement(SQLServerStatement.java:907)
	at com.microsoft.sqlserver.jdbc.SQLServerStatement$StmtExecCmd.doExecute(SQLServerStatement.java:802)
	at com.microsoft.sqlserver.jdbc.TDSCommand.execute(IOBuffer.java:7620)
	at com.microsoft.sqlserver.jdbc.SQLServerConnection.executeCommand(SQLServerConnection.java:3916)
	at com.microsoft.sqlserver.jdbc.SQLServerStatement.executeCommand(SQLServerStatement.java:268)
	at com.microsoft.sqlserver.jdbc.SQLServerStatement.executeStatement(SQLServerStatement.java:242)
	at com.microsoft.sqlserver.jdbc.SQLServerStatement.execute(SQLServerStatement.java:775)
	at com.zaxxer.hikari.pool.ProxyStatement.execute(ProxyStatement.java:94)
	at com.zaxxer.hikari.pool.HikariProxyStatement.execute(HikariProxyStatement.java)
	at org.hibernate.tool.schema.internal.exec.GenerationTargetToDatabase.accept(GenerationTargetToDatabase.java:80)
	... 37 common frames omitted
2026-09-11 02:29:49.132 [main] INFO  o.s.o.j.LocalContainerEntityManagerFactoryBean - Initialized JPA EntityManagerFactory for persistence unit 'default'
2026-09-11 02:29:49.144 [main] WARN  o.s.b.a.o.j.JpaBaseConfiguration$JpaWebConfiguration - spring.jpa.open-in-view is enabled by default. Therefore, database queries may be performed during view rendering. Explicitly configure spring.jpa.open-in-view to disable this warning
2026-09-11 02:29:50.152 [main] INFO  o.s.d.j.r.query.QueryEnhancerFactory - Hibernate is in classpath; If applicable, HQL parser will be used.
2026-09-11 02:29:50.716 [main] INFO  config.commonConfig.WebConfig - Interceptors registered successfully
2026-09-11 02:29:50.747 [main] INFO  config.commonConfig.WebConfig - CORS configuration applied for origins: http://localhost:3000,http://localhost:8080,http://localhost:4200
2026-09-11 02:29:51.668 [main] INFO  o.a.coyote.http11.Http11NioProtocol - Starting ProtocolHandler ["http-nio-8888"]
2026-09-11 02:29:51.706 [main] INFO  o.s.b.w.e.tomcat.TomcatWebServer - Tomcat started on port(s): 8888 (http) with context path ''
2026-09-11 02:29:51.722 [main] INFO  config.SpringCrudApplication - Started SpringCrudApplication in 11.145 seconds (process running for 12.459)
2026-09-11 02:31:21.745 [http-nio-8888-exec-2] INFO  o.a.c.c.C.[Tomcat].[localhost].[/] - Initializing Spring DispatcherServlet 'dispatcherServlet'
2026-09-11 02:31:21.745 [http-nio-8888-exec-2] INFO  o.s.web.servlet.DispatcherServlet - Initializing Servlet 'dispatcherServlet'
2026-09-11 02:31:21.748 [http-nio-8888-exec-2] INFO  o.s.web.servlet.DispatcherServlet - Completed initialization in 2 ms
2026-09-11 02:31:21.862 [http-nio-8888-exec-2] INFO  c.c.i.HttpLoggingInterceptor - === REQUEST START ===
2026-09-11 02:31:21.863 [http-nio-8888-exec-2] INFO  c.c.i.HttpLoggingInterceptor - Method: POST | URI: /api/getCapcha
2026-09-11 02:31:21.864 [http-nio-8888-exec-2] INFO  c.c.i.HttpLoggingInterceptor - Remote Address: 0:0:0:0:0:0:0:1
2026-09-11 02:31:21.864 [http-nio-8888-exec-2] INFO  c.c.i.HttpLoggingInterceptor - === REQUEST END ===
2026-09-11 02:31:22.272 [http-nio-8888-exec-2] INFO  c.c.i.HttpLoggingInterceptor - === RESPONSE START ===
2026-09-11 02:31:22.272 [http-nio-8888-exec-2] INFO  c.c.i.HttpLoggingInterceptor - Status: 200 | Duration: 410ms
2026-09-11 02:31:22.272 [http-nio-8888-exec-2] INFO  c.c.i.HttpLoggingInterceptor - Content-Type: application/json
2026-09-11 02:31:22.272 [http-nio-8888-exec-2] INFO  c.c.i.HttpLoggingInterceptor - === RESPONSE END ===
2026-09-11 02:32:02.134 [http-nio-8888-exec-6] INFO  c.c.i.HttpLoggingInterceptor - === REQUEST START ===
2026-09-11 02:32:02.134 [http-nio-8888-exec-6] INFO  c.c.i.HttpLoggingInterceptor - Method: OPTIONS | URI: /api/authSession
2026-09-11 02:32:02.134 [http-nio-8888-exec-6] INFO  c.c.i.HttpLoggingInterceptor - Remote Address: 0:0:0:0:0:0:0:1
2026-09-11 02:32:02.134 [http-nio-8888-exec-6] INFO  c.c.i.HttpLoggingInterceptor - === REQUEST END ===
2026-09-11 02:32:02.135 [http-nio-8888-exec-6] INFO  c.c.i.HttpLoggingInterceptor - === RESPONSE START ===
2026-09-11 02:32:02.136 [http-nio-8888-exec-6] INFO  c.c.i.HttpLoggingInterceptor - Status: 200 | Duration: 1ms
2026-09-11 02:32:02.136 [http-nio-8888-exec-6] INFO  c.c.i.HttpLoggingInterceptor - Content-Type: null
2026-09-11 02:32:02.136 [http-nio-8888-exec-6] INFO  c.c.i.HttpLoggingInterceptor - === RESPONSE END ===
2026-09-11 02:32:02.150 [http-nio-8888-exec-7] INFO  c.c.i.HttpLoggingInterceptor - === REQUEST START ===
2026-09-11 02:32:02.150 [http-nio-8888-exec-7] INFO  c.c.i.HttpLoggingInterceptor - Method: POST | URI: /api/authSession
2026-09-11 02:32:02.151 [http-nio-8888-exec-7] INFO  c.c.i.HttpLoggingInterceptor - Remote Address: 0:0:0:0:0:0:0:1
2026-09-11 02:32:02.151 [http-nio-8888-exec-7] INFO  c.c.i.HttpLoggingInterceptor - === REQUEST END ===
2026-09-11 02:32:03.095 [http-nio-8888-exec-7] INFO  c.c.i.HttpLoggingInterceptor - === RESPONSE START ===
2026-09-11 02:32:03.095 [http-nio-8888-exec-7] INFO  c.c.i.HttpLoggingInterceptor - Status: 200 | Duration: 945ms
2026-09-11 02:32:03.103 [http-nio-8888-exec-7] INFO  c.c.i.HttpLoggingInterceptor - Content-Type: application/json
2026-09-11 02:32:03.103 [http-nio-8888-exec-7] INFO  c.c.i.HttpLoggingInterceptor - === RESPONSE END ===
2026-09-11 02:32:03.110 [http-nio-8888-exec-9] INFO  c.c.i.HttpLoggingInterceptor - === REQUEST START ===
2026-09-11 02:32:03.110 [http-nio-8888-exec-9] INFO  c.c.i.HttpLoggingInterceptor - Method: OPTIONS | URI: /api/getSession
2026-09-11 02:32:03.110 [http-nio-8888-exec-9] INFO  c.c.i.HttpLoggingInterceptor - Remote Address: 0:0:0:0:0:0:0:1
2026-09-11 02:32:03.110 [http-nio-8888-exec-9] INFO  c.c.i.HttpLoggingInterceptor - === REQUEST END ===
2026-09-11 02:32:03.111 [http-nio-8888-exec-9] INFO  c.c.i.HttpLoggingInterceptor - === RESPONSE START ===
2026-09-11 02:32:03.111 [http-nio-8888-exec-9] INFO  c.c.i.HttpLoggingInterceptor - Status: 200 | Duration: 1ms
2026-09-11 02:32:03.111 [http-nio-8888-exec-9] INFO  c.c.i.HttpLoggingInterceptor - Content-Type: null
2026-09-11 02:32:03.111 [http-nio-8888-exec-9] INFO  c.c.i.HttpLoggingInterceptor - === RESPONSE END ===
2026-09-11 02:32:03.118 [http-nio-8888-exec-10] INFO  c.c.i.HttpLoggingInterceptor - === REQUEST START ===
2026-09-11 02:32:03.118 [http-nio-8888-exec-10] INFO  c.c.i.HttpLoggingInterceptor - Method: POST | URI: /api/getSession
2026-09-11 02:32:03.118 [http-nio-8888-exec-10] INFO  c.c.i.HttpLoggingInterceptor - Remote Address: 0:0:0:0:0:0:0:1
2026-09-11 02:32:03.118 [http-nio-8888-exec-10] INFO  c.c.i.HttpLoggingInterceptor - === REQUEST END ===
2026-09-11 02:32:03.357 [http-nio-8888-exec-10] INFO  c.c.i.HttpLoggingInterceptor - === RESPONSE START ===
2026-09-11 02:32:03.357 [http-nio-8888-exec-10] INFO  c.c.i.HttpLoggingInterceptor - Status: 200 | Duration: 239ms
2026-09-11 02:32:03.357 [http-nio-8888-exec-10] INFO  c.c.i.HttpLoggingInterceptor - Content-Type: application/json
2026-09-11 02:32:03.357 [http-nio-8888-exec-10] INFO  c.c.i.HttpLoggingInterceptor - === RESPONSE END ===
2026-09-11 02:32:03.458 [http-nio-8888-exec-8] INFO  c.c.i.HttpLoggingInterceptor - === REQUEST START ===
2026-09-11 02:32:03.458 [http-nio-8888-exec-8] INFO  c.c.i.HttpLoggingInterceptor - Method: OPTIONS | URI: /api/getNavigationMenu/1
2026-09-11 02:32:03.458 [http-nio-8888-exec-8] INFO  c.c.i.HttpLoggingInterceptor - Remote Address: 0:0:0:0:0:0:0:1
2026-09-11 02:32:03.458 [http-nio-8888-exec-8] INFO  c.c.i.HttpLoggingInterceptor - === REQUEST END ===
2026-09-11 02:32:03.459 [http-nio-8888-exec-8] INFO  c.c.i.HttpLoggingInterceptor - === RESPONSE START ===
2026-09-11 02:32:03.460 [http-nio-8888-exec-8] INFO  c.c.i.HttpLoggingInterceptor - Status: 200 | Duration: 1ms
2026-09-11 02:32:03.460 [http-nio-8888-exec-8] INFO  c.c.i.HttpLoggingInterceptor - Content-Type: null
2026-09-11 02:32:03.460 [http-nio-8888-exec-8] INFO  c.c.i.HttpLoggingInterceptor - === RESPONSE END ===
2026-09-11 02:32:03.565 [http-nio-8888-exec-3] INFO  c.c.i.HttpLoggingInterceptor - === REQUEST START ===
2026-09-11 02:32:03.565 [http-nio-8888-exec-3] INFO  c.c.i.HttpLoggingInterceptor - Method: GET | URI: /api/getNavigationMenu/1
2026-09-11 02:32:03.565 [http-nio-8888-exec-3] INFO  c.c.i.HttpLoggingInterceptor - Remote Address: 0:0:0:0:0:0:0:1
2026-09-11 02:32:03.565 [http-nio-8888-exec-3] INFO  c.c.i.HttpLoggingInterceptor - === REQUEST END ===
2026-09-11 02:32:03.919 [http-nio-8888-exec-3] INFO  c.c.i.HttpLoggingInterceptor - === RESPONSE START ===
2026-09-11 02:32:03.934 [http-nio-8888-exec-3] INFO  c.c.i.HttpLoggingInterceptor - Status: 200 | Duration: 354ms
2026-09-11 02:32:03.934 [http-nio-8888-exec-3] INFO  c.c.i.HttpLoggingInterceptor - Content-Type: application/json
2026-09-11 02:32:03.934 [http-nio-8888-exec-3] INFO  c.c.i.HttpLoggingInterceptor - === RESPONSE END ===
2026-09-11 02:32:11.534 [http-nio-8888-exec-4] INFO  c.c.i.HttpLoggingInterceptor - === REQUEST START ===
2026-09-11 02:32:11.534 [http-nio-8888-exec-4] INFO  c.c.i.HttpLoggingInterceptor - Method: OPTIONS | URI: /api/getAllCustomerList
2026-09-11 02:32:11.534 [http-nio-8888-exec-4] INFO  c.c.i.HttpLoggingInterceptor - Remote Address: 0:0:0:0:0:0:0:1
2026-09-11 02:32:11.534 [http-nio-8888-exec-4] INFO  c.c.i.HttpLoggingInterceptor - === REQUEST END ===
2026-09-11 02:32:11.535 [http-nio-8888-exec-4] INFO  c.c.i.HttpLoggingInterceptor - === RESPONSE START ===
2026-09-11 02:32:11.535 [http-nio-8888-exec-4] INFO  c.c.i.HttpLoggingInterceptor - Status: 200 | Duration: 1ms
2026-09-11 02:32:11.535 [http-nio-8888-exec-4] INFO  c.c.i.HttpLoggingInterceptor - Content-Type: null
2026-09-11 02:32:11.535 [http-nio-8888-exec-4] INFO  c.c.i.HttpLoggingInterceptor - === RESPONSE END ===
2026-09-11 02:32:11.542 [http-nio-8888-exec-1] INFO  c.c.i.HttpLoggingInterceptor - === REQUEST START ===
2026-09-11 02:32:11.542 [http-nio-8888-exec-1] INFO  c.c.i.HttpLoggingInterceptor - Method: POST | URI: /api/getAllCustomerList
2026-09-11 02:32:11.542 [http-nio-8888-exec-1] INFO  c.c.i.HttpLoggingInterceptor - Remote Address: 0:0:0:0:0:0:0:1
2026-09-11 02:32:11.542 [http-nio-8888-exec-1] INFO  c.c.i.HttpLoggingInterceptor - === REQUEST END ===
2026-09-11 02:32:11.571 [http-nio-8888-exec-1] INFO  c.c.i.HttpLoggingInterceptor - === RESPONSE START ===
2026-09-11 02:32:11.571 [http-nio-8888-exec-1] INFO  c.c.i.HttpLoggingInterceptor - Status: 200 | Duration: 29ms
2026-09-11 02:32:11.571 [http-nio-8888-exec-1] INFO  c.c.i.HttpLoggingInterceptor - Content-Type: application/json
2026-09-11 02:32:11.571 [http-nio-8888-exec-1] INFO  c.c.i.HttpLoggingInterceptor - === RESPONSE END ===
2026-09-11 02:32:13.763 [http-nio-8888-exec-5] INFO  c.c.i.HttpLoggingInterceptor - === REQUEST START ===
2026-09-11 02:32:13.763 [http-nio-8888-exec-5] INFO  c.c.i.HttpLoggingInterceptor - Method: OPTIONS | URI: /api/getUploadedFileDetails
2026-09-11 02:32:13.763 [http-nio-8888-exec-5] INFO  c.c.i.HttpLoggingInterceptor - Remote Address: 0:0:0:0:0:0:0:1
2026-09-11 02:32:13.763 [http-nio-8888-exec-5] INFO  c.c.i.HttpLoggingInterceptor - === REQUEST END ===
2026-09-11 02:32:13.766 [http-nio-8888-exec-5] INFO  c.c.i.HttpLoggingInterceptor - === RESPONSE START ===
2026-09-11 02:32:13.766 [http-nio-8888-exec-5] INFO  c.c.i.HttpLoggingInterceptor - Status: 200 | Duration: 3ms
2026-09-11 02:32:13.766 [http-nio-8888-exec-5] INFO  c.c.i.HttpLoggingInterceptor - Content-Type: null
2026-09-11 02:32:13.766 [http-nio-8888-exec-5] INFO  c.c.i.HttpLoggingInterceptor - === RESPONSE END ===
2026-09-11 02:32:13.772 [http-nio-8888-exec-2] INFO  c.c.i.HttpLoggingInterceptor - === REQUEST START ===
2026-09-11 02:32:13.772 [http-nio-8888-exec-2] INFO  c.c.i.HttpLoggingInterceptor - Method: POST | URI: /api/getUploadedFileDetails
2026-09-11 02:32:13.772 [http-nio-8888-exec-2] INFO  c.c.i.HttpLoggingInterceptor - Remote Address: 0:0:0:0:0:0:0:1
2026-09-11 02:32:13.772 [http-nio-8888-exec-2] INFO  c.c.i.HttpLoggingInterceptor - === REQUEST END ===
2026-09-11 02:32:13.783 [http-nio-8888-exec-2] INFO  c.c.i.HttpLoggingInterceptor - === RESPONSE START ===
2026-09-11 02:32:13.783 [http-nio-8888-exec-2] INFO  c.c.i.HttpLoggingInterceptor - Status: 200 | Duration: 11ms
2026-09-11 02:32:13.783 [http-nio-8888-exec-2] INFO  c.c.i.HttpLoggingInterceptor - Content-Type: application/json
2026-09-11 02:32:13.783 [http-nio-8888-exec-2] INFO  c.c.i.HttpLoggingInterceptor - === RESPONSE END ===
2026-09-11 02:32:14.786 [http-nio-8888-exec-6] INFO  c.c.i.HttpLoggingInterceptor - === REQUEST START ===
2026-09-11 02:32:14.786 [http-nio-8888-exec-6] INFO  c.c.i.HttpLoggingInterceptor - Method: OPTIONS | URI: /api/getPaymentList
2026-09-11 02:32:14.786 [http-nio-8888-exec-6] INFO  c.c.i.HttpLoggingInterceptor - Remote Address: 0:0:0:0:0:0:0:1
2026-09-11 02:32:14.787 [http-nio-8888-exec-6] INFO  c.c.i.HttpLoggingInterceptor - === REQUEST END ===
2026-09-11 02:32:14.787 [http-nio-8888-exec-6] INFO  c.c.i.HttpLoggingInterceptor - === RESPONSE START ===
2026-09-11 02:32:14.787 [http-nio-8888-exec-6] INFO  c.c.i.HttpLoggingInterceptor - Status: 200 | Duration: 1ms
2026-09-11 02:32:14.787 [http-nio-8888-exec-6] INFO  c.c.i.HttpLoggingInterceptor - Content-Type: null
2026-09-11 02:32:14.787 [http-nio-8888-exec-6] INFO  c.c.i.HttpLoggingInterceptor - === RESPONSE END ===
2026-09-11 02:32:14.795 [http-nio-8888-exec-7] INFO  c.c.i.HttpLoggingInterceptor - === REQUEST START ===
2026-09-11 02:32:14.795 [http-nio-8888-exec-7] INFO  c.c.i.HttpLoggingInterceptor - Method: POST | URI: /api/getPaymentList
2026-09-11 02:32:14.795 [http-nio-8888-exec-7] INFO  c.c.i.HttpLoggingInterceptor - Remote Address: 0:0:0:0:0:0:0:1
2026-09-11 02:32:14.795 [http-nio-8888-exec-7] INFO  c.c.i.HttpLoggingInterceptor - === REQUEST END ===
2026-09-11 02:32:14.884 [http-nio-8888-exec-7] INFO  c.c.i.HttpLoggingInterceptor - === RESPONSE START ===
2026-09-11 02:32:14.884 [http-nio-8888-exec-7] INFO  c.c.i.HttpLoggingInterceptor - Status: 200 | Duration: 90ms
2026-09-11 02:32:14.884 [http-nio-8888-exec-7] INFO  c.c.i.HttpLoggingInterceptor - Content-Type: application/json
2026-09-11 02:32:14.884 [http-nio-8888-exec-7] INFO  c.c.i.HttpLoggingInterceptor - === RESPONSE END ===
2026-09-11 02:32:21.719 [http-nio-8888-exec-9] INFO  c.c.i.HttpLoggingInterceptor - === REQUEST START ===
2026-09-11 02:32:21.719 [http-nio-8888-exec-9] INFO  c.c.i.HttpLoggingInterceptor - Method: OPTIONS | URI: /api/logout
2026-09-11 02:32:21.719 [http-nio-8888-exec-9] INFO  c.c.i.HttpLoggingInterceptor - Remote Address: 0:0:0:0:0:0:0:1
2026-09-11 02:32:21.719 [http-nio-8888-exec-9] INFO  c.c.i.HttpLoggingInterceptor - === REQUEST END ===
2026-09-11 02:32:21.720 [http-nio-8888-exec-9] INFO  c.c.i.HttpLoggingInterceptor - === RESPONSE START ===
2026-09-11 02:32:21.720 [http-nio-8888-exec-9] INFO  c.c.i.HttpLoggingInterceptor - Status: 200 | Duration: 1ms
2026-09-11 02:32:21.720 [http-nio-8888-exec-9] INFO  c.c.i.HttpLoggingInterceptor - Content-Type: null
2026-09-11 02:32:21.720 [http-nio-8888-exec-9] INFO  c.c.i.HttpLoggingInterceptor - === RESPONSE END ===
2026-09-11 02:32:21.735 [http-nio-8888-exec-10] INFO  c.c.i.HttpLoggingInterceptor - === REQUEST START ===
2026-09-11 02:32:21.735 [http-nio-8888-exec-10] INFO  c.c.i.HttpLoggingInterceptor - Method: POST | URI: /api/getCapcha
2026-09-11 02:32:21.735 [http-nio-8888-exec-10] INFO  c.c.i.HttpLoggingInterceptor - Remote Address: 0:0:0:0:0:0:0:1
2026-09-11 02:32:21.735 [http-nio-8888-exec-10] INFO  c.c.i.HttpLoggingInterceptor - === REQUEST END ===
2026-09-11 02:32:21.738 [http-nio-8888-exec-8] INFO  c.c.i.HttpLoggingInterceptor - === REQUEST START ===
2026-09-11 02:32:21.738 [http-nio-8888-exec-8] INFO  c.c.i.HttpLoggingInterceptor - Method: POST | URI: /api/logout
2026-09-11 02:32:21.738 [http-nio-8888-exec-8] INFO  c.c.i.HttpLoggingInterceptor - Remote Address: 0:0:0:0:0:0:0:1
2026-09-11 02:32:21.739 [http-nio-8888-exec-8] INFO  c.c.i.HttpLoggingInterceptor - === REQUEST END ===
2026-09-11 02:32:21.753 [http-nio-8888-exec-10] INFO  c.c.i.HttpLoggingInterceptor - === RESPONSE START ===
2026-09-11 02:32:21.753 [http-nio-8888-exec-10] INFO  c.c.i.HttpLoggingInterceptor - Status: 200 | Duration: 18ms
2026-09-11 02:32:21.753 [http-nio-8888-exec-10] INFO  c.c.i.HttpLoggingInterceptor - Content-Type: application/json
2026-09-11 02:32:21.753 [http-nio-8888-exec-10] INFO  c.c.i.HttpLoggingInterceptor - === RESPONSE END ===
2026-09-11 02:32:21.799 [http-nio-8888-exec-8] INFO  c.c.i.HttpLoggingInterceptor - === RESPONSE START ===
2026-09-11 02:32:21.799 [http-nio-8888-exec-8] INFO  c.c.i.HttpLoggingInterceptor - Status: 200 | Duration: 61ms
2026-09-11 02:32:21.800 [http-nio-8888-exec-8] INFO  c.c.i.HttpLoggingInterceptor - Content-Type: application/json
2026-09-11 02:32:21.800 [http-nio-8888-exec-8] INFO  c.c.i.HttpLoggingInterceptor - === RESPONSE END ===
2026-09-11 21:41:36.855 [HikariPool-1 housekeeper] WARN  com.zaxxer.hikari.pool.HikariPool - HikariPool-1 - Thread starvation or clock leap detected (housekeeper delta=17h1m21s62ms890µs).
2026-09-11 22:54:27.315 [RMI TCP Connection(207)-127.0.0.1] INFO  o.s.b.a.SpringApplicationAdminMXBeanRegistrar$SpringApplicationAdmin - Application shutdown requested.
2026-09-11 22:54:27.406 [RMI TCP Connection(207)-127.0.0.1] INFO  o.a.coyote.http11.Http11NioProtocol - Pausing ProtocolHandler ["http-nio-8888"]
2026-09-11 22:54:27.407 [RMI TCP Connection(207)-127.0.0.1] INFO  o.a.catalina.core.StandardService - Stopping service [Tomcat]
2026-09-11 22:54:27.415 [RMI TCP Connection(207)-127.0.0.1] INFO  o.a.c.c.C.[Tomcat].[localhost].[/] - Destroying Spring FrameworkServlet 'dispatcherServlet'
2026-09-11 22:54:27.441 [RMI TCP Connection(207)-127.0.0.1] INFO  o.a.coyote.http11.Http11NioProtocol - Stopping ProtocolHandler ["http-nio-8888"]
2026-09-11 22:54:27.465 [RMI TCP Connection(207)-127.0.0.1] INFO  o.s.o.j.LocalContainerEntityManagerFactoryBean - Closing JPA EntityManagerFactory for persistence unit 'default'
2026-09-11 22:54:27.489 [RMI TCP Connection(207)-127.0.0.1] INFO  com.zaxxer.hikari.HikariDataSource - HikariPool-1 - Shutdown initiated...
2026-09-11 22:54:27.493 [RMI TCP Connection(207)-127.0.0.1] INFO  com.zaxxer.hikari.HikariDataSource - HikariPool-1 - Shutdown completed.
2026-09-11 22:54:47.697 [main] INFO  config.SpringCrudApplication - Starting SpringCrudApplication using Java 17.0.5 with PID 18664 (B:\projects\SpringBoot\LearnSpringBoot-main\target\classes started by murug in B:\projects\SpringBoot\LearnSpringBoot-main)
2026-09-11 22:54:47.700 [main] DEBUG config.SpringCrudApplication - Running with Spring Boot v3.1.5, Spring v6.0.13
2026-09-11 22:54:47.703 [main] INFO  config.SpringCrudApplication - The following 1 profile is active: "dev"
2026-09-11 22:54:49.272 [main] INFO  o.s.d.r.c.RepositoryConfigurationDelegate - Bootstrapping Spring Data JPA repositories in DEFAULT mode.
2026-09-11 22:54:49.674 [main] INFO  o.s.d.r.c.RepositoryConfigurationDelegate - Finished Spring Data repository scanning in 379 ms. Found 7 JPA repository interfaces.
2026-09-11 22:54:50.539 [main] INFO  o.s.b.w.e.tomcat.TomcatWebServer - Tomcat initialized with port(s): 8888 (http)
2026-09-11 22:54:50.550 [main] INFO  o.a.coyote.http11.Http11NioProtocol - Initializing ProtocolHandler ["http-nio-8888"]
2026-09-11 22:54:50.554 [main] INFO  o.a.catalina.core.StandardService - Starting service [Tomcat]
2026-09-11 22:54:50.554 [main] INFO  o.a.catalina.core.StandardEngine - Starting Servlet engine: [Apache Tomcat/10.1.15]
2026-09-11 22:54:50.704 [main] INFO  o.a.c.c.C.[Tomcat].[localhost].[/] - Initializing Spring embedded WebApplicationContext
2026-09-11 22:54:50.704 [main] INFO  o.s.b.w.s.c.ServletWebServerApplicationContext - Root WebApplicationContext: initialization completed in 2892 ms
2026-09-11 22:54:51.507 [main] INFO  o.s.o.j.p.SpringPersistenceUnitInfo - No LoadTimeWeaver setup: ignoring JPA class transformer
2026-09-11 22:54:51.575 [main] INFO  com.zaxxer.hikari.HikariDataSource - HikariPool-1 - Starting...
2026-09-11 22:54:51.976 [main] INFO  com.zaxxer.hikari.pool.HikariPool - HikariPool-1 - Added connection ConnectionID:1 ClientConnectionId: 230789d8-eb6d-4d75-8073-1b13c62699f9
2026-09-11 22:54:51.978 [main] INFO  com.zaxxer.hikari.HikariDataSource - HikariPool-1 - Start completed.
2026-09-11 22:54:52.015 [main] WARN  org.hibernate.orm.deprecation - HHH90000025: SQLServerDialect does not need to be specified explicitly using 'hibernate.dialect' (remove the property setting and it will be selected by default)
2026-09-11 22:54:54.607 [main] WARN  o.h.t.s.i.ExceptionHandlerLoggedImpl - GenerationTarget encountered exception accepting command : Error executing DDL "
    create table ClientDocuments (
        fileId bigint identity not null,
        fileName varchar(255),
        filePath varchar(255),
        fileSize varchar(255),
        fileType varchar(255),
        uploadedBy varchar(255),
        uploadedDate date,
        userAccountId bigint not null,
        primary key (fileId)
    )" via JDBC [There is already an object named 'ClientDocuments' in the database.]
org.hibernate.tool.schema.spi.CommandAcceptanceException: Error executing DDL "
    create table ClientDocuments (
        fileId bigint identity not null,
        fileName varchar(255),
        filePath varchar(255),
        fileSize varchar(255),
        fileType varchar(255),
        uploadedBy varchar(255),
        uploadedDate date,
        userAccountId bigint not null,
        primary key (fileId)
    )" via JDBC [There is already an object named 'ClientDocuments' in the database.]
	at org.hibernate.tool.schema.internal.exec.GenerationTargetToDatabase.accept(GenerationTargetToDatabase.java:94)
	at org.hibernate.tool.schema.internal.AbstractSchemaMigrator.applySqlString(AbstractSchemaMigrator.java:574)
	at org.hibernate.tool.schema.internal.AbstractSchemaMigrator.applySqlStrings(AbstractSchemaMigrator.java:514)
	at org.hibernate.tool.schema.internal.AbstractSchemaMigrator.createTable(AbstractSchemaMigrator.java:315)
	at org.hibernate.tool.schema.internal.GroupedSchemaMigratorImpl.performTablesMigration(GroupedSchemaMigratorImpl.java:80)
	at org.hibernate.tool.schema.internal.AbstractSchemaMigrator.performMigration(AbstractSchemaMigrator.java:232)
	at org.hibernate.tool.schema.internal.AbstractSchemaMigrator.doMigration(AbstractSchemaMigrator.java:117)
	at org.hibernate.tool.schema.spi.SchemaManagementToolCoordinator.performDatabaseAction(SchemaManagementToolCoordinator.java:284)
	at org.hibernate.tool.schema.spi.SchemaManagementToolCoordinator.lambda$process$5(SchemaManagementToolCoordinator.java:143)
	at java.base/java.util.HashMap.forEach(HashMap.java:1421)
	at org.hibernate.tool.schema.spi.SchemaManagementToolCoordinator.process(SchemaManagementToolCoordinator.java:140)
	at org.hibernate.boot.internal.SessionFactoryObserverForSchemaExport.sessionFactoryCreated(SessionFactoryObserverForSchemaExport.java:37)
	at org.hibernate.internal.SessionFactoryObserverChain.sessionFactoryCreated(SessionFactoryObserverChain.java:35)
	at org.hibernate.internal.SessionFactoryImpl.<init>(SessionFactoryImpl.java:293)
	at org.hibernate.boot.internal.SessionFactoryBuilderImpl.build(SessionFactoryBuilderImpl.java:444)
	at org.hibernate.jpa.boot.internal.EntityManagerFactoryBuilderImpl.build(EntityManagerFactoryBuilderImpl.java:1458)
	at org.springframework.orm.jpa.vendor.SpringHibernateJpaPersistenceProvider.createContainerEntityManagerFactory(SpringHibernateJpaPersistenceProvider.java:75)
	at org.springframework.orm.jpa.LocalContainerEntityManagerFactoryBean.createNativeEntityManagerFactory(LocalContainerEntityManagerFactoryBean.java:376)
	at org.springframework.orm.jpa.AbstractEntityManagerFactoryBean.buildNativeEntityManagerFactory(AbstractEntityManagerFactoryBean.java:409)
	at org.springframework.orm.jpa.AbstractEntityManagerFactoryBean.afterPropertiesSet(AbstractEntityManagerFactoryBean.java:396)
	at org.springframework.orm.jpa.LocalContainerEntityManagerFactoryBean.afterPropertiesSet(LocalContainerEntityManagerFactoryBean.java:352)
	at org.springframework.beans.factory.support.AbstractAutowireCapableBeanFactory.invokeInitMethods(AbstractAutowireCapableBeanFactory.java:1817)
	at org.springframework.beans.factory.support.AbstractAutowireCapableBeanFactory.initializeBean(AbstractAutowireCapableBeanFactory.java:1766)
	at org.springframework.beans.factory.support.AbstractAutowireCapableBeanFactory.doCreateBean(AbstractAutowireCapableBeanFactory.java:598)
	at org.springframework.beans.factory.support.AbstractAutowireCapableBeanFactory.createBean(AbstractAutowireCapableBeanFactory.java:520)
	at org.springframework.beans.factory.support.AbstractBeanFactory.lambda$doGetBean$0(AbstractBeanFactory.java:325)
	at org.springframework.beans.factory.support.DefaultSingletonBeanRegistry.getSingleton(DefaultSingletonBeanRegistry.java:234)
	at org.springframework.beans.factory.support.AbstractBeanFactory.doGetBean(AbstractBeanFactory.java:323)
	at org.springframework.beans.factory.support.AbstractBeanFactory.getBean(AbstractBeanFactory.java:199)
	at org.springframework.context.support.AbstractApplicationContext.getBean(AbstractApplicationContext.java:1166)
	at org.springframework.context.support.AbstractApplicationContext.finishBeanFactoryInitialization(AbstractApplicationContext.java:940)
	at org.springframework.context.support.AbstractApplicationContext.refresh(AbstractApplicationContext.java:616)
	at org.springframework.boot.web.servlet.context.ServletWebServerApplicationContext.refresh(ServletWebServerApplicationContext.java:146)
	at org.springframework.boot.SpringApplication.refresh(SpringApplication.java:738)
	at org.springframework.boot.SpringApplication.refreshContext(SpringApplication.java:440)
	at org.springframework.boot.SpringApplication.run(SpringApplication.java:316)
	at org.springframework.boot.SpringApplication.run(SpringApplication.java:1306)
	at org.springframework.boot.SpringApplication.run(SpringApplication.java:1295)
	at config.SpringCrudApplication.main(SpringCrudApplication.java:21)
Caused by: com.microsoft.sqlserver.jdbc.SQLServerException: There is already an object named 'ClientDocuments' in the database.
	at com.microsoft.sqlserver.jdbc.SQLServerException.makeFromDatabaseError(SQLServerException.java:265)
	at com.microsoft.sqlserver.jdbc.SQLServerStatement.getNextResult(SQLServerStatement.java:1676)
	at com.microsoft.sqlserver.jdbc.SQLServerStatement.doExecuteStatement(SQLServerStatement.java:907)
	at com.microsoft.sqlserver.jdbc.SQLServerStatement$StmtExecCmd.doExecute(SQLServerStatement.java:802)
	at com.microsoft.sqlserver.jdbc.TDSCommand.execute(IOBuffer.java:7620)
	at com.microsoft.sqlserver.jdbc.SQLServerConnection.executeCommand(SQLServerConnection.java:3916)
	at com.microsoft.sqlserver.jdbc.SQLServerStatement.executeCommand(SQLServerStatement.java:268)
	at com.microsoft.sqlserver.jdbc.SQLServerStatement.executeStatement(SQLServerStatement.java:242)
	at com.microsoft.sqlserver.jdbc.SQLServerStatement.execute(SQLServerStatement.java:775)
	at com.zaxxer.hikari.pool.ProxyStatement.execute(ProxyStatement.java:94)
	at com.zaxxer.hikari.pool.HikariProxyStatement.execute(HikariProxyStatement.java)
	at org.hibernate.tool.schema.internal.exec.GenerationTargetToDatabase.accept(GenerationTargetToDatabase.java:80)
	... 38 common frames omitted
2026-09-11 22:54:54.611 [main] WARN  o.h.t.s.i.ExceptionHandlerLoggedImpl - GenerationTarget encountered exception accepting command : Error executing DDL "
    create table CustomerList (
        customerId bigint identity not null,
        endDate date,
        firstName varchar(255),
        gender varchar(255),
        lastName varchar(255),
        loanAmount bigint,
        loanType varchar(255),
        mobileNumber bigint,
        startDate date,
        totalPaid bigint,
        totalPayable bigint,
        userAccountId bigint,
        primary key (customerId)
    )" via JDBC [There is already an object named 'CustomerList' in the database.]
org.hibernate.tool.schema.spi.CommandAcceptanceException: Error executing DDL "
    create table CustomerList (
        customerId bigint identity not null,
        endDate date,
        firstName varchar(255),
        gender varchar(255),
        lastName varchar(255),
        loanAmount bigint,
        loanType varchar(255),
        mobileNumber bigint,
        startDate date,
        totalPaid bigint,
        totalPayable bigint,
        userAccountId bigint,
        primary key (customerId)
    )" via JDBC [There is already an object named 'CustomerList' in the database.]
	at org.hibernate.tool.schema.internal.exec.GenerationTargetToDatabase.accept(GenerationTargetToDatabase.java:94)
	at org.hibernate.tool.schema.internal.AbstractSchemaMigrator.applySqlString(AbstractSchemaMigrator.java:574)
	at org.hibernate.tool.schema.internal.AbstractSchemaMigrator.applySqlStrings(AbstractSchemaMigrator.java:514)
	at org.hibernate.tool.schema.internal.AbstractSchemaMigrator.createTable(AbstractSchemaMigrator.java:315)
	at org.hibernate.tool.schema.internal.GroupedSchemaMigratorImpl.performTablesMigration(GroupedSchemaMigratorImpl.java:80)
	at org.hibernate.tool.schema.internal.AbstractSchemaMigrator.performMigration(AbstractSchemaMigrator.java:232)
	at org.hibernate.tool.schema.internal.AbstractSchemaMigrator.doMigration(AbstractSchemaMigrator.java:117)
	at org.hibernate.tool.schema.spi.SchemaManagementToolCoordinator.performDatabaseAction(SchemaManagementToolCoordinator.java:284)
	at org.hibernate.tool.schema.spi.SchemaManagementToolCoordinator.lambda$process$5(SchemaManagementToolCoordinator.java:143)
	at java.base/java.util.HashMap.forEach(HashMap.java:1421)
	at org.hibernate.tool.schema.spi.SchemaManagementToolCoordinator.process(SchemaManagementToolCoordinator.java:140)
	at org.hibernate.boot.internal.SessionFactoryObserverForSchemaExport.sessionFactoryCreated(SessionFactoryObserverForSchemaExport.java:37)
	at org.hibernate.internal.SessionFactoryObserverChain.sessionFactoryCreated(SessionFactoryObserverChain.java:35)
	at org.hibernate.internal.SessionFactoryImpl.<init>(SessionFactoryImpl.java:293)
	at org.hibernate.boot.internal.SessionFactoryBuilderImpl.build(SessionFactoryBuilderImpl.java:444)
	at org.hibernate.jpa.boot.internal.EntityManagerFactoryBuilderImpl.build(EntityManagerFactoryBuilderImpl.java:1458)
	at org.springframework.orm.jpa.vendor.SpringHibernateJpaPersistenceProvider.createContainerEntityManagerFactory(SpringHibernateJpaPersistenceProvider.java:75)
	at org.springframework.orm.jpa.LocalContainerEntityManagerFactoryBean.createNativeEntityManagerFactory(LocalContainerEntityManagerFactoryBean.java:376)
	at org.springframework.orm.jpa.AbstractEntityManagerFactoryBean.buildNativeEntityManagerFactory(AbstractEntityManagerFactoryBean.java:409)
	at org.springframework.orm.jpa.AbstractEntityManagerFactoryBean.afterPropertiesSet(AbstractEntityManagerFactoryBean.java:396)
	at org.springframework.orm.jpa.LocalContainerEntityManagerFactoryBean.afterPropertiesSet(LocalContainerEntityManagerFactoryBean.java:352)
	at org.springframework.beans.factory.support.AbstractAutowireCapableBeanFactory.invokeInitMethods(AbstractAutowireCapableBeanFactory.java:1817)
	at org.springframework.beans.factory.support.AbstractAutowireCapableBeanFactory.initializeBean(AbstractAutowireCapableBeanFactory.java:1766)
	at org.springframework.beans.factory.support.AbstractAutowireCapableBeanFactory.doCreateBean(AbstractAutowireCapableBeanFactory.java:598)
	at org.springframework.beans.factory.support.AbstractAutowireCapableBeanFactory.createBean(AbstractAutowireCapableBeanFactory.java:520)
	at org.springframework.beans.factory.support.AbstractBeanFactory.lambda$doGetBean$0(AbstractBeanFactory.java:325)
	at org.springframework.beans.factory.support.DefaultSingletonBeanRegistry.getSingleton(DefaultSingletonBeanRegistry.java:234)
	at org.springframework.beans.factory.support.AbstractBeanFactory.doGetBean(AbstractBeanFactory.java:323)
	at org.springframework.beans.factory.support.AbstractBeanFactory.getBean(AbstractBeanFactory.java:199)
	at org.springframework.context.support.AbstractApplicationContext.getBean(AbstractApplicationContext.java:1166)
	at org.springframework.context.support.AbstractApplicationContext.finishBeanFactoryInitialization(AbstractApplicationContext.java:940)
	at org.springframework.context.support.AbstractApplicationContext.refresh(AbstractApplicationContext.java:616)
	at org.springframework.boot.web.servlet.context.ServletWebServerApplicationContext.refresh(ServletWebServerApplicationContext.java:146)
	at org.springframework.boot.SpringApplication.refresh(SpringApplication.java:738)
	at org.springframework.boot.SpringApplication.refreshContext(SpringApplication.java:440)
	at org.springframework.boot.SpringApplication.run(SpringApplication.java:316)
	at org.springframework.boot.SpringApplication.run(SpringApplication.java:1306)
	at org.springframework.boot.SpringApplication.run(SpringApplication.java:1295)
	at config.SpringCrudApplication.main(SpringCrudApplication.java:21)
Caused by: com.microsoft.sqlserver.jdbc.SQLServerException: There is already an object named 'CustomerList' in the database.
	at com.microsoft.sqlserver.jdbc.SQLServerException.makeFromDatabaseError(SQLServerException.java:265)
	at com.microsoft.sqlserver.jdbc.SQLServerStatement.getNextResult(SQLServerStatement.java:1676)
	at com.microsoft.sqlserver.jdbc.SQLServerStatement.doExecuteStatement(SQLServerStatement.java:907)
	at com.microsoft.sqlserver.jdbc.SQLServerStatement$StmtExecCmd.doExecute(SQLServerStatement.java:802)
	at com.microsoft.sqlserver.jdbc.TDSCommand.execute(IOBuffer.java:7620)
	at com.microsoft.sqlserver.jdbc.SQLServerConnection.executeCommand(SQLServerConnection.java:3916)
	at com.microsoft.sqlserver.jdbc.SQLServerStatement.executeCommand(SQLServerStatement.java:268)
	at com.microsoft.sqlserver.jdbc.SQLServerStatement.executeStatement(SQLServerStatement.java:242)
	at com.microsoft.sqlserver.jdbc.SQLServerStatement.execute(SQLServerStatement.java:775)
	at com.zaxxer.hikari.pool.ProxyStatement.execute(ProxyStatement.java:94)
	at com.zaxxer.hikari.pool.HikariProxyStatement.execute(HikariProxyStatement.java)
	at org.hibernate.tool.schema.internal.exec.GenerationTargetToDatabase.accept(GenerationTargetToDatabase.java:80)
	... 38 common frames omitted
2026-09-11 22:54:54.613 [main] WARN  o.h.t.s.i.ExceptionHandlerLoggedImpl - GenerationTarget encountered exception accepting command : Error executing DDL "
    create table NavigationMenu (
        menuId bigint identity not null,
        menuName varchar(255),
        primary key (menuId)
    )" via JDBC [There is already an object named 'NavigationMenu' in the database.]
org.hibernate.tool.schema.spi.CommandAcceptanceException: Error executing DDL "
    create table NavigationMenu (
        menuId bigint identity not null,
        menuName varchar(255),
        primary key (menuId)
    )" via JDBC [There is already an object named 'NavigationMenu' in the database.]
	at org.hibernate.tool.schema.internal.exec.GenerationTargetToDatabase.accept(GenerationTargetToDatabase.java:94)
	at org.hibernate.tool.schema.internal.AbstractSchemaMigrator.applySqlString(AbstractSchemaMigrator.java:574)
	at org.hibernate.tool.schema.internal.AbstractSchemaMigrator.applySqlStrings(AbstractSchemaMigrator.java:514)
	at org.hibernate.tool.schema.internal.AbstractSchemaMigrator.createTable(AbstractSchemaMigrator.java:315)
	at org.hibernate.tool.schema.internal.GroupedSchemaMigratorImpl.performTablesMigration(GroupedSchemaMigratorImpl.java:80)
	at org.hibernate.tool.schema.internal.AbstractSchemaMigrator.performMigration(AbstractSchemaMigrator.java:232)
	at org.hibernate.tool.schema.internal.AbstractSchemaMigrator.doMigration(AbstractSchemaMigrator.java:117)
	at org.hibernate.tool.schema.spi.SchemaManagementToolCoordinator.performDatabaseAction(SchemaManagementToolCoordinator.java:284)
	at org.hibernate.tool.schema.spi.SchemaManagementToolCoordinator.lambda$process$5(SchemaManagementToolCoordinator.java:143)
	at java.base/java.util.HashMap.forEach(HashMap.java:1421)
	at org.hibernate.tool.schema.spi.SchemaManagementToolCoordinator.process(SchemaManagementToolCoordinator.java:140)
	at org.hibernate.boot.internal.SessionFactoryObserverForSchemaExport.sessionFactoryCreated(SessionFactoryObserverForSchemaExport.java:37)
	at org.hibernate.internal.SessionFactoryObserverChain.sessionFactoryCreated(SessionFactoryObserverChain.java:35)
	at org.hibernate.internal.SessionFactoryImpl.<init>(SessionFactoryImpl.java:293)
	at org.hibernate.boot.internal.SessionFactoryBuilderImpl.build(SessionFactoryBuilderImpl.java:444)
	at org.hibernate.jpa.boot.internal.EntityManagerFactoryBuilderImpl.build(EntityManagerFactoryBuilderImpl.java:1458)
	at org.springframework.orm.jpa.vendor.SpringHibernateJpaPersistenceProvider.createContainerEntityManagerFactory(SpringHibernateJpaPersistenceProvider.java:75)
	at org.springframework.orm.jpa.LocalContainerEntityManagerFactoryBean.createNativeEntityManagerFactory(LocalContainerEntityManagerFactoryBean.java:376)
	at org.springframework.orm.jpa.AbstractEntityManagerFactoryBean.buildNativeEntityManagerFactory(AbstractEntityManagerFactoryBean.java:409)
	at org.springframework.orm.jpa.AbstractEntityManagerFactoryBean.afterPropertiesSet(AbstractEntityManagerFactoryBean.java:396)
	at org.springframework.orm.jpa.LocalContainerEntityManagerFactoryBean.afterPropertiesSet(LocalContainerEntityManagerFactoryBean.java:352)
	at org.springframework.beans.factory.support.AbstractAutowireCapableBeanFactory.invokeInitMethods(AbstractAutowireCapableBeanFactory.java:1817)
	at org.springframework.beans.factory.support.AbstractAutowireCapableBeanFactory.initializeBean(AbstractAutowireCapableBeanFactory.java:1766)
	at org.springframework.beans.factory.support.AbstractAutowireCapableBeanFactory.doCreateBean(AbstractAutowireCapableBeanFactory.java:598)
	at org.springframework.beans.factory.support.AbstractAutowireCapableBeanFactory.createBean(AbstractAutowireCapableBeanFactory.java:520)
	at org.springframework.beans.factory.support.AbstractBeanFactory.lambda$doGetBean$0(AbstractBeanFactory.java:325)
	at org.springframework.beans.factory.support.DefaultSingletonBeanRegistry.getSingleton(DefaultSingletonBeanRegistry.java:234)
	at org.springframework.beans.factory.support.AbstractBeanFactory.doGetBean(AbstractBeanFactory.java:323)
	at org.springframework.beans.factory.support.AbstractBeanFactory.getBean(AbstractBeanFactory.java:199)
	at org.springframework.context.support.AbstractApplicationContext.getBean(AbstractApplicationContext.java:1166)
	at org.springframework.context.support.AbstractApplicationContext.finishBeanFactoryInitialization(AbstractApplicationContext.java:940)
	at org.springframework.context.support.AbstractApplicationContext.refresh(AbstractApplicationContext.java:616)
	at org.springframework.boot.web.servlet.context.ServletWebServerApplicationContext.refresh(ServletWebServerApplicationContext.java:146)
	at org.springframework.boot.SpringApplication.refresh(SpringApplication.java:738)
	at org.springframework.boot.SpringApplication.refreshContext(SpringApplication.java:440)
	at org.springframework.boot.SpringApplication.run(SpringApplication.java:316)
	at org.springframework.boot.SpringApplication.run(SpringApplication.java:1306)
	at org.springframework.boot.SpringApplication.run(SpringApplication.java:1295)
	at config.SpringCrudApplication.main(SpringCrudApplication.java:21)
Caused by: com.microsoft.sqlserver.jdbc.SQLServerException: There is already an object named 'NavigationMenu' in the database.
	at com.microsoft.sqlserver.jdbc.SQLServerException.makeFromDatabaseError(SQLServerException.java:265)
	at com.microsoft.sqlserver.jdbc.SQLServerStatement.getNextResult(SQLServerStatement.java:1676)
	at com.microsoft.sqlserver.jdbc.SQLServerStatement.doExecuteStatement(SQLServerStatement.java:907)
	at com.microsoft.sqlserver.jdbc.SQLServerStatement$StmtExecCmd.doExecute(SQLServerStatement.java:802)
	at com.microsoft.sqlserver.jdbc.TDSCommand.execute(IOBuffer.java:7620)
	at com.microsoft.sqlserver.jdbc.SQLServerConnection.executeCommand(SQLServerConnection.java:3916)
	at com.microsoft.sqlserver.jdbc.SQLServerStatement.executeCommand(SQLServerStatement.java:268)
	at com.microsoft.sqlserver.jdbc.SQLServerStatement.executeStatement(SQLServerStatement.java:242)
	at com.microsoft.sqlserver.jdbc.SQLServerStatement.execute(SQLServerStatement.java:775)
	at com.zaxxer.hikari.pool.ProxyStatement.execute(ProxyStatement.java:94)
	at com.zaxxer.hikari.pool.HikariProxyStatement.execute(HikariProxyStatement.java)
	at org.hibernate.tool.schema.internal.exec.GenerationTargetToDatabase.accept(GenerationTargetToDatabase.java:80)
	... 38 common frames omitted
2026-09-11 22:54:54.617 [main] WARN  o.h.t.s.i.ExceptionHandlerLoggedImpl - GenerationTarget encountered exception accepting command : Error executing DDL "
    create table Payments (
        paymentId bigint identity not null,
        amount bigint,
        customerId bigint,
        date date,
        loanType varchar(255),
        paymentMode varchar(255),
        paymentStatus bit,
        primary key (paymentId)
    )" via JDBC [There is already an object named 'Payments' in the database.]
org.hibernate.tool.schema.spi.CommandAcceptanceException: Error executing DDL "
    create table Payments (
        paymentId bigint identity not null,
        amount bigint,
        customerId bigint,
        date date,
        loanType varchar(255),
        paymentMode varchar(255),
        paymentStatus bit,
        primary key (paymentId)
    )" via JDBC [There is already an object named 'Payments' in the database.]
	at org.hibernate.tool.schema.internal.exec.GenerationTargetToDatabase.accept(GenerationTargetToDatabase.java:94)
	at org.hibernate.tool.schema.internal.AbstractSchemaMigrator.applySqlString(AbstractSchemaMigrator.java:574)
	at org.hibernate.tool.schema.internal.AbstractSchemaMigrator.applySqlStrings(AbstractSchemaMigrator.java:514)
	at org.hibernate.tool.schema.internal.AbstractSchemaMigrator.createTable(AbstractSchemaMigrator.java:315)
	at org.hibernate.tool.schema.internal.GroupedSchemaMigratorImpl.performTablesMigration(GroupedSchemaMigratorImpl.java:80)
	at org.hibernate.tool.schema.internal.AbstractSchemaMigrator.performMigration(AbstractSchemaMigrator.java:232)
	at org.hibernate.tool.schema.internal.AbstractSchemaMigrator.doMigration(AbstractSchemaMigrator.java:117)
	at org.hibernate.tool.schema.spi.SchemaManagementToolCoordinator.performDatabaseAction(SchemaManagementToolCoordinator.java:284)
	at org.hibernate.tool.schema.spi.SchemaManagementToolCoordinator.lambda$process$5(SchemaManagementToolCoordinator.java:143)
	at java.base/java.util.HashMap.forEach(HashMap.java:1421)
	at org.hibernate.tool.schema.spi.SchemaManagementToolCoordinator.process(SchemaManagementToolCoordinator.java:140)
	at org.hibernate.boot.internal.SessionFactoryObserverForSchemaExport.sessionFactoryCreated(SessionFactoryObserverForSchemaExport.java:37)
	at org.hibernate.internal.SessionFactoryObserverChain.sessionFactoryCreated(SessionFactoryObserverChain.java:35)
	at org.hibernate.internal.SessionFactoryImpl.<init>(SessionFactoryImpl.java:293)
	at org.hibernate.boot.internal.SessionFactoryBuilderImpl.build(SessionFactoryBuilderImpl.java:444)
	at org.hibernate.jpa.boot.internal.EntityManagerFactoryBuilderImpl.build(EntityManagerFactoryBuilderImpl.java:1458)
	at org.springframework.orm.jpa.vendor.SpringHibernateJpaPersistenceProvider.createContainerEntityManagerFactory(SpringHibernateJpaPersistenceProvider.java:75)
	at org.springframework.orm.jpa.LocalContainerEntityManagerFactoryBean.createNativeEntityManagerFactory(LocalContainerEntityManagerFactoryBean.java:376)
	at org.springframework.orm.jpa.AbstractEntityManagerFactoryBean.buildNativeEntityManagerFactory(AbstractEntityManagerFactoryBean.java:409)
	at org.springframework.orm.jpa.AbstractEntityManagerFactoryBean.afterPropertiesSet(AbstractEntityManagerFactoryBean.java:396)
	at org.springframework.orm.jpa.LocalContainerEntityManagerFactoryBean.afterPropertiesSet(LocalContainerEntityManagerFactoryBean.java:352)
	at org.springframework.beans.factory.support.AbstractAutowireCapableBeanFactory.invokeInitMethods(AbstractAutowireCapableBeanFactory.java:1817)
	at org.springframework.beans.factory.support.AbstractAutowireCapableBeanFactory.initializeBean(AbstractAutowireCapableBeanFactory.java:1766)
	at org.springframework.beans.factory.support.AbstractAutowireCapableBeanFactory.doCreateBean(AbstractAutowireCapableBeanFactory.java:598)
	at org.springframework.beans.factory.support.AbstractAutowireCapableBeanFactory.createBean(AbstractAutowireCapableBeanFactory.java:520)
	at org.springframework.beans.factory.support.AbstractBeanFactory.lambda$doGetBean$0(AbstractBeanFactory.java:325)
	at org.springframework.beans.factory.support.DefaultSingletonBeanRegistry.getSingleton(DefaultSingletonBeanRegistry.java:234)
	at org.springframework.beans.factory.support.AbstractBeanFactory.doGetBean(AbstractBeanFactory.java:323)
	at org.springframework.beans.factory.support.AbstractBeanFactory.getBean(AbstractBeanFactory.java:199)
	at org.springframework.context.support.AbstractApplicationContext.getBean(AbstractApplicationContext.java:1166)
	at org.springframework.context.support.AbstractApplicationContext.finishBeanFactoryInitialization(AbstractApplicationContext.java:940)
	at org.springframework.context.support.AbstractApplicationContext.refresh(AbstractApplicationContext.java:616)
	at org.springframework.boot.web.servlet.context.ServletWebServerApplicationContext.refresh(ServletWebServerApplicationContext.java:146)
	at org.springframework.boot.SpringApplication.refresh(SpringApplication.java:738)
	at org.springframework.boot.SpringApplication.refreshContext(SpringApplication.java:440)
	at org.springframework.boot.SpringApplication.run(SpringApplication.java:316)
	at org.springframework.boot.SpringApplication.run(SpringApplication.java:1306)
	at org.springframework.boot.SpringApplication.run(SpringApplication.java:1295)
	at config.SpringCrudApplication.main(SpringCrudApplication.java:21)
Caused by: com.microsoft.sqlserver.jdbc.SQLServerException: There is already an object named 'Payments' in the database.
	at com.microsoft.sqlserver.jdbc.SQLServerException.makeFromDatabaseError(SQLServerException.java:265)
	at com.microsoft.sqlserver.jdbc.SQLServerStatement.getNextResult(SQLServerStatement.java:1676)
	at com.microsoft.sqlserver.jdbc.SQLServerStatement.doExecuteStatement(SQLServerStatement.java:907)
	at com.microsoft.sqlserver.jdbc.SQLServerStatement$StmtExecCmd.doExecute(SQLServerStatement.java:802)
	at com.microsoft.sqlserver.jdbc.TDSCommand.execute(IOBuffer.java:7620)
	at com.microsoft.sqlserver.jdbc.SQLServerConnection.executeCommand(SQLServerConnection.java:3916)
	at com.microsoft.sqlserver.jdbc.SQLServerStatement.executeCommand(SQLServerStatement.java:268)
	at com.microsoft.sqlserver.jdbc.SQLServerStatement.executeStatement(SQLServerStatement.java:242)
	at com.microsoft.sqlserver.jdbc.SQLServerStatement.execute(SQLServerStatement.java:775)
	at com.zaxxer.hikari.pool.ProxyStatement.execute(ProxyStatement.java:94)
	at com.zaxxer.hikari.pool.HikariProxyStatement.execute(HikariProxyStatement.java)
	at org.hibernate.tool.schema.internal.exec.GenerationTargetToDatabase.accept(GenerationTargetToDatabase.java:80)
	... 38 common frames omitted
2026-09-11 22:54:54.621 [main] WARN  o.h.t.s.i.ExceptionHandlerLoggedImpl - GenerationTarget encountered exception accepting command : Error executing DDL "
    create table UserAccount (
        userAccountId bigint identity not null,
        address varchar(255),
        adharImagePath varchar(255),
        adharNumber bigint,
        altMobileNumber bigint,
        annualIncome bigint,
        city varchar(255),
        currentLoginDate date,
        dob date,
        email varchar(255),
        fathersName varchar(255),
        firstName varchar(255),
        gender varchar(255),
        isActive bit not null,
        lastLoginDate date,
        lastName varchar(255),
        loginAttempt int,
        marriedStatus varchar(255),
        mobileNumber bigint,
        occupation varchar(255),
        panImagePath varchar(255),
        panNumber varchar(255),
        password varchar(255),
        qualification varchar(255),
        state varchar(255),
        userGroupId bigint,
        userName varchar(255),
        zipcode varchar(255),
        primary key (userAccountId)
    )" via JDBC [There is already an object named 'UserAccount' in the database.]
org.hibernate.tool.schema.spi.CommandAcceptanceException: Error executing DDL "
    create table UserAccount (
        userAccountId bigint identity not null,
        address varchar(255),
        adharImagePath varchar(255),
        adharNumber bigint,
        altMobileNumber bigint,
        annualIncome bigint,
        city varchar(255),
        currentLoginDate date,
        dob date,
        email varchar(255),
        fathersName varchar(255),
        firstName varchar(255),
        gender varchar(255),
        isActive bit not null,
        lastLoginDate date,
        lastName varchar(255),
        loginAttempt int,
        marriedStatus varchar(255),
        mobileNumber bigint,
        occupation varchar(255),
        panImagePath varchar(255),
        panNumber varchar(255),
        password varchar(255),
        qualification varchar(255),
        state varchar(255),
        userGroupId bigint,
        userName varchar(255),
        zipcode varchar(255),
        primary key (userAccountId)
    )" via JDBC [There is already an object named 'UserAccount' in the database.]
	at org.hibernate.tool.schema.internal.exec.GenerationTargetToDatabase.accept(GenerationTargetToDatabase.java:94)
	at org.hibernate.tool.schema.internal.AbstractSchemaMigrator.applySqlString(AbstractSchemaMigrator.java:574)
	at org.hibernate.tool.schema.internal.AbstractSchemaMigrator.applySqlStrings(AbstractSchemaMigrator.java:514)
	at org.hibernate.tool.schema.internal.AbstractSchemaMigrator.createTable(AbstractSchemaMigrator.java:315)
	at org.hibernate.tool.schema.internal.GroupedSchemaMigratorImpl.performTablesMigration(GroupedSchemaMigratorImpl.java:80)
	at org.hibernate.tool.schema.internal.AbstractSchemaMigrator.performMigration(AbstractSchemaMigrator.java:232)
	at org.hibernate.tool.schema.internal.AbstractSchemaMigrator.doMigration(AbstractSchemaMigrator.java:117)
	at org.hibernate.tool.schema.spi.SchemaManagementToolCoordinator.performDatabaseAction(SchemaManagementToolCoordinator.java:284)
	at org.hibernate.tool.schema.spi.SchemaManagementToolCoordinator.lambda$process$5(SchemaManagementToolCoordinator.java:143)
	at java.base/java.util.HashMap.forEach(HashMap.java:1421)
	at org.hibernate.tool.schema.spi.SchemaManagementToolCoordinator.process(SchemaManagementToolCoordinator.java:140)
	at org.hibernate.boot.internal.SessionFactoryObserverForSchemaExport.sessionFactoryCreated(SessionFactoryObserverForSchemaExport.java:37)
	at org.hibernate.internal.SessionFactoryObserverChain.sessionFactoryCreated(SessionFactoryObserverChain.java:35)
	at org.hibernate.internal.SessionFactoryImpl.<init>(SessionFactoryImpl.java:293)
	at org.hibernate.boot.internal.SessionFactoryBuilderImpl.build(SessionFactoryBuilderImpl.java:444)
	at org.hibernate.jpa.boot.internal.EntityManagerFactoryBuilderImpl.build(EntityManagerFactoryBuilderImpl.java:1458)
	at org.springframework.orm.jpa.vendor.SpringHibernateJpaPersistenceProvider.createContainerEntityManagerFactory(SpringHibernateJpaPersistenceProvider.java:75)
	at org.springframework.orm.jpa.LocalContainerEntityManagerFactoryBean.createNativeEntityManagerFactory(LocalContainerEntityManagerFactoryBean.java:376)
	at org.springframework.orm.jpa.AbstractEntityManagerFactoryBean.buildNativeEntityManagerFactory(AbstractEntityManagerFactoryBean.java:409)
	at org.springframework.orm.jpa.AbstractEntityManagerFactoryBean.afterPropertiesSet(AbstractEntityManagerFactoryBean.java:396)
	at org.springframework.orm.jpa.LocalContainerEntityManagerFactoryBean.afterPropertiesSet(LocalContainerEntityManagerFactoryBean.java:352)
	at org.springframework.beans.factory.support.AbstractAutowireCapableBeanFactory.invokeInitMethods(AbstractAutowireCapableBeanFactory.java:1817)
	at org.springframework.beans.factory.support.AbstractAutowireCapableBeanFactory.initializeBean(AbstractAutowireCapableBeanFactory.java:1766)
	at org.springframework.beans.factory.support.AbstractAutowireCapableBeanFactory.doCreateBean(AbstractAutowireCapableBeanFactory.java:598)
	at org.springframework.beans.factory.support.AbstractAutowireCapableBeanFactory.createBean(AbstractAutowireCapableBeanFactory.java:520)
	at org.springframework.beans.factory.support.AbstractBeanFactory.lambda$doGetBean$0(AbstractBeanFactory.java:325)
	at org.springframework.beans.factory.support.DefaultSingletonBeanRegistry.getSingleton(DefaultSingletonBeanRegistry.java:234)
	at org.springframework.beans.factory.support.AbstractBeanFactory.doGetBean(AbstractBeanFactory.java:323)
	at org.springframework.beans.factory.support.AbstractBeanFactory.getBean(AbstractBeanFactory.java:199)
	at org.springframework.context.support.AbstractApplicationContext.getBean(AbstractApplicationContext.java:1166)
	at org.springframework.context.support.AbstractApplicationContext.finishBeanFactoryInitialization(AbstractApplicationContext.java:940)
	at org.springframework.context.support.AbstractApplicationContext.refresh(AbstractApplicationContext.java:616)
	at org.springframework.boot.web.servlet.context.ServletWebServerApplicationContext.refresh(ServletWebServerApplicationContext.java:146)
	at org.springframework.boot.SpringApplication.refresh(SpringApplication.java:738)
	at org.springframework.boot.SpringApplication.refreshContext(SpringApplication.java:440)
	at org.springframework.boot.SpringApplication.run(SpringApplication.java:316)
	at org.springframework.boot.SpringApplication.run(SpringApplication.java:1306)
	at org.springframework.boot.SpringApplication.run(SpringApplication.java:1295)
	at config.SpringCrudApplication.main(SpringCrudApplication.java:21)
Caused by: com.microsoft.sqlserver.jdbc.SQLServerException: There is already an object named 'UserAccount' in the database.
	at com.microsoft.sqlserver.jdbc.SQLServerException.makeFromDatabaseError(SQLServerException.java:265)
	at com.microsoft.sqlserver.jdbc.SQLServerStatement.getNextResult(SQLServerStatement.java:1676)
	at com.microsoft.sqlserver.jdbc.SQLServerStatement.doExecuteStatement(SQLServerStatement.java:907)
	at com.microsoft.sqlserver.jdbc.SQLServerStatement$StmtExecCmd.doExecute(SQLServerStatement.java:802)
	at com.microsoft.sqlserver.jdbc.TDSCommand.execute(IOBuffer.java:7620)
	at com.microsoft.sqlserver.jdbc.SQLServerConnection.executeCommand(SQLServerConnection.java:3916)
	at com.microsoft.sqlserver.jdbc.SQLServerStatement.executeCommand(SQLServerStatement.java:268)
	at com.microsoft.sqlserver.jdbc.SQLServerStatement.executeStatement(SQLServerStatement.java:242)
	at com.microsoft.sqlserver.jdbc.SQLServerStatement.execute(SQLServerStatement.java:775)
	at com.zaxxer.hikari.pool.ProxyStatement.execute(ProxyStatement.java:94)
	at com.zaxxer.hikari.pool.HikariProxyStatement.execute(HikariProxyStatement.java)
	at org.hibernate.tool.schema.internal.exec.GenerationTargetToDatabase.accept(GenerationTargetToDatabase.java:80)
	... 38 common frames omitted
2026-09-11 22:54:54.623 [main] WARN  o.h.t.s.i.ExceptionHandlerLoggedImpl - GenerationTarget encountered exception accepting command : Error executing DDL "
    create table UserGroup (
        userGroupId bigint identity not null,
        userGroupName varchar(255),
        primary key (userGroupId)
    )" via JDBC [There is already an object named 'UserGroup' in the database.]
org.hibernate.tool.schema.spi.CommandAcceptanceException: Error executing DDL "
    create table UserGroup (
        userGroupId bigint identity not null,
        userGroupName varchar(255),
        primary key (userGroupId)
    )" via JDBC [There is already an object named 'UserGroup' in the database.]
	at org.hibernate.tool.schema.internal.exec.GenerationTargetToDatabase.accept(GenerationTargetToDatabase.java:94)
	at org.hibernate.tool.schema.internal.AbstractSchemaMigrator.applySqlString(AbstractSchemaMigrator.java:574)
	at org.hibernate.tool.schema.internal.AbstractSchemaMigrator.applySqlStrings(AbstractSchemaMigrator.java:514)
	at org.hibernate.tool.schema.internal.AbstractSchemaMigrator.createTable(AbstractSchemaMigrator.java:315)
	at org.hibernate.tool.schema.internal.GroupedSchemaMigratorImpl.performTablesMigration(GroupedSchemaMigratorImpl.java:80)
	at org.hibernate.tool.schema.internal.AbstractSchemaMigrator.performMigration(AbstractSchemaMigrator.java:232)
	at org.hibernate.tool.schema.internal.AbstractSchemaMigrator.doMigration(AbstractSchemaMigrator.java:117)
	at org.hibernate.tool.schema.spi.SchemaManagementToolCoordinator.performDatabaseAction(SchemaManagementToolCoordinator.java:284)
	at org.hibernate.tool.schema.spi.SchemaManagementToolCoordinator.lambda$process$5(SchemaManagementToolCoordinator.java:143)
	at java.base/java.util.HashMap.forEach(HashMap.java:1421)
	at org.hibernate.tool.schema.spi.SchemaManagementToolCoordinator.process(SchemaManagementToolCoordinator.java:140)
	at org.hibernate.boot.internal.SessionFactoryObserverForSchemaExport.sessionFactoryCreated(SessionFactoryObserverForSchemaExport.java:37)
	at org.hibernate.internal.SessionFactoryObserverChain.sessionFactoryCreated(SessionFactoryObserverChain.java:35)
	at org.hibernate.internal.SessionFactoryImpl.<init>(SessionFactoryImpl.java:293)
	at org.hibernate.boot.internal.SessionFactoryBuilderImpl.build(SessionFactoryBuilderImpl.java:444)
	at org.hibernate.jpa.boot.internal.EntityManagerFactoryBuilderImpl.build(EntityManagerFactoryBuilderImpl.java:1458)
	at org.springframework.orm.jpa.vendor.SpringHibernateJpaPersistenceProvider.createContainerEntityManagerFactory(SpringHibernateJpaPersistenceProvider.java:75)
	at org.springframework.orm.jpa.LocalContainerEntityManagerFactoryBean.createNativeEntityManagerFactory(LocalContainerEntityManagerFactoryBean.java:376)
	at org.springframework.orm.jpa.AbstractEntityManagerFactoryBean.buildNativeEntityManagerFactory(AbstractEntityManagerFactoryBean.java:409)
	at org.springframework.orm.jpa.AbstractEntityManagerFactoryBean.afterPropertiesSet(AbstractEntityManagerFactoryBean.java:396)
	at org.springframework.orm.jpa.LocalContainerEntityManagerFactoryBean.afterPropertiesSet(LocalContainerEntityManagerFactoryBean.java:352)
	at org.springframework.beans.factory.support.AbstractAutowireCapableBeanFactory.invokeInitMethods(AbstractAutowireCapableBeanFactory.java:1817)
	at org.springframework.beans.factory.support.AbstractAutowireCapableBeanFactory.initializeBean(AbstractAutowireCapableBeanFactory.java:1766)
	at org.springframework.beans.factory.support.AbstractAutowireCapableBeanFactory.doCreateBean(AbstractAutowireCapableBeanFactory.java:598)
	at org.springframework.beans.factory.support.AbstractAutowireCapableBeanFactory.createBean(AbstractAutowireCapableBeanFactory.java:520)
	at org.springframework.beans.factory.support.AbstractBeanFactory.lambda$doGetBean$0(AbstractBeanFactory.java:325)
	at org.springframework.beans.factory.support.DefaultSingletonBeanRegistry.getSingleton(DefaultSingletonBeanRegistry.java:234)
	at org.springframework.beans.factory.support.AbstractBeanFactory.doGetBean(AbstractBeanFactory.java:323)
	at org.springframework.beans.factory.support.AbstractBeanFactory.getBean(AbstractBeanFactory.java:199)
	at org.springframework.context.support.AbstractApplicationContext.getBean(AbstractApplicationContext.java:1166)
	at org.springframework.context.support.AbstractApplicationContext.finishBeanFactoryInitialization(AbstractApplicationContext.java:940)
	at org.springframework.context.support.AbstractApplicationContext.refresh(AbstractApplicationContext.java:616)
	at org.springframework.boot.web.servlet.context.ServletWebServerApplicationContext.refresh(ServletWebServerApplicationContext.java:146)
	at org.springframework.boot.SpringApplication.refresh(SpringApplication.java:738)
	at org.springframework.boot.SpringApplication.refreshContext(SpringApplication.java:440)
	at org.springframework.boot.SpringApplication.run(SpringApplication.java:316)
	at org.springframework.boot.SpringApplication.run(SpringApplication.java:1306)
	at org.springframework.boot.SpringApplication.run(SpringApplication.java:1295)
	at config.SpringCrudApplication.main(SpringCrudApplication.java:21)
Caused by: com.microsoft.sqlserver.jdbc.SQLServerException: There is already an object named 'UserGroup' in the database.
	at com.microsoft.sqlserver.jdbc.SQLServerException.makeFromDatabaseError(SQLServerException.java:265)
	at com.microsoft.sqlserver.jdbc.SQLServerStatement.getNextResult(SQLServerStatement.java:1676)
	at com.microsoft.sqlserver.jdbc.SQLServerStatement.doExecuteStatement(SQLServerStatement.java:907)
	at com.microsoft.sqlserver.jdbc.SQLServerStatement$StmtExecCmd.doExecute(SQLServerStatement.java:802)
	at com.microsoft.sqlserver.jdbc.TDSCommand.execute(IOBuffer.java:7620)
	at com.microsoft.sqlserver.jdbc.SQLServerConnection.executeCommand(SQLServerConnection.java:3916)
	at com.microsoft.sqlserver.jdbc.SQLServerStatement.executeCommand(SQLServerStatement.java:268)
	at com.microsoft.sqlserver.jdbc.SQLServerStatement.executeStatement(SQLServerStatement.java:242)
	at com.microsoft.sqlserver.jdbc.SQLServerStatement.execute(SQLServerStatement.java:775)
	at com.zaxxer.hikari.pool.ProxyStatement.execute(ProxyStatement.java:94)
	at com.zaxxer.hikari.pool.HikariProxyStatement.execute(HikariProxyStatement.java)
	at org.hibernate.tool.schema.internal.exec.GenerationTargetToDatabase.accept(GenerationTargetToDatabase.java:80)
	... 38 common frames omitted
2026-09-11 22:54:54.629 [main] WARN  o.h.t.s.i.ExceptionHandlerLoggedImpl - GenerationTarget encountered exception accepting command : Error executing DDL "
    alter table Payments 
       add constraint FKmcddpsiemwcivhnevsvagjwk4 
       foreign key (customerId) 
       references CustomerList" via JDBC [There is already an object named 'FKmcddpsiemwcivhnevsvagjwk4' in the database.]
org.hibernate.tool.schema.spi.CommandAcceptanceException: Error executing DDL "
    alter table Payments 
       add constraint FKmcddpsiemwcivhnevsvagjwk4 
       foreign key (customerId) 
       references CustomerList" via JDBC [There is already an object named 'FKmcddpsiemwcivhnevsvagjwk4' in the database.]
	at org.hibernate.tool.schema.internal.exec.GenerationTargetToDatabase.accept(GenerationTargetToDatabase.java:94)
	at org.hibernate.tool.schema.internal.AbstractSchemaMigrator.applySqlString(AbstractSchemaMigrator.java:574)
	at org.hibernate.tool.schema.internal.AbstractSchemaMigrator.applySqlStrings(AbstractSchemaMigrator.java:514)
	at org.hibernate.tool.schema.internal.AbstractSchemaMigrator.applyForeignKeys(AbstractSchemaMigrator.java:446)
	at org.hibernate.tool.schema.internal.AbstractSchemaMigrator.performMigration(AbstractSchemaMigrator.java:268)
	at org.hibernate.tool.schema.internal.AbstractSchemaMigrator.doMigration(AbstractSchemaMigrator.java:117)
	at org.hibernate.tool.schema.spi.SchemaManagementToolCoordinator.performDatabaseAction(SchemaManagementToolCoordinator.java:284)
	at org.hibernate.tool.schema.spi.SchemaManagementToolCoordinator.lambda$process$5(SchemaManagementToolCoordinator.java:143)
	at java.base/java.util.HashMap.forEach(HashMap.java:1421)
	at org.hibernate.tool.schema.spi.SchemaManagementToolCoordinator.process(SchemaManagementToolCoordinator.java:140)
	at org.hibernate.boot.internal.SessionFactoryObserverForSchemaExport.sessionFactoryCreated(SessionFactoryObserverForSchemaExport.java:37)
	at org.hibernate.internal.SessionFactoryObserverChain.sessionFactoryCreated(SessionFactoryObserverChain.java:35)
	at org.hibernate.internal.SessionFactoryImpl.<init>(SessionFactoryImpl.java:293)
	at org.hibernate.boot.internal.SessionFactoryBuilderImpl.build(SessionFactoryBuilderImpl.java:444)
	at org.hibernate.jpa.boot.internal.EntityManagerFactoryBuilderImpl.build(EntityManagerFactoryBuilderImpl.java:1458)
	at org.springframework.orm.jpa.vendor.SpringHibernateJpaPersistenceProvider.createContainerEntityManagerFactory(SpringHibernateJpaPersistenceProvider.java:75)
	at org.springframework.orm.jpa.LocalContainerEntityManagerFactoryBean.createNativeEntityManagerFactory(LocalContainerEntityManagerFactoryBean.java:376)
	at org.springframework.orm.jpa.AbstractEntityManagerFactoryBean.buildNativeEntityManagerFactory(AbstractEntityManagerFactoryBean.java:409)
	at org.springframework.orm.jpa.AbstractEntityManagerFactoryBean.afterPropertiesSet(AbstractEntityManagerFactoryBean.java:396)
	at org.springframework.orm.jpa.LocalContainerEntityManagerFactoryBean.afterPropertiesSet(LocalContainerEntityManagerFactoryBean.java:352)
	at org.springframework.beans.factory.support.AbstractAutowireCapableBeanFactory.invokeInitMethods(AbstractAutowireCapableBeanFactory.java:1817)
	at org.springframework.beans.factory.support.AbstractAutowireCapableBeanFactory.initializeBean(AbstractAutowireCapableBeanFactory.java:1766)
	at org.springframework.beans.factory.support.AbstractAutowireCapableBeanFactory.doCreateBean(AbstractAutowireCapableBeanFactory.java:598)
	at org.springframework.beans.factory.support.AbstractAutowireCapableBeanFactory.createBean(AbstractAutowireCapableBeanFactory.java:520)
	at org.springframework.beans.factory.support.AbstractBeanFactory.lambda$doGetBean$0(AbstractBeanFactory.java:325)
	at org.springframework.beans.factory.support.DefaultSingletonBeanRegistry.getSingleton(DefaultSingletonBeanRegistry.java:234)
	at org.springframework.beans.factory.support.AbstractBeanFactory.doGetBean(AbstractBeanFactory.java:323)
	at org.springframework.beans.factory.support.AbstractBeanFactory.getBean(AbstractBeanFactory.java:199)
	at org.springframework.context.support.AbstractApplicationContext.getBean(AbstractApplicationContext.java:1166)
	at org.springframework.context.support.AbstractApplicationContext.finishBeanFactoryInitialization(AbstractApplicationContext.java:940)
	at org.springframework.context.support.AbstractApplicationContext.refresh(AbstractApplicationContext.java:616)
	at org.springframework.boot.web.servlet.context.ServletWebServerApplicationContext.refresh(ServletWebServerApplicationContext.java:146)
	at org.springframework.boot.SpringApplication.refresh(SpringApplication.java:738)
	at org.springframework.boot.SpringApplication.refreshContext(SpringApplication.java:440)
	at org.springframework.boot.SpringApplication.run(SpringApplication.java:316)
	at org.springframework.boot.SpringApplication.run(SpringApplication.java:1306)
	at org.springframework.boot.SpringApplication.run(SpringApplication.java:1295)
	at config.SpringCrudApplication.main(SpringCrudApplication.java:21)
Caused by: com.microsoft.sqlserver.jdbc.SQLServerException: There is already an object named 'FKmcddpsiemwcivhnevsvagjwk4' in the database.
	at com.microsoft.sqlserver.jdbc.SQLServerException.makeFromDatabaseError(SQLServerException.java:265)
	at com.microsoft.sqlserver.jdbc.SQLServerStatement.getNextResult(SQLServerStatement.java:1676)
	at com.microsoft.sqlserver.jdbc.SQLServerStatement.doExecuteStatement(SQLServerStatement.java:907)
	at com.microsoft.sqlserver.jdbc.SQLServerStatement$StmtExecCmd.doExecute(SQLServerStatement.java:802)
	at com.microsoft.sqlserver.jdbc.TDSCommand.execute(IOBuffer.java:7620)
	at com.microsoft.sqlserver.jdbc.SQLServerConnection.executeCommand(SQLServerConnection.java:3916)
	at com.microsoft.sqlserver.jdbc.SQLServerStatement.executeCommand(SQLServerStatement.java:268)
	at com.microsoft.sqlserver.jdbc.SQLServerStatement.executeStatement(SQLServerStatement.java:242)
	at com.microsoft.sqlserver.jdbc.SQLServerStatement.execute(SQLServerStatement.java:775)
	at com.zaxxer.hikari.pool.ProxyStatement.execute(ProxyStatement.java:94)
	at com.zaxxer.hikari.pool.HikariProxyStatement.execute(HikariProxyStatement.java)
	at org.hibernate.tool.schema.internal.exec.GenerationTargetToDatabase.accept(GenerationTargetToDatabase.java:80)
	... 37 common frames omitted
2026-09-11 22:54:54.633 [main] INFO  o.s.o.j.LocalContainerEntityManagerFactoryBean - Initialized JPA EntityManagerFactory for persistence unit 'default'
2026-09-11 22:54:54.650 [main] WARN  o.s.b.a.o.j.JpaBaseConfiguration$JpaWebConfiguration - spring.jpa.open-in-view is enabled by default. Therefore, database queries may be performed during view rendering. Explicitly configure spring.jpa.open-in-view to disable this warning
2026-09-11 22:54:55.651 [main] INFO  o.s.d.j.r.query.QueryEnhancerFactory - Hibernate is in classpath; If applicable, HQL parser will be used.
2026-09-11 22:54:56.177 [main] INFO  config.commonConfig.WebConfig - Interceptors registered successfully
2026-09-11 22:54:56.197 [main] INFO  config.commonConfig.WebConfig - CORS configuration applied for origins: http://localhost:3000,http://localhost:8080,http://localhost:4200
2026-09-11 22:54:56.714 [main] INFO  o.a.coyote.http11.Http11NioProtocol - Starting ProtocolHandler ["http-nio-8888"]
2026-09-11 22:54:56.753 [main] INFO  o.s.b.w.e.tomcat.TomcatWebServer - Tomcat started on port(s): 8888 (http) with context path ''
2026-09-11 22:54:56.768 [main] INFO  config.SpringCrudApplication - Started SpringCrudApplication in 9.751 seconds (process running for 10.96)
2026-09-11 22:57:41.655 [http-nio-8888-exec-1] INFO  o.a.c.c.C.[Tomcat].[localhost].[/] - Initializing Spring DispatcherServlet 'dispatcherServlet'
2026-09-11 22:57:41.656 [http-nio-8888-exec-1] INFO  o.s.web.servlet.DispatcherServlet - Initializing Servlet 'dispatcherServlet'
2026-09-11 22:57:41.660 [http-nio-8888-exec-1] INFO  o.s.web.servlet.DispatcherServlet - Completed initialization in 4 ms
2026-09-11 22:57:41.760 [http-nio-8888-exec-1] INFO  c.c.i.HttpLoggingInterceptor - === REQUEST START ===
2026-09-11 22:57:41.760 [http-nio-8888-exec-1] INFO  c.c.i.HttpLoggingInterceptor - Method: OPTIONS | URI: /api/getCapcha
2026-09-11 22:57:41.768 [http-nio-8888-exec-1] INFO  c.c.i.HttpLoggingInterceptor - Remote Address: 0:0:0:0:0:0:0:1
2026-09-11 22:57:41.768 [http-nio-8888-exec-1] INFO  c.c.i.HttpLoggingInterceptor - === REQUEST END ===
2026-09-11 22:57:41.852 [http-nio-8888-exec-1] INFO  c.c.i.HttpLoggingInterceptor - === RESPONSE START ===
2026-09-11 22:57:41.852 [http-nio-8888-exec-1] INFO  c.c.i.HttpLoggingInterceptor - Status: 200 | Duration: 92ms
2026-09-11 22:57:41.853 [http-nio-8888-exec-1] INFO  c.c.i.HttpLoggingInterceptor - Content-Type: null
2026-09-11 22:57:41.853 [http-nio-8888-exec-1] INFO  c.c.i.HttpLoggingInterceptor - === RESPONSE END ===
2026-09-11 22:57:41.900 [http-nio-8888-exec-2] INFO  c.c.i.HttpLoggingInterceptor - === REQUEST START ===
2026-09-11 22:57:41.902 [http-nio-8888-exec-2] INFO  c.c.i.HttpLoggingInterceptor - Method: POST | URI: /api/getCapcha
2026-09-11 22:57:41.902 [http-nio-8888-exec-2] INFO  c.c.i.HttpLoggingInterceptor - Remote Address: 0:0:0:0:0:0:0:1
2026-09-11 22:57:41.903 [http-nio-8888-exec-2] INFO  c.c.i.HttpLoggingInterceptor - === REQUEST END ===
2026-09-11 22:57:42.063 [http-nio-8888-exec-2] INFO  c.c.i.HttpLoggingInterceptor - === RESPONSE START ===
2026-09-11 22:57:42.064 [http-nio-8888-exec-2] INFO  c.c.i.HttpLoggingInterceptor - Status: 200 | Duration: 163ms
2026-09-11 22:57:42.064 [http-nio-8888-exec-2] INFO  c.c.i.HttpLoggingInterceptor - Content-Type: application/json
2026-09-11 22:57:42.064 [http-nio-8888-exec-2] INFO  c.c.i.HttpLoggingInterceptor - === RESPONSE END ===
2026-09-11 22:57:51.549 [http-nio-8888-exec-3] INFO  c.c.i.HttpLoggingInterceptor - === REQUEST START ===
2026-09-11 22:57:51.549 [http-nio-8888-exec-3] INFO  c.c.i.HttpLoggingInterceptor - Method: OPTIONS | URI: /api/authSession
2026-09-11 22:57:51.549 [http-nio-8888-exec-3] INFO  c.c.i.HttpLoggingInterceptor - Remote Address: 0:0:0:0:0:0:0:1
2026-09-11 22:57:51.549 [http-nio-8888-exec-3] INFO  c.c.i.HttpLoggingInterceptor - === REQUEST END ===
2026-09-11 22:57:51.552 [http-nio-8888-exec-3] INFO  c.c.i.HttpLoggingInterceptor - === RESPONSE START ===
2026-09-11 22:57:51.552 [http-nio-8888-exec-3] INFO  c.c.i.HttpLoggingInterceptor - Status: 200 | Duration: 3ms
2026-09-11 22:57:51.553 [http-nio-8888-exec-3] INFO  c.c.i.HttpLoggingInterceptor - Content-Type: null
2026-09-11 22:57:51.553 [http-nio-8888-exec-3] INFO  c.c.i.HttpLoggingInterceptor - === RESPONSE END ===
2026-09-11 22:57:51.560 [http-nio-8888-exec-4] INFO  c.c.i.HttpLoggingInterceptor - === REQUEST START ===
2026-09-11 22:57:51.561 [http-nio-8888-exec-4] INFO  c.c.i.HttpLoggingInterceptor - Method: POST | URI: /api/authSession
2026-09-11 22:57:51.561 [http-nio-8888-exec-4] INFO  c.c.i.HttpLoggingInterceptor - Remote Address: 0:0:0:0:0:0:0:1
2026-09-11 22:57:51.561 [http-nio-8888-exec-4] INFO  c.c.i.HttpLoggingInterceptor - === REQUEST END ===
2026-09-11 22:57:52.858 [http-nio-8888-exec-4] INFO  c.c.i.HttpLoggingInterceptor - === RESPONSE START ===
2026-09-11 22:57:52.858 [http-nio-8888-exec-4] INFO  c.c.i.HttpLoggingInterceptor - Status: 200 | Duration: 1298ms
2026-09-11 22:57:52.858 [http-nio-8888-exec-4] INFO  c.c.i.HttpLoggingInterceptor - Content-Type: application/json
2026-09-11 22:57:52.858 [http-nio-8888-exec-4] INFO  c.c.i.HttpLoggingInterceptor - === RESPONSE END ===
2026-09-11 22:57:52.900 [http-nio-8888-exec-5] INFO  c.c.i.HttpLoggingInterceptor - === REQUEST START ===
2026-09-11 22:57:52.900 [http-nio-8888-exec-5] INFO  c.c.i.HttpLoggingInterceptor - Method: OPTIONS | URI: /api/getSession
2026-09-11 22:57:52.900 [http-nio-8888-exec-5] INFO  c.c.i.HttpLoggingInterceptor - Remote Address: 0:0:0:0:0:0:0:1
2026-09-11 22:57:52.900 [http-nio-8888-exec-5] INFO  c.c.i.HttpLoggingInterceptor - === REQUEST END ===
2026-09-11 22:57:52.901 [http-nio-8888-exec-5] INFO  c.c.i.HttpLoggingInterceptor - === RESPONSE START ===
2026-09-11 22:57:52.901 [http-nio-8888-exec-5] INFO  c.c.i.HttpLoggingInterceptor - Status: 200 | Duration: 1ms
2026-09-11 22:57:52.901 [http-nio-8888-exec-5] INFO  c.c.i.HttpLoggingInterceptor - Content-Type: null
2026-09-11 22:57:52.901 [http-nio-8888-exec-5] INFO  c.c.i.HttpLoggingInterceptor - === RESPONSE END ===
2026-09-11 22:57:52.921 [http-nio-8888-exec-6] INFO  c.c.i.HttpLoggingInterceptor - === REQUEST START ===
2026-09-11 22:57:52.923 [http-nio-8888-exec-6] INFO  c.c.i.HttpLoggingInterceptor - Method: POST | URI: /api/getSession
2026-09-11 22:57:52.923 [http-nio-8888-exec-6] INFO  c.c.i.HttpLoggingInterceptor - Remote Address: 0:0:0:0:0:0:0:1
2026-09-11 22:57:52.923 [http-nio-8888-exec-6] INFO  c.c.i.HttpLoggingInterceptor - === REQUEST END ===
2026-09-11 22:57:53.091 [http-nio-8888-exec-6] INFO  c.c.i.HttpLoggingInterceptor - === RESPONSE START ===
2026-09-11 22:57:53.091 [http-nio-8888-exec-6] INFO  c.c.i.HttpLoggingInterceptor - Status: 200 | Duration: 170ms
2026-09-11 22:57:53.091 [http-nio-8888-exec-6] INFO  c.c.i.HttpLoggingInterceptor - Content-Type: application/json
2026-09-11 22:57:53.091 [http-nio-8888-exec-6] INFO  c.c.i.HttpLoggingInterceptor - === RESPONSE END ===
2026-09-11 22:57:53.199 [http-nio-8888-exec-7] INFO  c.c.i.HttpLoggingInterceptor - === REQUEST START ===
2026-09-11 22:57:53.199 [http-nio-8888-exec-7] INFO  c.c.i.HttpLoggingInterceptor - Method: OPTIONS | URI: /api/getNavigationMenu/1
2026-09-11 22:57:53.199 [http-nio-8888-exec-7] INFO  c.c.i.HttpLoggingInterceptor - Remote Address: 0:0:0:0:0:0:0:1
2026-09-11 22:57:53.201 [http-nio-8888-exec-7] INFO  c.c.i.HttpLoggingInterceptor - === REQUEST END ===
2026-09-11 22:57:53.202 [http-nio-8888-exec-7] INFO  c.c.i.HttpLoggingInterceptor - === RESPONSE START ===
2026-09-11 22:57:53.202 [http-nio-8888-exec-7] INFO  c.c.i.HttpLoggingInterceptor - Status: 200 | Duration: 3ms
2026-09-11 22:57:53.202 [http-nio-8888-exec-7] INFO  c.c.i.HttpLoggingInterceptor - Content-Type: null
2026-09-11 22:57:53.202 [http-nio-8888-exec-7] INFO  c.c.i.HttpLoggingInterceptor - === RESPONSE END ===
2026-09-11 22:57:53.225 [http-nio-8888-exec-8] INFO  c.c.i.HttpLoggingInterceptor - === REQUEST START ===
2026-09-11 22:57:53.225 [http-nio-8888-exec-8] INFO  c.c.i.HttpLoggingInterceptor - Method: GET | URI: /api/getNavigationMenu/1
2026-09-11 22:57:53.225 [http-nio-8888-exec-8] INFO  c.c.i.HttpLoggingInterceptor - Remote Address: 0:0:0:0:0:0:0:1
2026-09-11 22:57:53.225 [http-nio-8888-exec-8] INFO  c.c.i.HttpLoggingInterceptor - === REQUEST END ===
2026-09-11 22:57:53.455 [http-nio-8888-exec-8] INFO  c.c.i.HttpLoggingInterceptor - === RESPONSE START ===
2026-09-11 22:57:53.455 [http-nio-8888-exec-8] INFO  c.c.i.HttpLoggingInterceptor - Status: 200 | Duration: 230ms
2026-09-11 22:57:53.455 [http-nio-8888-exec-8] INFO  c.c.i.HttpLoggingInterceptor - Content-Type: application/json
2026-09-11 22:57:53.455 [http-nio-8888-exec-8] INFO  c.c.i.HttpLoggingInterceptor - === RESPONSE END ===
2026-09-11 22:57:55.200 [http-nio-8888-exec-9] INFO  c.c.i.HttpLoggingInterceptor - === REQUEST START ===
2026-09-11 22:57:55.200 [http-nio-8888-exec-9] INFO  c.c.i.HttpLoggingInterceptor - Method: OPTIONS | URI: /api/getUploadedFileDetails
2026-09-11 22:57:55.200 [http-nio-8888-exec-9] INFO  c.c.i.HttpLoggingInterceptor - Remote Address: 0:0:0:0:0:0:0:1
2026-09-11 22:57:55.200 [http-nio-8888-exec-9] INFO  c.c.i.HttpLoggingInterceptor - === REQUEST END ===
2026-09-11 22:57:55.200 [http-nio-8888-exec-9] INFO  c.c.i.HttpLoggingInterceptor - === RESPONSE START ===
2026-09-11 22:57:55.200 [http-nio-8888-exec-9] INFO  c.c.i.HttpLoggingInterceptor - Status: 200 | Duration: 0ms
2026-09-11 22:57:55.200 [http-nio-8888-exec-9] INFO  c.c.i.HttpLoggingInterceptor - Content-Type: null
2026-09-11 22:57:55.200 [http-nio-8888-exec-9] INFO  c.c.i.HttpLoggingInterceptor - === RESPONSE END ===
2026-09-11 22:57:55.211 [http-nio-8888-exec-10] INFO  c.c.i.HttpLoggingInterceptor - === REQUEST START ===
2026-09-11 22:57:55.211 [http-nio-8888-exec-10] INFO  c.c.i.HttpLoggingInterceptor - Method: POST | URI: /api/getUploadedFileDetails
2026-09-11 22:57:55.211 [http-nio-8888-exec-10] INFO  c.c.i.HttpLoggingInterceptor - Remote Address: 0:0:0:0:0:0:0:1
2026-09-11 22:57:55.211 [http-nio-8888-exec-10] INFO  c.c.i.HttpLoggingInterceptor - === REQUEST END ===
2026-09-11 22:57:55.233 [http-nio-8888-exec-10] INFO  c.c.i.HttpLoggingInterceptor - === RESPONSE START ===
2026-09-11 22:57:55.233 [http-nio-8888-exec-10] INFO  c.c.i.HttpLoggingInterceptor - Status: 200 | Duration: 22ms
2026-09-11 22:57:55.233 [http-nio-8888-exec-10] INFO  c.c.i.HttpLoggingInterceptor - Content-Type: application/json
2026-09-11 22:57:55.233 [http-nio-8888-exec-10] INFO  c.c.i.HttpLoggingInterceptor - === RESPONSE END ===
2026-09-11 23:02:16.753 [http-nio-8888-exec-2] INFO  c.c.i.HttpLoggingInterceptor - === REQUEST START ===
2026-09-11 23:02:16.753 [http-nio-8888-exec-2] INFO  c.c.i.HttpLoggingInterceptor - Method: OPTIONS | URI: /api/uploadImage
2026-09-11 23:02:16.753 [http-nio-8888-exec-2] INFO  c.c.i.HttpLoggingInterceptor - Remote Address: 0:0:0:0:0:0:0:1
2026-09-11 23:02:16.753 [http-nio-8888-exec-2] INFO  c.c.i.HttpLoggingInterceptor - === REQUEST END ===
2026-09-11 23:02:16.754 [http-nio-8888-exec-2] INFO  c.c.i.HttpLoggingInterceptor - === RESPONSE START ===
2026-09-11 23:02:16.755 [http-nio-8888-exec-2] INFO  c.c.i.HttpLoggingInterceptor - Status: 200 | Duration: 1ms
2026-09-11 23:02:16.755 [http-nio-8888-exec-2] INFO  c.c.i.HttpLoggingInterceptor - Content-Type: null
2026-09-11 23:02:16.755 [http-nio-8888-exec-2] INFO  c.c.i.HttpLoggingInterceptor - === RESPONSE END ===
2026-09-11 23:02:16.904 [http-nio-8888-exec-3] INFO  c.c.i.HttpLoggingInterceptor - === REQUEST START ===
2026-09-11 23:02:16.904 [http-nio-8888-exec-3] INFO  c.c.i.HttpLoggingInterceptor - Method: POST | URI: /api/uploadImage
2026-09-11 23:02:16.906 [http-nio-8888-exec-3] INFO  c.c.i.HttpLoggingInterceptor - Remote Address: 0:0:0:0:0:0:0:1
2026-09-11 23:02:16.906 [http-nio-8888-exec-3] INFO  c.c.i.HttpLoggingInterceptor - === REQUEST END ===
2026-09-11 23:02:20.990 [http-nio-8888-exec-3] INFO  config.serviceI.ClientDocumentI - File uploaded successfully: client_20260911_230219_421_Screenshot 2025-07-26 135500.png
2026-09-11 23:02:20.990 [http-nio-8888-exec-3] INFO  c.c.i.HttpLoggingInterceptor - === RESPONSE START ===
2026-09-11 23:02:20.990 [http-nio-8888-exec-3] INFO  c.c.i.HttpLoggingInterceptor - Status: 200 | Duration: 4086ms
2026-09-11 23:02:20.990 [http-nio-8888-exec-3] INFO  c.c.i.HttpLoggingInterceptor - Content-Type: application/json
2026-09-11 23:02:20.990 [http-nio-8888-exec-3] INFO  c.c.i.HttpLoggingInterceptor - === RESPONSE END ===
2026-09-11 23:02:21.014 [http-nio-8888-exec-4] INFO  c.c.i.HttpLoggingInterceptor - === REQUEST START ===
2026-09-11 23:02:21.014 [http-nio-8888-exec-4] INFO  c.c.i.HttpLoggingInterceptor - Method: POST | URI: /api/getUploadedFileDetails
2026-09-11 23:02:21.014 [http-nio-8888-exec-4] INFO  c.c.i.HttpLoggingInterceptor - Remote Address: 0:0:0:0:0:0:0:1
2026-09-11 23:02:21.014 [http-nio-8888-exec-4] INFO  c.c.i.HttpLoggingInterceptor - === REQUEST END ===
2026-09-11 23:02:21.028 [http-nio-8888-exec-4] INFO  c.c.i.HttpLoggingInterceptor - === RESPONSE START ===
2026-09-11 23:02:21.028 [http-nio-8888-exec-4] INFO  c.c.i.HttpLoggingInterceptor - Status: 200 | Duration: 14ms
2026-09-11 23:02:21.029 [http-nio-8888-exec-4] INFO  c.c.i.HttpLoggingInterceptor - Content-Type: application/json
2026-09-11 23:02:21.029 [http-nio-8888-exec-4] INFO  c.c.i.HttpLoggingInterceptor - === RESPONSE END ===
2026-09-11 23:02:39.116 [http-nio-8888-exec-5] INFO  c.c.i.HttpLoggingInterceptor - === REQUEST START ===
2026-09-11 23:02:39.116 [http-nio-8888-exec-5] INFO  c.c.i.HttpLoggingInterceptor - Method: GET | URI: /api/file/ChandranS/Screenshot%202025-07-26%20135500.png/true
2026-09-11 23:02:39.116 [http-nio-8888-exec-5] INFO  c.c.i.HttpLoggingInterceptor - Remote Address: 0:0:0:0:0:0:0:1
2026-09-11 23:02:39.116 [http-nio-8888-exec-5] INFO  c.c.i.HttpLoggingInterceptor - === REQUEST END ===
2026-09-11 23:02:39.120 [http-nio-8888-exec-5] WARN  config.serviceI.ClientDocumentI - File not found: B:\projects\SpringBoot\LearnSpringBoot-main\.\documents\apiDocuments\ChandranS\Screenshot 2025-07-26 135500.png
2026-09-11 23:02:39.120 [http-nio-8888-exec-5] INFO  c.c.i.HttpLoggingInterceptor - === RESPONSE START ===
2026-09-11 23:02:39.120 [http-nio-8888-exec-5] INFO  c.c.i.HttpLoggingInterceptor - Status: 404 | Duration: 4ms
2026-09-11 23:02:39.120 [http-nio-8888-exec-5] INFO  c.c.i.HttpLoggingInterceptor - Content-Type: null
2026-09-11 23:02:39.120 [http-nio-8888-exec-5] INFO  c.c.i.HttpLoggingInterceptor - === RESPONSE END ===
2026-09-11 23:08:26.665 [http-nio-8888-exec-8] INFO  c.c.i.HttpLoggingInterceptor - === REQUEST START ===
2026-09-11 23:08:26.665 [http-nio-8888-exec-8] INFO  c.c.i.HttpLoggingInterceptor - Method: OPTIONS | URI: /api/getAllCustomerList
2026-09-11 23:08:26.665 [http-nio-8888-exec-8] INFO  c.c.i.HttpLoggingInterceptor - Remote Address: 0:0:0:0:0:0:0:1
2026-09-11 23:08:26.665 [http-nio-8888-exec-8] INFO  c.c.i.HttpLoggingInterceptor - === REQUEST END ===
2026-09-11 23:08:26.666 [http-nio-8888-exec-8] INFO  c.c.i.HttpLoggingInterceptor - === RESPONSE START ===
2026-09-11 23:08:26.666 [http-nio-8888-exec-8] INFO  c.c.i.HttpLoggingInterceptor - Status: 200 | Duration: 1ms
2026-09-11 23:08:26.666 [http-nio-8888-exec-8] INFO  c.c.i.HttpLoggingInterceptor - Content-Type: null
2026-09-11 23:08:26.666 [http-nio-8888-exec-8] INFO  c.c.i.HttpLoggingInterceptor - === RESPONSE END ===
2026-09-11 23:08:26.677 [http-nio-8888-exec-9] INFO  c.c.i.HttpLoggingInterceptor - === REQUEST START ===
2026-09-11 23:08:26.677 [http-nio-8888-exec-9] INFO  c.c.i.HttpLoggingInterceptor - Method: POST | URI: /api/getAllCustomerList
2026-09-11 23:08:26.677 [http-nio-8888-exec-9] INFO  c.c.i.HttpLoggingInterceptor - Remote Address: 0:0:0:0:0:0:0:1
2026-09-11 23:08:26.677 [http-nio-8888-exec-9] INFO  c.c.i.HttpLoggingInterceptor - === REQUEST END ===
2026-09-11 23:08:26.774 [http-nio-8888-exec-9] INFO  c.c.i.HttpLoggingInterceptor - === RESPONSE START ===
2026-09-11 23:08:26.775 [http-nio-8888-exec-9] INFO  c.c.i.HttpLoggingInterceptor - Status: 200 | Duration: 97ms
2026-09-11 23:08:26.775 [http-nio-8888-exec-9] INFO  c.c.i.HttpLoggingInterceptor - Content-Type: application/json
2026-09-11 23:08:26.775 [http-nio-8888-exec-9] INFO  c.c.i.HttpLoggingInterceptor - === RESPONSE END ===
2026-09-11 23:08:33.346 [http-nio-8888-exec-10] INFO  c.c.i.HttpLoggingInterceptor - === REQUEST START ===
2026-09-11 23:08:33.346 [http-nio-8888-exec-10] INFO  c.c.i.HttpLoggingInterceptor - Method: POST | URI: /api/getUploadedFileDetails
2026-09-11 23:08:33.346 [http-nio-8888-exec-10] INFO  c.c.i.HttpLoggingInterceptor - Remote Address: 0:0:0:0:0:0:0:1
2026-09-11 23:08:33.346 [http-nio-8888-exec-10] INFO  c.c.i.HttpLoggingInterceptor - === REQUEST END ===
2026-09-11 23:08:33.363 [http-nio-8888-exec-10] INFO  c.c.i.HttpLoggingInterceptor - === RESPONSE START ===
2026-09-11 23:08:33.363 [http-nio-8888-exec-10] INFO  c.c.i.HttpLoggingInterceptor - Status: 200 | Duration: 17ms
2026-09-11 23:08:33.363 [http-nio-8888-exec-10] INFO  c.c.i.HttpLoggingInterceptor - Content-Type: application/json
2026-09-11 23:08:33.363 [http-nio-8888-exec-10] INFO  c.c.i.HttpLoggingInterceptor - === RESPONSE END ===
2026-09-11 23:08:48.715 [RMI TCP Connection(16)-127.0.0.1] INFO  o.s.b.a.SpringApplicationAdminMXBeanRegistrar$SpringApplicationAdmin - Application shutdown requested.
2026-09-11 23:08:48.779 [RMI TCP Connection(16)-127.0.0.1] INFO  o.a.coyote.http11.Http11NioProtocol - Pausing ProtocolHandler ["http-nio-8888"]
2026-09-11 23:08:48.779 [RMI TCP Connection(16)-127.0.0.1] INFO  o.a.catalina.core.StandardService - Stopping service [Tomcat]
2026-09-11 23:08:48.794 [RMI TCP Connection(16)-127.0.0.1] INFO  o.a.c.c.C.[Tomcat].[localhost].[/] - Destroying Spring FrameworkServlet 'dispatcherServlet'
2026-09-11 23:08:48.798 [RMI TCP Connection(16)-127.0.0.1] WARN  o.a.c.loader.WebappClassLoaderBase - The web application [ROOT] appears to have started a thread named [reactor-http-nio-1] but has failed to stop it. This is very likely to create a memory leak. Stack trace of thread:
 java.base@17.0.5/sun.nio.ch.WEPoll.wait(Native Method)
 java.base@17.0.5/sun.nio.ch.WEPollSelectorImpl.doSelect(WEPollSelectorImpl.java:111)
 java.base@17.0.5/sun.nio.ch.SelectorImpl.lockAndDoSelect(SelectorImpl.java:129)
 java.base@17.0.5/sun.nio.ch.SelectorImpl.select(SelectorImpl.java:146)
 app//io.netty.channel.nio.SelectedSelectionKeySetSelector.select(SelectedSelectionKeySetSelector.java:68)
 app//io.netty.channel.nio.NioEventLoop.select(NioEventLoop.java:879)
 app//io.netty.channel.nio.NioEventLoop.run(NioEventLoop.java:526)
 app//io.netty.util.concurrent.SingleThreadEventExecutor$4.run(SingleThreadEventExecutor.java:997)
 app//io.netty.util.internal.ThreadExecutorMap$2.run(ThreadExecutorMap.java:74)
 app//io.netty.util.concurrent.FastThreadLocalRunnable.run(FastThreadLocalRunnable.java:30)
 java.base@17.0.5/java.lang.Thread.run(Thread.java:833)
2026-09-11 23:08:48.798 [RMI TCP Connection(16)-127.0.0.1] WARN  o.a.c.loader.WebappClassLoaderBase - The web application [ROOT] appears to have started a thread named [reactor-http-nio-2] but has failed to stop it. This is very likely to create a memory leak. Stack trace of thread:
 java.base@17.0.5/sun.nio.ch.WEPoll.wait(Native Method)
 java.base@17.0.5/sun.nio.ch.WEPollSelectorImpl.doSelect(WEPollSelectorImpl.java:111)
 java.base@17.0.5/sun.nio.ch.SelectorImpl.lockAndDoSelect(SelectorImpl.java:129)
 java.base@17.0.5/sun.nio.ch.SelectorImpl.select(SelectorImpl.java:146)
 app//io.netty.channel.nio.SelectedSelectionKeySetSelector.select(SelectedSelectionKeySetSelector.java:68)
 app//io.netty.channel.nio.NioEventLoop.select(NioEventLoop.java:879)
 app//io.netty.channel.nio.NioEventLoop.run(NioEventLoop.java:526)
 app//io.netty.util.concurrent.SingleThreadEventExecutor$4.run(SingleThreadEventExecutor.java:997)
 app//io.netty.util.internal.ThreadExecutorMap$2.run(ThreadExecutorMap.java:74)
 app//io.netty.util.concurrent.FastThreadLocalRunnable.run(FastThreadLocalRunnable.java:30)
 java.base@17.0.5/java.lang.Thread.run(Thread.java:833)
2026-09-11 23:08:48.798 [RMI TCP Connection(16)-127.0.0.1] WARN  o.a.c.loader.WebappClassLoaderBase - The web application [ROOT] appears to have started a thread named [reactor-http-nio-3] but has failed to stop it. This is very likely to create a memory leak. Stack trace of thread:
 java.base@17.0.5/sun.nio.ch.WEPoll.wait(Native Method)
 java.base@17.0.5/sun.nio.ch.WEPollSelectorImpl.doSelect(WEPollSelectorImpl.java:111)
 java.base@17.0.5/sun.nio.ch.SelectorImpl.lockAndDoSelect(SelectorImpl.java:129)
 java.base@17.0.5/sun.nio.ch.SelectorImpl.select(SelectorImpl.java:146)
 app//io.netty.channel.nio.SelectedSelectionKeySetSelector.select(SelectedSelectionKeySetSelector.java:68)
 app//io.netty.channel.nio.NioEventLoop.select(NioEventLoop.java:879)
 app//io.netty.channel.nio.NioEventLoop.run(NioEventLoop.java:526)
 app//io.netty.util.concurrent.SingleThreadEventExecutor$4.run(SingleThreadEventExecutor.java:997)
 app//io.netty.util.internal.ThreadExecutorMap$2.run(ThreadExecutorMap.java:74)
 app//io.netty.util.concurrent.FastThreadLocalRunnable.run(FastThreadLocalRunnable.java:30)
 java.base@17.0.5/java.lang.Thread.run(Thread.java:833)
2026-09-11 23:08:48.798 [RMI TCP Connection(16)-127.0.0.1] WARN  o.a.c.loader.WebappClassLoaderBase - The web application [ROOT] appears to have started a thread named [reactor-http-nio-4] but has failed to stop it. This is very likely to create a memory leak. Stack trace of thread:
 java.base@17.0.5/sun.nio.ch.WEPoll.wait(Native Method)
 java.base@17.0.5/sun.nio.ch.WEPollSelectorImpl.doSelect(WEPollSelectorImpl.java:111)
 java.base@17.0.5/sun.nio.ch.SelectorImpl.lockAndDoSelect(SelectorImpl.java:129)
 java.base@17.0.5/sun.nio.ch.SelectorImpl.select(SelectorImpl.java:146)
 app//io.netty.channel.nio.SelectedSelectionKeySetSelector.select(SelectedSelectionKeySetSelector.java:68)
 app//io.netty.channel.nio.NioEventLoop.select(NioEventLoop.java:879)
 app//io.netty.channel.nio.NioEventLoop.run(NioEventLoop.java:526)
 app//io.netty.util.concurrent.SingleThreadEventExecutor$4.run(SingleThreadEventExecutor.java:997)
 app//io.netty.util.internal.ThreadExecutorMap$2.run(ThreadExecutorMap.java:74)
 app//io.netty.util.concurrent.FastThreadLocalRunnable.run(FastThreadLocalRunnable.java:30)
 java.base@17.0.5/java.lang.Thread.run(Thread.java:833)
2026-09-11 23:08:48.798 [RMI TCP Connection(16)-127.0.0.1] WARN  o.a.c.loader.WebappClassLoaderBase - The web application [ROOT] appears to have started a thread named [reactor-http-nio-5] but has failed to stop it. This is very likely to create a memory leak. Stack trace of thread:
 java.base@17.0.5/sun.nio.ch.WEPoll.wait(Native Method)
 java.base@17.0.5/sun.nio.ch.WEPollSelectorImpl.doSelect(WEPollSelectorImpl.java:111)
 java.base@17.0.5/sun.nio.ch.SelectorImpl.lockAndDoSelect(SelectorImpl.java:129)
 java.base@17.0.5/sun.nio.ch.SelectorImpl.select(SelectorImpl.java:146)
 app//io.netty.channel.nio.SelectedSelectionKeySetSelector.select(SelectedSelectionKeySetSelector.java:68)
 app//io.netty.channel.nio.NioEventLoop.select(NioEventLoop.java:879)
 app//io.netty.channel.nio.NioEventLoop.run(NioEventLoop.java:526)
 app//io.netty.util.concurrent.SingleThreadEventExecutor$4.run(SingleThreadEventExecutor.java:997)
 app//io.netty.util.internal.ThreadExecutorMap$2.run(ThreadExecutorMap.java:74)
 app//io.netty.util.concurrent.FastThreadLocalRunnable.run(FastThreadLocalRunnable.java:30)
 java.base@17.0.5/java.lang.Thread.run(Thread.java:833)
2026-09-11 23:08:48.798 [RMI TCP Connection(16)-127.0.0.1] WARN  o.a.c.loader.WebappClassLoaderBase - The web application [ROOT] appears to have started a thread named [reactor-http-nio-6] but has failed to stop it. This is very likely to create a memory leak. Stack trace of thread:
 java.base@17.0.5/sun.nio.ch.WEPoll.wait(Native Method)
 java.base@17.0.5/sun.nio.ch.WEPollSelectorImpl.doSelect(WEPollSelectorImpl.java:111)
 java.base@17.0.5/sun.nio.ch.SelectorImpl.lockAndDoSelect(SelectorImpl.java:129)
 java.base@17.0.5/sun.nio.ch.SelectorImpl.select(SelectorImpl.java:146)
 app//io.netty.channel.nio.SelectedSelectionKeySetSelector.select(SelectedSelectionKeySetSelector.java:68)
 app//io.netty.channel.nio.NioEventLoop.select(NioEventLoop.java:879)
 app//io.netty.channel.nio.NioEventLoop.run(NioEventLoop.java:526)
 app//io.netty.util.concurrent.SingleThreadEventExecutor$4.run(SingleThreadEventExecutor.java:997)
 app//io.netty.util.internal.ThreadExecutorMap$2.run(ThreadExecutorMap.java:74)
 app//io.netty.util.concurrent.FastThreadLocalRunnable.run(FastThreadLocalRunnable.java:30)
 java.base@17.0.5/java.lang.Thread.run(Thread.java:833)
2026-09-11 23:08:48.798 [RMI TCP Connection(16)-127.0.0.1] WARN  o.a.c.loader.WebappClassLoaderBase - The web application [ROOT] appears to have started a thread named [reactor-http-nio-7] but has failed to stop it. This is very likely to create a memory leak. Stack trace of thread:
 java.base@17.0.5/sun.nio.ch.WEPoll.wait(Native Method)
 java.base@17.0.5/sun.nio.ch.WEPollSelectorImpl.doSelect(WEPollSelectorImpl.java:111)
 java.base@17.0.5/sun.nio.ch.SelectorImpl.lockAndDoSelect(SelectorImpl.java:129)
 java.base@17.0.5/sun.nio.ch.SelectorImpl.select(SelectorImpl.java:146)
 app//io.netty.channel.nio.SelectedSelectionKeySetSelector.select(SelectedSelectionKeySetSelector.java:68)
 app//io.netty.channel.nio.NioEventLoop.select(NioEventLoop.java:879)
 app//io.netty.channel.nio.NioEventLoop.run(NioEventLoop.java:526)
 app//io.netty.util.concurrent.SingleThreadEventExecutor$4.run(SingleThreadEventExecutor.java:997)
 app//io.netty.util.internal.ThreadExecutorMap$2.run(ThreadExecutorMap.java:74)
 app//io.netty.util.concurrent.FastThreadLocalRunnable.run(FastThreadLocalRunnable.java:30)
 java.base@17.0.5/java.lang.Thread.run(Thread.java:833)
2026-09-11 23:08:48.798 [RMI TCP Connection(16)-127.0.0.1] WARN  o.a.c.loader.WebappClassLoaderBase - The web application [ROOT] appears to have started a thread named [reactor-http-nio-8] but has failed to stop it. This is very likely to create a memory leak. Stack trace of thread:
 java.base@17.0.5/sun.nio.ch.WEPoll.wait(Native Method)
 java.base@17.0.5/sun.nio.ch.WEPollSelectorImpl.doSelect(WEPollSelectorImpl.java:111)
 java.base@17.0.5/sun.nio.ch.SelectorImpl.lockAndDoSelect(SelectorImpl.java:129)
 java.base@17.0.5/sun.nio.ch.SelectorImpl.select(SelectorImpl.java:146)
 app//io.netty.channel.nio.SelectedSelectionKeySetSelector.select(SelectedSelectionKeySetSelector.java:68)
 app//io.netty.channel.nio.NioEventLoop.select(NioEventLoop.java:879)
 app//io.netty.channel.nio.NioEventLoop.run(NioEventLoop.java:526)
 app//io.netty.util.concurrent.SingleThreadEventExecutor$4.run(SingleThreadEventExecutor.java:997)
 app//io.netty.util.internal.ThreadExecutorMap$2.run(ThreadExecutorMap.java:74)
 app//io.netty.util.concurrent.FastThreadLocalRunnable.run(FastThreadLocalRunnable.java:30)
 java.base@17.0.5/java.lang.Thread.run(Thread.java:833)
2026-09-11 23:08:48.798 [RMI TCP Connection(16)-127.0.0.1] WARN  o.a.c.loader.WebappClassLoaderBase - The web application [ROOT] appears to have started a thread named [reactor-http-nio-9] but has failed to stop it. This is very likely to create a memory leak. Stack trace of thread:
 java.base@17.0.5/sun.nio.ch.WEPoll.wait(Native Method)
 java.base@17.0.5/sun.nio.ch.WEPollSelectorImpl.doSelect(WEPollSelectorImpl.java:111)
 java.base@17.0.5/sun.nio.ch.SelectorImpl.lockAndDoSelect(SelectorImpl.java:129)
 java.base@17.0.5/sun.nio.ch.SelectorImpl.select(SelectorImpl.java:146)
 app//io.netty.channel.nio.SelectedSelectionKeySetSelector.select(SelectedSelectionKeySetSelector.java:68)
 app//io.netty.channel.nio.NioEventLoop.select(NioEventLoop.java:879)
 app//io.netty.channel.nio.NioEventLoop.run(NioEventLoop.java:526)
 app//io.netty.util.concurrent.SingleThreadEventExecutor$4.run(SingleThreadEventExecutor.java:997)
 app//io.netty.util.internal.ThreadExecutorMap$2.run(ThreadExecutorMap.java:74)
 app//io.netty.util.concurrent.FastThreadLocalRunnable.run(FastThreadLocalRunnable.java:30)
 java.base@17.0.5/java.lang.Thread.run(Thread.java:833)
2026-09-11 23:08:48.798 [RMI TCP Connection(16)-127.0.0.1] WARN  o.a.c.loader.WebappClassLoaderBase - The web application [ROOT] appears to have started a thread named [reactor-http-nio-10] but has failed to stop it. This is very likely to create a memory leak. Stack trace of thread:
 java.base@17.0.5/sun.nio.ch.WEPoll.wait(Native Method)
 java.base@17.0.5/sun.nio.ch.WEPollSelectorImpl.doSelect(WEPollSelectorImpl.java:111)
 java.base@17.0.5/sun.nio.ch.SelectorImpl.lockAndDoSelect(SelectorImpl.java:129)
 java.base@17.0.5/sun.nio.ch.SelectorImpl.select(SelectorImpl.java:146)
 app//io.netty.channel.nio.SelectedSelectionKeySetSelector.select(SelectedSelectionKeySetSelector.java:68)
 app//io.netty.channel.nio.NioEventLoop.select(NioEventLoop.java:879)
 app//io.netty.channel.nio.NioEventLoop.run(NioEventLoop.java:526)
 app//io.netty.util.concurrent.SingleThreadEventExecutor$4.run(SingleThreadEventExecutor.java:997)
 app//io.netty.util.internal.ThreadExecutorMap$2.run(ThreadExecutorMap.java:74)
 app//io.netty.util.concurrent.FastThreadLocalRunnable.run(FastThreadLocalRunnable.java:30)
 java.base@17.0.5/java.lang.Thread.run(Thread.java:833)
2026-09-11 23:08:48.798 [RMI TCP Connection(16)-127.0.0.1] WARN  o.a.c.loader.WebappClassLoaderBase - The web application [ROOT] appears to have started a thread named [reactor-http-nio-11] but has failed to stop it. This is very likely to create a memory leak. Stack trace of thread:
 java.base@17.0.5/sun.nio.ch.WEPoll.wait(Native Method)
 java.base@17.0.5/sun.nio.ch.WEPollSelectorImpl.doSelect(WEPollSelectorImpl.java:111)
 java.base@17.0.5/sun.nio.ch.SelectorImpl.lockAndDoSelect(SelectorImpl.java:129)
 java.base@17.0.5/sun.nio.ch.SelectorImpl.select(SelectorImpl.java:146)
 app//io.netty.channel.nio.SelectedSelectionKeySetSelector.select(SelectedSelectionKeySetSelector.java:68)
 app//io.netty.channel.nio.NioEventLoop.select(NioEventLoop.java:879)
 app//io.netty.channel.nio.NioEventLoop.run(NioEventLoop.java:526)
 app//io.netty.util.concurrent.SingleThreadEventExecutor$4.run(SingleThreadEventExecutor.java:997)
 app//io.netty.util.internal.ThreadExecutorMap$2.run(ThreadExecutorMap.java:74)
 app//io.netty.util.concurrent.FastThreadLocalRunnable.run(FastThreadLocalRunnable.java:30)
 java.base@17.0.5/java.lang.Thread.run(Thread.java:833)
2026-09-11 23:08:48.798 [RMI TCP Connection(16)-127.0.0.1] WARN  o.a.c.loader.WebappClassLoaderBase - The web application [ROOT] appears to have started a thread named [reactor-http-nio-12] but has failed to stop it. This is very likely to create a memory leak. Stack trace of thread:
 java.base@17.0.5/sun.nio.ch.WEPoll.wait(Native Method)
 java.base@17.0.5/sun.nio.ch.WEPollSelectorImpl.doSelect(WEPollSelectorImpl.java:111)
 java.base@17.0.5/sun.nio.ch.SelectorImpl.lockAndDoSelect(SelectorImpl.java:129)
 java.base@17.0.5/sun.nio.ch.SelectorImpl.select(SelectorImpl.java:146)
 app//io.netty.channel.nio.SelectedSelectionKeySetSelector.select(SelectedSelectionKeySetSelector.java:68)
 app//io.netty.channel.nio.NioEventLoop.select(NioEventLoop.java:879)
 app//io.netty.channel.nio.NioEventLoop.run(NioEventLoop.java:526)
 app//io.netty.util.concurrent.SingleThreadEventExecutor$4.run(SingleThreadEventExecutor.java:997)
 app//io.netty.util.internal.ThreadExecutorMap$2.run(ThreadExecutorMap.java:74)
 app//io.netty.util.concurrent.FastThreadLocalRunnable.run(FastThreadLocalRunnable.java:30)
 java.base@17.0.5/java.lang.Thread.run(Thread.java:833)
2026-09-11 23:08:48.815 [RMI TCP Connection(16)-127.0.0.1] INFO  o.a.coyote.http11.Http11NioProtocol - Stopping ProtocolHandler ["http-nio-8888"]
2026-09-11 23:08:48.823 [RMI TCP Connection(16)-127.0.0.1] INFO  o.a.coyote.http11.Http11NioProtocol - Destroying ProtocolHandler ["http-nio-8888"]
2026-09-11 23:08:48.832 [RMI TCP Connection(16)-127.0.0.1] INFO  o.s.o.j.LocalContainerEntityManagerFactoryBean - Closing JPA EntityManagerFactory for persistence unit 'default'
2026-09-11 23:08:48.833 [RMI TCP Connection(16)-127.0.0.1] INFO  com.zaxxer.hikari.HikariDataSource - HikariPool-1 - Shutdown initiated...
2026-09-11 23:08:48.849 [RMI TCP Connection(16)-127.0.0.1] INFO  com.zaxxer.hikari.HikariDataSource - HikariPool-1 - Shutdown completed.
2026-09-11 23:09:03.017 [main] INFO  config.SpringCrudApplication - Starting SpringCrudApplication using Java 17.0.5 with PID 22060 (B:\projects\SpringBoot\LearnSpringBoot-main\target\classes started by murug in B:\projects\SpringBoot\LearnSpringBoot-main)
2026-09-11 23:09:03.019 [main] DEBUG config.SpringCrudApplication - Running with Spring Boot v3.1.5, Spring v6.0.13
2026-09-11 23:09:03.020 [main] INFO  config.SpringCrudApplication - The following 1 profile is active: "dev"
2026-09-11 23:09:04.171 [main] INFO  o.s.d.r.c.RepositoryConfigurationDelegate - Bootstrapping Spring Data JPA repositories in DEFAULT mode.
2026-09-11 23:09:04.399 [main] INFO  o.s.d.r.c.RepositoryConfigurationDelegate - Finished Spring Data repository scanning in 215 ms. Found 7 JPA repository interfaces.
2026-09-11 23:09:05.103 [main] INFO  o.s.b.w.e.tomcat.TomcatWebServer - Tomcat initialized with port(s): 8888 (http)
2026-09-11 23:09:05.113 [main] INFO  o.a.coyote.http11.Http11NioProtocol - Initializing ProtocolHandler ["http-nio-8888"]
2026-09-11 23:09:05.115 [main] INFO  o.a.catalina.core.StandardService - Starting service [Tomcat]
2026-09-11 23:09:05.115 [main] INFO  o.a.catalina.core.StandardEngine - Starting Servlet engine: [Apache Tomcat/10.1.15]
2026-09-11 23:09:05.250 [main] INFO  o.a.c.c.C.[Tomcat].[localhost].[/] - Initializing Spring embedded WebApplicationContext
2026-09-11 23:09:05.250 [main] INFO  o.s.b.w.s.c.ServletWebServerApplicationContext - Root WebApplicationContext: initialization completed in 2164 ms
2026-09-11 23:09:05.900 [main] INFO  o.s.o.j.p.SpringPersistenceUnitInfo - No LoadTimeWeaver setup: ignoring JPA class transformer
2026-09-11 23:09:05.941 [main] INFO  com.zaxxer.hikari.HikariDataSource - HikariPool-1 - Starting...
2026-09-11 23:09:06.435 [main] INFO  com.zaxxer.hikari.pool.HikariPool - HikariPool-1 - Added connection ConnectionID:1 ClientConnectionId: 548c8733-5251-415b-8116-c5aaac18ff63
2026-09-11 23:09:06.437 [main] INFO  com.zaxxer.hikari.HikariDataSource - HikariPool-1 - Start completed.
2026-09-11 23:09:06.471 [main] WARN  org.hibernate.orm.deprecation - HHH90000025: SQLServerDialect does not need to be specified explicitly using 'hibernate.dialect' (remove the property setting and it will be selected by default)
2026-09-11 23:09:09.438 [main] WARN  o.h.t.s.i.ExceptionHandlerLoggedImpl - GenerationTarget encountered exception accepting command : Error executing DDL "
    create table ClientDocuments (
        fileId bigint identity not null,
        fileName varchar(255),
        filePath varchar(255),
        fileSize varchar(255),
        fileType varchar(255),
        uploadedBy varchar(255),
        uploadedDate date,
        userAccountId bigint not null,
        primary key (fileId)
    )" via JDBC [There is already an object named 'ClientDocuments' in the database.]
org.hibernate.tool.schema.spi.CommandAcceptanceException: Error executing DDL "
    create table ClientDocuments (
        fileId bigint identity not null,
        fileName varchar(255),
        filePath varchar(255),
        fileSize varchar(255),
        fileType varchar(255),
        uploadedBy varchar(255),
        uploadedDate date,
        userAccountId bigint not null,
        primary key (fileId)
    )" via JDBC [There is already an object named 'ClientDocuments' in the database.]
	at org.hibernate.tool.schema.internal.exec.GenerationTargetToDatabase.accept(GenerationTargetToDatabase.java:94)
	at org.hibernate.tool.schema.internal.AbstractSchemaMigrator.applySqlString(AbstractSchemaMigrator.java:574)
	at org.hibernate.tool.schema.internal.AbstractSchemaMigrator.applySqlStrings(AbstractSchemaMigrator.java:514)
	at org.hibernate.tool.schema.internal.AbstractSchemaMigrator.createTable(AbstractSchemaMigrator.java:315)
	at org.hibernate.tool.schema.internal.GroupedSchemaMigratorImpl.performTablesMigration(GroupedSchemaMigratorImpl.java:80)
	at org.hibernate.tool.schema.internal.AbstractSchemaMigrator.performMigration(AbstractSchemaMigrator.java:232)
	at org.hibernate.tool.schema.internal.AbstractSchemaMigrator.doMigration(AbstractSchemaMigrator.java:117)
	at org.hibernate.tool.schema.spi.SchemaManagementToolCoordinator.performDatabaseAction(SchemaManagementToolCoordinator.java:284)
	at org.hibernate.tool.schema.spi.SchemaManagementToolCoordinator.lambda$process$5(SchemaManagementToolCoordinator.java:143)
	at java.base/java.util.HashMap.forEach(HashMap.java:1421)
	at org.hibernate.tool.schema.spi.SchemaManagementToolCoordinator.process(SchemaManagementToolCoordinator.java:140)
	at org.hibernate.boot.internal.SessionFactoryObserverForSchemaExport.sessionFactoryCreated(SessionFactoryObserverForSchemaExport.java:37)
	at org.hibernate.internal.SessionFactoryObserverChain.sessionFactoryCreated(SessionFactoryObserverChain.java:35)
	at org.hibernate.internal.SessionFactoryImpl.<init>(SessionFactoryImpl.java:293)
	at org.hibernate.boot.internal.SessionFactoryBuilderImpl.build(SessionFactoryBuilderImpl.java:444)
	at org.hibernate.jpa.boot.internal.EntityManagerFactoryBuilderImpl.build(EntityManagerFactoryBuilderImpl.java:1458)
	at org.springframework.orm.jpa.vendor.SpringHibernateJpaPersistenceProvider.createContainerEntityManagerFactory(SpringHibernateJpaPersistenceProvider.java:75)
	at org.springframework.orm.jpa.LocalContainerEntityManagerFactoryBean.createNativeEntityManagerFactory(LocalContainerEntityManagerFactoryBean.java:376)
	at org.springframework.orm.jpa.AbstractEntityManagerFactoryBean.buildNativeEntityManagerFactory(AbstractEntityManagerFactoryBean.java:409)
	at org.springframework.orm.jpa.AbstractEntityManagerFactoryBean.afterPropertiesSet(AbstractEntityManagerFactoryBean.java:396)
	at org.springframework.orm.jpa.LocalContainerEntityManagerFactoryBean.afterPropertiesSet(LocalContainerEntityManagerFactoryBean.java:352)
	at org.springframework.beans.factory.support.AbstractAutowireCapableBeanFactory.invokeInitMethods(AbstractAutowireCapableBeanFactory.java:1817)
	at org.springframework.beans.factory.support.AbstractAutowireCapableBeanFactory.initializeBean(AbstractAutowireCapableBeanFactory.java:1766)
	at org.springframework.beans.factory.support.AbstractAutowireCapableBeanFactory.doCreateBean(AbstractAutowireCapableBeanFactory.java:598)
	at org.springframework.beans.factory.support.AbstractAutowireCapableBeanFactory.createBean(AbstractAutowireCapableBeanFactory.java:520)
	at org.springframework.beans.factory.support.AbstractBeanFactory.lambda$doGetBean$0(AbstractBeanFactory.java:325)
	at org.springframework.beans.factory.support.DefaultSingletonBeanRegistry.getSingleton(DefaultSingletonBeanRegistry.java:234)
	at org.springframework.beans.factory.support.AbstractBeanFactory.doGetBean(AbstractBeanFactory.java:323)
	at org.springframework.beans.factory.support.AbstractBeanFactory.getBean(AbstractBeanFactory.java:199)
	at org.springframework.context.support.AbstractApplicationContext.getBean(AbstractApplicationContext.java:1166)
	at org.springframework.context.support.AbstractApplicationContext.finishBeanFactoryInitialization(AbstractApplicationContext.java:940)
	at org.springframework.context.support.AbstractApplicationContext.refresh(AbstractApplicationContext.java:616)
	at org.springframework.boot.web.servlet.context.ServletWebServerApplicationContext.refresh(ServletWebServerApplicationContext.java:146)
	at org.springframework.boot.SpringApplication.refresh(SpringApplication.java:738)
	at org.springframework.boot.SpringApplication.refreshContext(SpringApplication.java:440)
	at org.springframework.boot.SpringApplication.run(SpringApplication.java:316)
	at org.springframework.boot.SpringApplication.run(SpringApplication.java:1306)
	at org.springframework.boot.SpringApplication.run(SpringApplication.java:1295)
	at config.SpringCrudApplication.main(SpringCrudApplication.java:21)
Caused by: com.microsoft.sqlserver.jdbc.SQLServerException: There is already an object named 'ClientDocuments' in the database.
	at com.microsoft.sqlserver.jdbc.SQLServerException.makeFromDatabaseError(SQLServerException.java:265)
	at com.microsoft.sqlserver.jdbc.SQLServerStatement.getNextResult(SQLServerStatement.java:1676)
	at com.microsoft.sqlserver.jdbc.SQLServerStatement.doExecuteStatement(SQLServerStatement.java:907)
	at com.microsoft.sqlserver.jdbc.SQLServerStatement$StmtExecCmd.doExecute(SQLServerStatement.java:802)
	at com.microsoft.sqlserver.jdbc.TDSCommand.execute(IOBuffer.java:7620)
	at com.microsoft.sqlserver.jdbc.SQLServerConnection.executeCommand(SQLServerConnection.java:3916)
	at com.microsoft.sqlserver.jdbc.SQLServerStatement.executeCommand(SQLServerStatement.java:268)
	at com.microsoft.sqlserver.jdbc.SQLServerStatement.executeStatement(SQLServerStatement.java:242)
	at com.microsoft.sqlserver.jdbc.SQLServerStatement.execute(SQLServerStatement.java:775)
	at com.zaxxer.hikari.pool.ProxyStatement.execute(ProxyStatement.java:94)
	at com.zaxxer.hikari.pool.HikariProxyStatement.execute(HikariProxyStatement.java)
	at org.hibernate.tool.schema.internal.exec.GenerationTargetToDatabase.accept(GenerationTargetToDatabase.java:80)
	... 38 common frames omitted
2026-09-11 23:09:09.442 [main] WARN  o.h.t.s.i.ExceptionHandlerLoggedImpl - GenerationTarget encountered exception accepting command : Error executing DDL "
    create table CustomerList (
        customerId bigint identity not null,
        endDate date,
        firstName varchar(255),
        gender varchar(255),
        lastName varchar(255),
        loanAmount bigint,
        loanType varchar(255),
        mobileNumber bigint,
        startDate date,
        totalPaid bigint,
        totalPayable bigint,
        userAccountId bigint,
        primary key (customerId)
    )" via JDBC [There is already an object named 'CustomerList' in the database.]
org.hibernate.tool.schema.spi.CommandAcceptanceException: Error executing DDL "
    create table CustomerList (
        customerId bigint identity not null,
        endDate date,
        firstName varchar(255),
        gender varchar(255),
        lastName varchar(255),
        loanAmount bigint,
        loanType varchar(255),
        mobileNumber bigint,
        startDate date,
        totalPaid bigint,
        totalPayable bigint,
        userAccountId bigint,
        primary key (customerId)
    )" via JDBC [There is already an object named 'CustomerList' in the database.]
	at org.hibernate.tool.schema.internal.exec.GenerationTargetToDatabase.accept(GenerationTargetToDatabase.java:94)
	at org.hibernate.tool.schema.internal.AbstractSchemaMigrator.applySqlString(AbstractSchemaMigrator.java:574)
	at org.hibernate.tool.schema.internal.AbstractSchemaMigrator.applySqlStrings(AbstractSchemaMigrator.java:514)
	at org.hibernate.tool.schema.internal.AbstractSchemaMigrator.createTable(AbstractSchemaMigrator.java:315)
	at org.hibernate.tool.schema.internal.GroupedSchemaMigratorImpl.performTablesMigration(GroupedSchemaMigratorImpl.java:80)
	at org.hibernate.tool.schema.internal.AbstractSchemaMigrator.performMigration(AbstractSchemaMigrator.java:232)
	at org.hibernate.tool.schema.internal.AbstractSchemaMigrator.doMigration(AbstractSchemaMigrator.java:117)
	at org.hibernate.tool.schema.spi.SchemaManagementToolCoordinator.performDatabaseAction(SchemaManagementToolCoordinator.java:284)
	at org.hibernate.tool.schema.spi.SchemaManagementToolCoordinator.lambda$process$5(SchemaManagementToolCoordinator.java:143)
	at java.base/java.util.HashMap.forEach(HashMap.java:1421)
	at org.hibernate.tool.schema.spi.SchemaManagementToolCoordinator.process(SchemaManagementToolCoordinator.java:140)
	at org.hibernate.boot.internal.SessionFactoryObserverForSchemaExport.sessionFactoryCreated(SessionFactoryObserverForSchemaExport.java:37)
	at org.hibernate.internal.SessionFactoryObserverChain.sessionFactoryCreated(SessionFactoryObserverChain.java:35)
	at org.hibernate.internal.SessionFactoryImpl.<init>(SessionFactoryImpl.java:293)
	at org.hibernate.boot.internal.SessionFactoryBuilderImpl.build(SessionFactoryBuilderImpl.java:444)
	at org.hibernate.jpa.boot.internal.EntityManagerFactoryBuilderImpl.build(EntityManagerFactoryBuilderImpl.java:1458)
	at org.springframework.orm.jpa.vendor.SpringHibernateJpaPersistenceProvider.createContainerEntityManagerFactory(SpringHibernateJpaPersistenceProvider.java:75)
	at org.springframework.orm.jpa.LocalContainerEntityManagerFactoryBean.createNativeEntityManagerFactory(LocalContainerEntityManagerFactoryBean.java:376)
	at org.springframework.orm.jpa.AbstractEntityManagerFactoryBean.buildNativeEntityManagerFactory(AbstractEntityManagerFactoryBean.java:409)
	at org.springframework.orm.jpa.AbstractEntityManagerFactoryBean.afterPropertiesSet(AbstractEntityManagerFactoryBean.java:396)
	at org.springframework.orm.jpa.LocalContainerEntityManagerFactoryBean.afterPropertiesSet(LocalContainerEntityManagerFactoryBean.java:352)
	at org.springframework.beans.factory.support.AbstractAutowireCapableBeanFactory.invokeInitMethods(AbstractAutowireCapableBeanFactory.java:1817)
	at org.springframework.beans.factory.support.AbstractAutowireCapableBeanFactory.initializeBean(AbstractAutowireCapableBeanFactory.java:1766)
	at org.springframework.beans.factory.support.AbstractAutowireCapableBeanFactory.doCreateBean(AbstractAutowireCapableBeanFactory.java:598)
	at org.springframework.beans.factory.support.AbstractAutowireCapableBeanFactory.createBean(AbstractAutowireCapableBeanFactory.java:520)
	at org.springframework.beans.factory.support.AbstractBeanFactory.lambda$doGetBean$0(AbstractBeanFactory.java:325)
	at org.springframework.beans.factory.support.DefaultSingletonBeanRegistry.getSingleton(DefaultSingletonBeanRegistry.java:234)
	at org.springframework.beans.factory.support.AbstractBeanFactory.doGetBean(AbstractBeanFactory.java:323)
	at org.springframework.beans.factory.support.AbstractBeanFactory.getBean(AbstractBeanFactory.java:199)
	at org.springframework.context.support.AbstractApplicationContext.getBean(AbstractApplicationContext.java:1166)
	at org.springframework.context.support.AbstractApplicationContext.finishBeanFactoryInitialization(AbstractApplicationContext.java:940)
	at org.springframework.context.support.AbstractApplicationContext.refresh(AbstractApplicationContext.java:616)
	at org.springframework.boot.web.servlet.context.ServletWebServerApplicationContext.refresh(ServletWebServerApplicationContext.java:146)
	at org.springframework.boot.SpringApplication.refresh(SpringApplication.java:738)
	at org.springframework.boot.SpringApplication.refreshContext(SpringApplication.java:440)
	at org.springframework.boot.SpringApplication.run(SpringApplication.java:316)
	at org.springframework.boot.SpringApplication.run(SpringApplication.java:1306)
	at org.springframework.boot.SpringApplication.run(SpringApplication.java:1295)
	at config.SpringCrudApplication.main(SpringCrudApplication.java:21)
Caused by: com.microsoft.sqlserver.jdbc.SQLServerException: There is already an object named 'CustomerList' in the database.
	at com.microsoft.sqlserver.jdbc.SQLServerException.makeFromDatabaseError(SQLServerException.java:265)
	at com.microsoft.sqlserver.jdbc.SQLServerStatement.getNextResult(SQLServerStatement.java:1676)
	at com.microsoft.sqlserver.jdbc.SQLServerStatement.doExecuteStatement(SQLServerStatement.java:907)
	at com.microsoft.sqlserver.jdbc.SQLServerStatement$StmtExecCmd.doExecute(SQLServerStatement.java:802)
	at com.microsoft.sqlserver.jdbc.TDSCommand.execute(IOBuffer.java:7620)
	at com.microsoft.sqlserver.jdbc.SQLServerConnection.executeCommand(SQLServerConnection.java:3916)
	at com.microsoft.sqlserver.jdbc.SQLServerStatement.executeCommand(SQLServerStatement.java:268)
	at com.microsoft.sqlserver.jdbc.SQLServerStatement.executeStatement(SQLServerStatement.java:242)
	at com.microsoft.sqlserver.jdbc.SQLServerStatement.execute(SQLServerStatement.java:775)
	at com.zaxxer.hikari.pool.ProxyStatement.execute(ProxyStatement.java:94)
	at com.zaxxer.hikari.pool.HikariProxyStatement.execute(HikariProxyStatement.java)
	at org.hibernate.tool.schema.internal.exec.GenerationTargetToDatabase.accept(GenerationTargetToDatabase.java:80)
	... 38 common frames omitted
2026-09-11 23:09:09.444 [main] WARN  o.h.t.s.i.ExceptionHandlerLoggedImpl - GenerationTarget encountered exception accepting command : Error executing DDL "
    create table NavigationMenu (
        menuId bigint identity not null,
        menuName varchar(255),
        primary key (menuId)
    )" via JDBC [There is already an object named 'NavigationMenu' in the database.]
org.hibernate.tool.schema.spi.CommandAcceptanceException: Error executing DDL "
    create table NavigationMenu (
        menuId bigint identity not null,
        menuName varchar(255),
        primary key (menuId)
    )" via JDBC [There is already an object named 'NavigationMenu' in the database.]
	at org.hibernate.tool.schema.internal.exec.GenerationTargetToDatabase.accept(GenerationTargetToDatabase.java:94)
	at org.hibernate.tool.schema.internal.AbstractSchemaMigrator.applySqlString(AbstractSchemaMigrator.java:574)
	at org.hibernate.tool.schema.internal.AbstractSchemaMigrator.applySqlStrings(AbstractSchemaMigrator.java:514)
	at org.hibernate.tool.schema.internal.AbstractSchemaMigrator.createTable(AbstractSchemaMigrator.java:315)
	at org.hibernate.tool.schema.internal.GroupedSchemaMigratorImpl.performTablesMigration(GroupedSchemaMigratorImpl.java:80)
	at org.hibernate.tool.schema.internal.AbstractSchemaMigrator.performMigration(AbstractSchemaMigrator.java:232)
	at org.hibernate.tool.schema.internal.AbstractSchemaMigrator.doMigration(AbstractSchemaMigrator.java:117)
	at org.hibernate.tool.schema.spi.SchemaManagementToolCoordinator.performDatabaseAction(SchemaManagementToolCoordinator.java:284)
	at org.hibernate.tool.schema.spi.SchemaManagementToolCoordinator.lambda$process$5(SchemaManagementToolCoordinator.java:143)
	at java.base/java.util.HashMap.forEach(HashMap.java:1421)
	at org.hibernate.tool.schema.spi.SchemaManagementToolCoordinator.process(SchemaManagementToolCoordinator.java:140)
	at org.hibernate.boot.internal.SessionFactoryObserverForSchemaExport.sessionFactoryCreated(SessionFactoryObserverForSchemaExport.java:37)
	at org.hibernate.internal.SessionFactoryObserverChain.sessionFactoryCreated(SessionFactoryObserverChain.java:35)
	at org.hibernate.internal.SessionFactoryImpl.<init>(SessionFactoryImpl.java:293)
	at org.hibernate.boot.internal.SessionFactoryBuilderImpl.build(SessionFactoryBuilderImpl.java:444)
	at org.hibernate.jpa.boot.internal.EntityManagerFactoryBuilderImpl.build(EntityManagerFactoryBuilderImpl.java:1458)
	at org.springframework.orm.jpa.vendor.SpringHibernateJpaPersistenceProvider.createContainerEntityManagerFactory(SpringHibernateJpaPersistenceProvider.java:75)
	at org.springframework.orm.jpa.LocalContainerEntityManagerFactoryBean.createNativeEntityManagerFactory(LocalContainerEntityManagerFactoryBean.java:376)
	at org.springframework.orm.jpa.AbstractEntityManagerFactoryBean.buildNativeEntityManagerFactory(AbstractEntityManagerFactoryBean.java:409)
	at org.springframework.orm.jpa.AbstractEntityManagerFactoryBean.afterPropertiesSet(AbstractEntityManagerFactoryBean.java:396)
	at org.springframework.orm.jpa.LocalContainerEntityManagerFactoryBean.afterPropertiesSet(LocalContainerEntityManagerFactoryBean.java:352)
	at org.springframework.beans.factory.support.AbstractAutowireCapableBeanFactory.invokeInitMethods(AbstractAutowireCapableBeanFactory.java:1817)
	at org.springframework.beans.factory.support.AbstractAutowireCapableBeanFactory.initializeBean(AbstractAutowireCapableBeanFactory.java:1766)
	at org.springframework.beans.factory.support.AbstractAutowireCapableBeanFactory.doCreateBean(AbstractAutowireCapableBeanFactory.java:598)
	at org.springframework.beans.factory.support.AbstractAutowireCapableBeanFactory.createBean(AbstractAutowireCapableBeanFactory.java:520)
	at org.springframework.beans.factory.support.AbstractBeanFactory.lambda$doGetBean$0(AbstractBeanFactory.java:325)
	at org.springframework.beans.factory.support.DefaultSingletonBeanRegistry.getSingleton(DefaultSingletonBeanRegistry.java:234)
	at org.springframework.beans.factory.support.AbstractBeanFactory.doGetBean(AbstractBeanFactory.java:323)
	at org.springframework.beans.factory.support.AbstractBeanFactory.getBean(AbstractBeanFactory.java:199)
	at org.springframework.context.support.AbstractApplicationContext.getBean(AbstractApplicationContext.java:1166)
	at org.springframework.context.support.AbstractApplicationContext.finishBeanFactoryInitialization(AbstractApplicationContext.java:940)
	at org.springframework.context.support.AbstractApplicationContext.refresh(AbstractApplicationContext.java:616)
	at org.springframework.boot.web.servlet.context.ServletWebServerApplicationContext.refresh(ServletWebServerApplicationContext.java:146)
	at org.springframework.boot.SpringApplication.refresh(SpringApplication.java:738)
	at org.springframework.boot.SpringApplication.refreshContext(SpringApplication.java:440)
	at org.springframework.boot.SpringApplication.run(SpringApplication.java:316)
	at org.springframework.boot.SpringApplication.run(SpringApplication.java:1306)
	at org.springframework.boot.SpringApplication.run(SpringApplication.java:1295)
	at config.SpringCrudApplication.main(SpringCrudApplication.java:21)
Caused by: com.microsoft.sqlserver.jdbc.SQLServerException: There is already an object named 'NavigationMenu' in the database.
	at com.microsoft.sqlserver.jdbc.SQLServerException.makeFromDatabaseError(SQLServerException.java:265)
	at com.microsoft.sqlserver.jdbc.SQLServerStatement.getNextResult(SQLServerStatement.java:1676)
	at com.microsoft.sqlserver.jdbc.SQLServerStatement.doExecuteStatement(SQLServerStatement.java:907)
	at com.microsoft.sqlserver.jdbc.SQLServerStatement$StmtExecCmd.doExecute(SQLServerStatement.java:802)
	at com.microsoft.sqlserver.jdbc.TDSCommand.execute(IOBuffer.java:7620)
	at com.microsoft.sqlserver.jdbc.SQLServerConnection.executeCommand(SQLServerConnection.java:3916)
	at com.microsoft.sqlserver.jdbc.SQLServerStatement.executeCommand(SQLServerStatement.java:268)
	at com.microsoft.sqlserver.jdbc.SQLServerStatement.executeStatement(SQLServerStatement.java:242)
	at com.microsoft.sqlserver.jdbc.SQLServerStatement.execute(SQLServerStatement.java:775)
	at com.zaxxer.hikari.pool.ProxyStatement.execute(ProxyStatement.java:94)
	at com.zaxxer.hikari.pool.HikariProxyStatement.execute(HikariProxyStatement.java)
	at org.hibernate.tool.schema.internal.exec.GenerationTargetToDatabase.accept(GenerationTargetToDatabase.java:80)
	... 38 common frames omitted
2026-09-11 23:09:09.447 [main] WARN  o.h.t.s.i.ExceptionHandlerLoggedImpl - GenerationTarget encountered exception accepting command : Error executing DDL "
    create table Payments (
        paymentId bigint identity not null,
        amount bigint,
        customerId bigint,
        date date,
        loanType varchar(255),
        paymentMode varchar(255),
        paymentStatus bit,
        primary key (paymentId)
    )" via JDBC [There is already an object named 'Payments' in the database.]
org.hibernate.tool.schema.spi.CommandAcceptanceException: Error executing DDL "
    create table Payments (
        paymentId bigint identity not null,
        amount bigint,
        customerId bigint,
        date date,
        loanType varchar(255),
        paymentMode varchar(255),
        paymentStatus bit,
        primary key (paymentId)
    )" via JDBC [There is already an object named 'Payments' in the database.]
	at org.hibernate.tool.schema.internal.exec.GenerationTargetToDatabase.accept(GenerationTargetToDatabase.java:94)
	at org.hibernate.tool.schema.internal.AbstractSchemaMigrator.applySqlString(AbstractSchemaMigrator.java:574)
	at org.hibernate.tool.schema.internal.AbstractSchemaMigrator.applySqlStrings(AbstractSchemaMigrator.java:514)
	at org.hibernate.tool.schema.internal.AbstractSchemaMigrator.createTable(AbstractSchemaMigrator.java:315)
	at org.hibernate.tool.schema.internal.GroupedSchemaMigratorImpl.performTablesMigration(GroupedSchemaMigratorImpl.java:80)
	at org.hibernate.tool.schema.internal.AbstractSchemaMigrator.performMigration(AbstractSchemaMigrator.java:232)
	at org.hibernate.tool.schema.internal.AbstractSchemaMigrator.doMigration(AbstractSchemaMigrator.java:117)
	at org.hibernate.tool.schema.spi.SchemaManagementToolCoordinator.performDatabaseAction(SchemaManagementToolCoordinator.java:284)
	at org.hibernate.tool.schema.spi.SchemaManagementToolCoordinator.lambda$process$5(SchemaManagementToolCoordinator.java:143)
	at java.base/java.util.HashMap.forEach(HashMap.java:1421)
	at org.hibernate.tool.schema.spi.SchemaManagementToolCoordinator.process(SchemaManagementToolCoordinator.java:140)
	at org.hibernate.boot.internal.SessionFactoryObserverForSchemaExport.sessionFactoryCreated(SessionFactoryObserverForSchemaExport.java:37)
	at org.hibernate.internal.SessionFactoryObserverChain.sessionFactoryCreated(SessionFactoryObserverChain.java:35)
	at org.hibernate.internal.SessionFactoryImpl.<init>(SessionFactoryImpl.java:293)
	at org.hibernate.boot.internal.SessionFactoryBuilderImpl.build(SessionFactoryBuilderImpl.java:444)
	at org.hibernate.jpa.boot.internal.EntityManagerFactoryBuilderImpl.build(EntityManagerFactoryBuilderImpl.java:1458)
	at org.springframework.orm.jpa.vendor.SpringHibernateJpaPersistenceProvider.createContainerEntityManagerFactory(SpringHibernateJpaPersistenceProvider.java:75)
	at org.springframework.orm.jpa.LocalContainerEntityManagerFactoryBean.createNativeEntityManagerFactory(LocalContainerEntityManagerFactoryBean.java:376)
	at org.springframework.orm.jpa.AbstractEntityManagerFactoryBean.buildNativeEntityManagerFactory(AbstractEntityManagerFactoryBean.java:409)
	at org.springframework.orm.jpa.AbstractEntityManagerFactoryBean.afterPropertiesSet(AbstractEntityManagerFactoryBean.java:396)
	at org.springframework.orm.jpa.LocalContainerEntityManagerFactoryBean.afterPropertiesSet(LocalContainerEntityManagerFactoryBean.java:352)
	at org.springframework.beans.factory.support.AbstractAutowireCapableBeanFactory.invokeInitMethods(AbstractAutowireCapableBeanFactory.java:1817)
	at org.springframework.beans.factory.support.AbstractAutowireCapableBeanFactory.initializeBean(AbstractAutowireCapableBeanFactory.java:1766)
	at org.springframework.beans.factory.support.AbstractAutowireCapableBeanFactory.doCreateBean(AbstractAutowireCapableBeanFactory.java:598)
	at org.springframework.beans.factory.support.AbstractAutowireCapableBeanFactory.createBean(AbstractAutowireCapableBeanFactory.java:520)
	at org.springframework.beans.factory.support.AbstractBeanFactory.lambda$doGetBean$0(AbstractBeanFactory.java:325)
	at org.springframework.beans.factory.support.DefaultSingletonBeanRegistry.getSingleton(DefaultSingletonBeanRegistry.java:234)
	at org.springframework.beans.factory.support.AbstractBeanFactory.doGetBean(AbstractBeanFactory.java:323)
	at org.springframework.beans.factory.support.AbstractBeanFactory.getBean(AbstractBeanFactory.java:199)
	at org.springframework.context.support.AbstractApplicationContext.getBean(AbstractApplicationContext.java:1166)
	at org.springframework.context.support.AbstractApplicationContext.finishBeanFactoryInitialization(AbstractApplicationContext.java:940)
	at org.springframework.context.support.AbstractApplicationContext.refresh(AbstractApplicationContext.java:616)
	at org.springframework.boot.web.servlet.context.ServletWebServerApplicationContext.refresh(ServletWebServerApplicationContext.java:146)
	at org.springframework.boot.SpringApplication.refresh(SpringApplication.java:738)
	at org.springframework.boot.SpringApplication.refreshContext(SpringApplication.java:440)
	at org.springframework.boot.SpringApplication.run(SpringApplication.java:316)
	at org.springframework.boot.SpringApplication.run(SpringApplication.java:1306)
	at org.springframework.boot.SpringApplication.run(SpringApplication.java:1295)
	at config.SpringCrudApplication.main(SpringCrudApplication.java:21)
Caused by: com.microsoft.sqlserver.jdbc.SQLServerException: There is already an object named 'Payments' in the database.
	at com.microsoft.sqlserver.jdbc.SQLServerException.makeFromDatabaseError(SQLServerException.java:265)
	at com.microsoft.sqlserver.jdbc.SQLServerStatement.getNextResult(SQLServerStatement.java:1676)
	at com.microsoft.sqlserver.jdbc.SQLServerStatement.doExecuteStatement(SQLServerStatement.java:907)
	at com.microsoft.sqlserver.jdbc.SQLServerStatement$StmtExecCmd.doExecute(SQLServerStatement.java:802)
	at com.microsoft.sqlserver.jdbc.TDSCommand.execute(IOBuffer.java:7620)
	at com.microsoft.sqlserver.jdbc.SQLServerConnection.executeCommand(SQLServerConnection.java:3916)
	at com.microsoft.sqlserver.jdbc.SQLServerStatement.executeCommand(SQLServerStatement.java:268)
	at com.microsoft.sqlserver.jdbc.SQLServerStatement.executeStatement(SQLServerStatement.java:242)
	at com.microsoft.sqlserver.jdbc.SQLServerStatement.execute(SQLServerStatement.java:775)
	at com.zaxxer.hikari.pool.ProxyStatement.execute(ProxyStatement.java:94)
	at com.zaxxer.hikari.pool.HikariProxyStatement.execute(HikariProxyStatement.java)
	at org.hibernate.tool.schema.internal.exec.GenerationTargetToDatabase.accept(GenerationTargetToDatabase.java:80)
	... 38 common frames omitted
2026-09-11 23:09:09.450 [main] WARN  o.h.t.s.i.ExceptionHandlerLoggedImpl - GenerationTarget encountered exception accepting command : Error executing DDL "
    create table UserAccount (
        userAccountId bigint identity not null,
        address varchar(255),
        adharImagePath varchar(255),
        adharNumber bigint,
        altMobileNumber bigint,
        annualIncome bigint,
        city varchar(255),
        currentLoginDate date,
        dob date,
        email varchar(255),
        fathersName varchar(255),
        firstName varchar(255),
        gender varchar(255),
        isActive bit not null,
        lastLoginDate date,
        lastName varchar(255),
        loginAttempt int,
        marriedStatus varchar(255),
        mobileNumber bigint,
        occupation varchar(255),
        panImagePath varchar(255),
        panNumber varchar(255),
        password varchar(255),
        qualification varchar(255),
        state varchar(255),
        userGroupId bigint,
        userName varchar(255),
        zipcode varchar(255),
        primary key (userAccountId)
    )" via JDBC [There is already an object named 'UserAccount' in the database.]
org.hibernate.tool.schema.spi.CommandAcceptanceException: Error executing DDL "
    create table UserAccount (
        userAccountId bigint identity not null,
        address varchar(255),
        adharImagePath varchar(255),
        adharNumber bigint,
        altMobileNumber bigint,
        annualIncome bigint,
        city varchar(255),
        currentLoginDate date,
        dob date,
        email varchar(255),
        fathersName varchar(255),
        firstName varchar(255),
        gender varchar(255),
        isActive bit not null,
        lastLoginDate date,
        lastName varchar(255),
        loginAttempt int,
        marriedStatus varchar(255),
        mobileNumber bigint,
        occupation varchar(255),
        panImagePath varchar(255),
        panNumber varchar(255),
        password varchar(255),
        qualification varchar(255),
        state varchar(255),
        userGroupId bigint,
        userName varchar(255),
        zipcode varchar(255),
        primary key (userAccountId)
    )" via JDBC [There is already an object named 'UserAccount' in the database.]
	at org.hibernate.tool.schema.internal.exec.GenerationTargetToDatabase.accept(GenerationTargetToDatabase.java:94)
	at org.hibernate.tool.schema.internal.AbstractSchemaMigrator.applySqlString(AbstractSchemaMigrator.java:574)
	at org.hibernate.tool.schema.internal.AbstractSchemaMigrator.applySqlStrings(AbstractSchemaMigrator.java:514)
	at org.hibernate.tool.schema.internal.AbstractSchemaMigrator.createTable(AbstractSchemaMigrator.java:315)
	at org.hibernate.tool.schema.internal.GroupedSchemaMigratorImpl.performTablesMigration(GroupedSchemaMigratorImpl.java:80)
	at org.hibernate.tool.schema.internal.AbstractSchemaMigrator.performMigration(AbstractSchemaMigrator.java:232)
	at org.hibernate.tool.schema.internal.AbstractSchemaMigrator.doMigration(AbstractSchemaMigrator.java:117)
	at org.hibernate.tool.schema.spi.SchemaManagementToolCoordinator.performDatabaseAction(SchemaManagementToolCoordinator.java:284)
	at org.hibernate.tool.schema.spi.SchemaManagementToolCoordinator.lambda$process$5(SchemaManagementToolCoordinator.java:143)
	at java.base/java.util.HashMap.forEach(HashMap.java:1421)
	at org.hibernate.tool.schema.spi.SchemaManagementToolCoordinator.process(SchemaManagementToolCoordinator.java:140)
	at org.hibernate.boot.internal.SessionFactoryObserverForSchemaExport.sessionFactoryCreated(SessionFactoryObserverForSchemaExport.java:37)
	at org.hibernate.internal.SessionFactoryObserverChain.sessionFactoryCreated(SessionFactoryObserverChain.java:35)
	at org.hibernate.internal.SessionFactoryImpl.<init>(SessionFactoryImpl.java:293)
	at org.hibernate.boot.internal.SessionFactoryBuilderImpl.build(SessionFactoryBuilderImpl.java:444)
	at org.hibernate.jpa.boot.internal.EntityManagerFactoryBuilderImpl.build(EntityManagerFactoryBuilderImpl.java:1458)
	at org.springframework.orm.jpa.vendor.SpringHibernateJpaPersistenceProvider.createContainerEntityManagerFactory(SpringHibernateJpaPersistenceProvider.java:75)
	at org.springframework.orm.jpa.LocalContainerEntityManagerFactoryBean.createNativeEntityManagerFactory(LocalContainerEntityManagerFactoryBean.java:376)
	at org.springframework.orm.jpa.AbstractEntityManagerFactoryBean.buildNativeEntityManagerFactory(AbstractEntityManagerFactoryBean.java:409)
	at org.springframework.orm.jpa.AbstractEntityManagerFactoryBean.afterPropertiesSet(AbstractEntityManagerFactoryBean.java:396)
	at org.springframework.orm.jpa.LocalContainerEntityManagerFactoryBean.afterPropertiesSet(LocalContainerEntityManagerFactoryBean.java:352)
	at org.springframework.beans.factory.support.AbstractAutowireCapableBeanFactory.invokeInitMethods(AbstractAutowireCapableBeanFactory.java:1817)
	at org.springframework.beans.factory.support.AbstractAutowireCapableBeanFactory.initializeBean(AbstractAutowireCapableBeanFactory.java:1766)
	at org.springframework.beans.factory.support.AbstractAutowireCapableBeanFactory.doCreateBean(AbstractAutowireCapableBeanFactory.java:598)
	at org.springframework.beans.factory.support.AbstractAutowireCapableBeanFactory.createBean(AbstractAutowireCapableBeanFactory.java:520)
	at org.springframework.beans.factory.support.AbstractBeanFactory.lambda$doGetBean$0(AbstractBeanFactory.java:325)
	at org.springframework.beans.factory.support.DefaultSingletonBeanRegistry.getSingleton(DefaultSingletonBeanRegistry.java:234)
	at org.springframework.beans.factory.support.AbstractBeanFactory.doGetBean(AbstractBeanFactory.java:323)
	at org.springframework.beans.factory.support.AbstractBeanFactory.getBean(AbstractBeanFactory.java:199)
	at org.springframework.context.support.AbstractApplicationContext.getBean(AbstractApplicationContext.java:1166)
	at org.springframework.context.support.AbstractApplicationContext.finishBeanFactoryInitialization(AbstractApplicationContext.java:940)
	at org.springframework.context.support.AbstractApplicationContext.refresh(AbstractApplicationContext.java:616)
	at org.springframework.boot.web.servlet.context.ServletWebServerApplicationContext.refresh(ServletWebServerApplicationContext.java:146)
	at org.springframework.boot.SpringApplication.refresh(SpringApplication.java:738)
	at org.springframework.boot.SpringApplication.refreshContext(SpringApplication.java:440)
	at org.springframework.boot.SpringApplication.run(SpringApplication.java:316)
	at org.springframework.boot.SpringApplication.run(SpringApplication.java:1306)
	at org.springframework.boot.SpringApplication.run(SpringApplication.java:1295)
	at config.SpringCrudApplication.main(SpringCrudApplication.java:21)
Caused by: com.microsoft.sqlserver.jdbc.SQLServerException: There is already an object named 'UserAccount' in the database.
	at com.microsoft.sqlserver.jdbc.SQLServerException.makeFromDatabaseError(SQLServerException.java:265)
	at com.microsoft.sqlserver.jdbc.SQLServerStatement.getNextResult(SQLServerStatement.java:1676)
	at com.microsoft.sqlserver.jdbc.SQLServerStatement.doExecuteStatement(SQLServerStatement.java:907)
	at com.microsoft.sqlserver.jdbc.SQLServerStatement$StmtExecCmd.doExecute(SQLServerStatement.java:802)
	at com.microsoft.sqlserver.jdbc.TDSCommand.execute(IOBuffer.java:7620)
	at com.microsoft.sqlserver.jdbc.SQLServerConnection.executeCommand(SQLServerConnection.java:3916)
	at com.microsoft.sqlserver.jdbc.SQLServerStatement.executeCommand(SQLServerStatement.java:268)
	at com.microsoft.sqlserver.jdbc.SQLServerStatement.executeStatement(SQLServerStatement.java:242)
	at com.microsoft.sqlserver.jdbc.SQLServerStatement.execute(SQLServerStatement.java:775)
	at com.zaxxer.hikari.pool.ProxyStatement.execute(ProxyStatement.java:94)
	at com.zaxxer.hikari.pool.HikariProxyStatement.execute(HikariProxyStatement.java)
	at org.hibernate.tool.schema.internal.exec.GenerationTargetToDatabase.accept(GenerationTargetToDatabase.java:80)
	... 38 common frames omitted
2026-09-11 23:09:09.452 [main] WARN  o.h.t.s.i.ExceptionHandlerLoggedImpl - GenerationTarget encountered exception accepting command : Error executing DDL "
    create table UserGroup (
        userGroupId bigint identity not null,
        userGroupName varchar(255),
        primary key (userGroupId)
    )" via JDBC [There is already an object named 'UserGroup' in the database.]
org.hibernate.tool.schema.spi.CommandAcceptanceException: Error executing DDL "
    create table UserGroup (
        userGroupId bigint identity not null,
        userGroupName varchar(255),
        primary key (userGroupId)
    )" via JDBC [There is already an object named 'UserGroup' in the database.]
	at org.hibernate.tool.schema.internal.exec.GenerationTargetToDatabase.accept(GenerationTargetToDatabase.java:94)
	at org.hibernate.tool.schema.internal.AbstractSchemaMigrator.applySqlString(AbstractSchemaMigrator.java:574)
	at org.hibernate.tool.schema.internal.AbstractSchemaMigrator.applySqlStrings(AbstractSchemaMigrator.java:514)
	at org.hibernate.tool.schema.internal.AbstractSchemaMigrator.createTable(AbstractSchemaMigrator.java:315)
	at org.hibernate.tool.schema.internal.GroupedSchemaMigratorImpl.performTablesMigration(GroupedSchemaMigratorImpl.java:80)
	at org.hibernate.tool.schema.internal.AbstractSchemaMigrator.performMigration(AbstractSchemaMigrator.java:232)
	at org.hibernate.tool.schema.internal.AbstractSchemaMigrator.doMigration(AbstractSchemaMigrator.java:117)
	at org.hibernate.tool.schema.spi.SchemaManagementToolCoordinator.performDatabaseAction(SchemaManagementToolCoordinator.java:284)
	at org.hibernate.tool.schema.spi.SchemaManagementToolCoordinator.lambda$process$5(SchemaManagementToolCoordinator.java:143)
	at java.base/java.util.HashMap.forEach(HashMap.java:1421)
	at org.hibernate.tool.schema.spi.SchemaManagementToolCoordinator.process(SchemaManagementToolCoordinator.java:140)
	at org.hibernate.boot.internal.SessionFactoryObserverForSchemaExport.sessionFactoryCreated(SessionFactoryObserverForSchemaExport.java:37)
	at org.hibernate.internal.SessionFactoryObserverChain.sessionFactoryCreated(SessionFactoryObserverChain.java:35)
	at org.hibernate.internal.SessionFactoryImpl.<init>(SessionFactoryImpl.java:293)
	at org.hibernate.boot.internal.SessionFactoryBuilderImpl.build(SessionFactoryBuilderImpl.java:444)
	at org.hibernate.jpa.boot.internal.EntityManagerFactoryBuilderImpl.build(EntityManagerFactoryBuilderImpl.java:1458)
	at org.springframework.orm.jpa.vendor.SpringHibernateJpaPersistenceProvider.createContainerEntityManagerFactory(SpringHibernateJpaPersistenceProvider.java:75)
	at org.springframework.orm.jpa.LocalContainerEntityManagerFactoryBean.createNativeEntityManagerFactory(LocalContainerEntityManagerFactoryBean.java:376)
	at org.springframework.orm.jpa.AbstractEntityManagerFactoryBean.buildNativeEntityManagerFactory(AbstractEntityManagerFactoryBean.java:409)
	at org.springframework.orm.jpa.AbstractEntityManagerFactoryBean.afterPropertiesSet(AbstractEntityManagerFactoryBean.java:396)
	at org.springframework.orm.jpa.LocalContainerEntityManagerFactoryBean.afterPropertiesSet(LocalContainerEntityManagerFactoryBean.java:352)
	at org.springframework.beans.factory.support.AbstractAutowireCapableBeanFactory.invokeInitMethods(AbstractAutowireCapableBeanFactory.java:1817)
	at org.springframework.beans.factory.support.AbstractAutowireCapableBeanFactory.initializeBean(AbstractAutowireCapableBeanFactory.java:1766)
	at org.springframework.beans.factory.support.AbstractAutowireCapableBeanFactory.doCreateBean(AbstractAutowireCapableBeanFactory.java:598)
	at org.springframework.beans.factory.support.AbstractAutowireCapableBeanFactory.createBean(AbstractAutowireCapableBeanFactory.java:520)
	at org.springframework.beans.factory.support.AbstractBeanFactory.lambda$doGetBean$0(AbstractBeanFactory.java:325)
	at org.springframework.beans.factory.support.DefaultSingletonBeanRegistry.getSingleton(DefaultSingletonBeanRegistry.java:234)
	at org.springframework.beans.factory.support.AbstractBeanFactory.doGetBean(AbstractBeanFactory.java:323)
	at org.springframework.beans.factory.support.AbstractBeanFactory.getBean(AbstractBeanFactory.java:199)
	at org.springframework.context.support.AbstractApplicationContext.getBean(AbstractApplicationContext.java:1166)
	at org.springframework.context.support.AbstractApplicationContext.finishBeanFactoryInitialization(AbstractApplicationContext.java:940)
	at org.springframework.context.support.AbstractApplicationContext.refresh(AbstractApplicationContext.java:616)
	at org.springframework.boot.web.servlet.context.ServletWebServerApplicationContext.refresh(ServletWebServerApplicationContext.java:146)
	at org.springframework.boot.SpringApplication.refresh(SpringApplication.java:738)
	at org.springframework.boot.SpringApplication.refreshContext(SpringApplication.java:440)
	at org.springframework.boot.SpringApplication.run(SpringApplication.java:316)
	at org.springframework.boot.SpringApplication.run(SpringApplication.java:1306)
	at org.springframework.boot.SpringApplication.run(SpringApplication.java:1295)
	at config.SpringCrudApplication.main(SpringCrudApplication.java:21)
Caused by: com.microsoft.sqlserver.jdbc.SQLServerException: There is already an object named 'UserGroup' in the database.
	at com.microsoft.sqlserver.jdbc.SQLServerException.makeFromDatabaseError(SQLServerException.java:265)
	at com.microsoft.sqlserver.jdbc.SQLServerStatement.getNextResult(SQLServerStatement.java:1676)
	at com.microsoft.sqlserver.jdbc.SQLServerStatement.doExecuteStatement(SQLServerStatement.java:907)
	at com.microsoft.sqlserver.jdbc.SQLServerStatement$StmtExecCmd.doExecute(SQLServerStatement.java:802)
	at com.microsoft.sqlserver.jdbc.TDSCommand.execute(IOBuffer.java:7620)
	at com.microsoft.sqlserver.jdbc.SQLServerConnection.executeCommand(SQLServerConnection.java:3916)
	at com.microsoft.sqlserver.jdbc.SQLServerStatement.executeCommand(SQLServerStatement.java:268)
	at com.microsoft.sqlserver.jdbc.SQLServerStatement.executeStatement(SQLServerStatement.java:242)
	at com.microsoft.sqlserver.jdbc.SQLServerStatement.execute(SQLServerStatement.java:775)
	at com.zaxxer.hikari.pool.ProxyStatement.execute(ProxyStatement.java:94)
	at com.zaxxer.hikari.pool.HikariProxyStatement.execute(HikariProxyStatement.java)
	at org.hibernate.tool.schema.internal.exec.GenerationTargetToDatabase.accept(GenerationTargetToDatabase.java:80)
	... 38 common frames omitted
2026-09-11 23:09:09.457 [main] WARN  o.h.t.s.i.ExceptionHandlerLoggedImpl - GenerationTarget encountered exception accepting command : Error executing DDL "
    alter table Payments 
       add constraint FKmcddpsiemwcivhnevsvagjwk4 
       foreign key (customerId) 
       references CustomerList" via JDBC [There is already an object named 'FKmcddpsiemwcivhnevsvagjwk4' in the database.]
org.hibernate.tool.schema.spi.CommandAcceptanceException: Error executing DDL "
    alter table Payments 
       add constraint FKmcddpsiemwcivhnevsvagjwk4 
       foreign key (customerId) 
       references CustomerList" via JDBC [There is already an object named 'FKmcddpsiemwcivhnevsvagjwk4' in the database.]
	at org.hibernate.tool.schema.internal.exec.GenerationTargetToDatabase.accept(GenerationTargetToDatabase.java:94)
	at org.hibernate.tool.schema.internal.AbstractSchemaMigrator.applySqlString(AbstractSchemaMigrator.java:574)
	at org.hibernate.tool.schema.internal.AbstractSchemaMigrator.applySqlStrings(AbstractSchemaMigrator.java:514)
	at org.hibernate.tool.schema.internal.AbstractSchemaMigrator.applyForeignKeys(AbstractSchemaMigrator.java:446)
	at org.hibernate.tool.schema.internal.AbstractSchemaMigrator.performMigration(AbstractSchemaMigrator.java:268)
	at org.hibernate.tool.schema.internal.AbstractSchemaMigrator.doMigration(AbstractSchemaMigrator.java:117)
	at org.hibernate.tool.schema.spi.SchemaManagementToolCoordinator.performDatabaseAction(SchemaManagementToolCoordinator.java:284)
	at org.hibernate.tool.schema.spi.SchemaManagementToolCoordinator.lambda$process$5(SchemaManagementToolCoordinator.java:143)
	at java.base/java.util.HashMap.forEach(HashMap.java:1421)
	at org.hibernate.tool.schema.spi.SchemaManagementToolCoordinator.process(SchemaManagementToolCoordinator.java:140)
	at org.hibernate.boot.internal.SessionFactoryObserverForSchemaExport.sessionFactoryCreated(SessionFactoryObserverForSchemaExport.java:37)
	at org.hibernate.internal.SessionFactoryObserverChain.sessionFactoryCreated(SessionFactoryObserverChain.java:35)
	at org.hibernate.internal.SessionFactoryImpl.<init>(SessionFactoryImpl.java:293)
	at org.hibernate.boot.internal.SessionFactoryBuilderImpl.build(SessionFactoryBuilderImpl.java:444)
	at org.hibernate.jpa.boot.internal.EntityManagerFactoryBuilderImpl.build(EntityManagerFactoryBuilderImpl.java:1458)
	at org.springframework.orm.jpa.vendor.SpringHibernateJpaPersistenceProvider.createContainerEntityManagerFactory(SpringHibernateJpaPersistenceProvider.java:75)
	at org.springframework.orm.jpa.LocalContainerEntityManagerFactoryBean.createNativeEntityManagerFactory(LocalContainerEntityManagerFactoryBean.java:376)
	at org.springframework.orm.jpa.AbstractEntityManagerFactoryBean.buildNativeEntityManagerFactory(AbstractEntityManagerFactoryBean.java:409)
	at org.springframework.orm.jpa.AbstractEntityManagerFactoryBean.afterPropertiesSet(AbstractEntityManagerFactoryBean.java:396)
	at org.springframework.orm.jpa.LocalContainerEntityManagerFactoryBean.afterPropertiesSet(LocalContainerEntityManagerFactoryBean.java:352)
	at org.springframework.beans.factory.support.AbstractAutowireCapableBeanFactory.invokeInitMethods(AbstractAutowireCapableBeanFactory.java:1817)
	at org.springframework.beans.factory.support.AbstractAutowireCapableBeanFactory.initializeBean(AbstractAutowireCapableBeanFactory.java:1766)
	at org.springframework.beans.factory.support.AbstractAutowireCapableBeanFactory.doCreateBean(AbstractAutowireCapableBeanFactory.java:598)
	at org.springframework.beans.factory.support.AbstractAutowireCapableBeanFactory.createBean(AbstractAutowireCapableBeanFactory.java:520)
	at org.springframework.beans.factory.support.AbstractBeanFactory.lambda$doGetBean$0(AbstractBeanFactory.java:325)
	at org.springframework.beans.factory.support.DefaultSingletonBeanRegistry.getSingleton(DefaultSingletonBeanRegistry.java:234)
	at org.springframework.beans.factory.support.AbstractBeanFactory.doGetBean(AbstractBeanFactory.java:323)
	at org.springframework.beans.factory.support.AbstractBeanFactory.getBean(AbstractBeanFactory.java:199)
	at org.springframework.context.support.AbstractApplicationContext.getBean(AbstractApplicationContext.java:1166)
	at org.springframework.context.support.AbstractApplicationContext.finishBeanFactoryInitialization(AbstractApplicationContext.java:940)
	at org.springframework.context.support.AbstractApplicationContext.refresh(AbstractApplicationContext.java:616)
	at org.springframework.boot.web.servlet.context.ServletWebServerApplicationContext.refresh(ServletWebServerApplicationContext.java:146)
	at org.springframework.boot.SpringApplication.refresh(SpringApplication.java:738)
	at org.springframework.boot.SpringApplication.refreshContext(SpringApplication.java:440)
	at org.springframework.boot.SpringApplication.run(SpringApplication.java:316)
	at org.springframework.boot.SpringApplication.run(SpringApplication.java:1306)
	at org.springframework.boot.SpringApplication.run(SpringApplication.java:1295)
	at config.SpringCrudApplication.main(SpringCrudApplication.java:21)
Caused by: com.microsoft.sqlserver.jdbc.SQLServerException: There is already an object named 'FKmcddpsiemwcivhnevsvagjwk4' in the database.
	at com.microsoft.sqlserver.jdbc.SQLServerException.makeFromDatabaseError(SQLServerException.java:265)
	at com.microsoft.sqlserver.jdbc.SQLServerStatement.getNextResult(SQLServerStatement.java:1676)
	at com.microsoft.sqlserver.jdbc.SQLServerStatement.doExecuteStatement(SQLServerStatement.java:907)
	at com.microsoft.sqlserver.jdbc.SQLServerStatement$StmtExecCmd.doExecute(SQLServerStatement.java:802)
	at com.microsoft.sqlserver.jdbc.TDSCommand.execute(IOBuffer.java:7620)
	at com.microsoft.sqlserver.jdbc.SQLServerConnection.executeCommand(SQLServerConnection.java:3916)
	at com.microsoft.sqlserver.jdbc.SQLServerStatement.executeCommand(SQLServerStatement.java:268)
	at com.microsoft.sqlserver.jdbc.SQLServerStatement.executeStatement(SQLServerStatement.java:242)
	at com.microsoft.sqlserver.jdbc.SQLServerStatement.execute(SQLServerStatement.java:775)
	at com.zaxxer.hikari.pool.ProxyStatement.execute(ProxyStatement.java:94)
	at com.zaxxer.hikari.pool.HikariProxyStatement.execute(HikariProxyStatement.java)
	at org.hibernate.tool.schema.internal.exec.GenerationTargetToDatabase.accept(GenerationTargetToDatabase.java:80)
	... 37 common frames omitted
2026-09-11 23:09:09.459 [main] INFO  o.s.o.j.LocalContainerEntityManagerFactoryBean - Initialized JPA EntityManagerFactory for persistence unit 'default'
2026-09-11 23:09:09.469 [main] WARN  o.s.b.a.o.j.JpaBaseConfiguration$JpaWebConfiguration - spring.jpa.open-in-view is enabled by default. Therefore, database queries may be performed during view rendering. Explicitly configure spring.jpa.open-in-view to disable this warning
2026-09-11 23:09:10.421 [main] INFO  o.s.d.j.r.query.QueryEnhancerFactory - Hibernate is in classpath; If applicable, HQL parser will be used.
2026-09-11 23:09:10.956 [main] INFO  config.commonConfig.WebConfig - Interceptors registered successfully
2026-09-11 23:09:10.969 [main] INFO  config.commonConfig.WebConfig - CORS configuration applied for origins: http://localhost:3000,http://localhost:8080,http://localhost:4200
2026-09-11 23:09:11.336 [main] INFO  o.a.coyote.http11.Http11NioProtocol - Starting ProtocolHandler ["http-nio-8888"]
2026-09-11 23:09:11.376 [main] INFO  o.s.b.w.e.tomcat.TomcatWebServer - Tomcat started on port(s): 8888 (http) with context path ''
2026-09-11 23:09:11.388 [main] INFO  config.SpringCrudApplication - Started SpringCrudApplication in 9.178 seconds (process running for 10.406)
2026-09-11 23:09:20.645 [http-nio-8888-exec-2] INFO  o.a.c.c.C.[Tomcat].[localhost].[/] - Initializing Spring DispatcherServlet 'dispatcherServlet'
2026-09-11 23:09:20.645 [http-nio-8888-exec-2] INFO  o.s.web.servlet.DispatcherServlet - Initializing Servlet 'dispatcherServlet'
2026-09-11 23:09:20.649 [http-nio-8888-exec-2] INFO  o.s.web.servlet.DispatcherServlet - Completed initialization in 3 ms
2026-09-11 23:09:20.717 [http-nio-8888-exec-2] INFO  c.c.i.HttpLoggingInterceptor - === REQUEST START ===
2026-09-11 23:09:20.717 [http-nio-8888-exec-2] INFO  c.c.i.HttpLoggingInterceptor - Method: POST | URI: /api/getSession
2026-09-11 23:09:20.718 [http-nio-8888-exec-2] INFO  c.c.i.HttpLoggingInterceptor - Remote Address: 0:0:0:0:0:0:0:1
2026-09-11 23:09:20.718 [http-nio-8888-exec-2] INFO  c.c.i.HttpLoggingInterceptor - === REQUEST END ===
2026-09-11 23:09:21.314 [http-nio-8888-exec-2] INFO  c.c.i.HttpLoggingInterceptor - === RESPONSE START ===
2026-09-11 23:09:21.314 [http-nio-8888-exec-2] INFO  c.c.i.HttpLoggingInterceptor - Status: 200 | Duration: 597ms
2026-09-11 23:09:21.314 [http-nio-8888-exec-2] INFO  c.c.i.HttpLoggingInterceptor - Content-Type: application/json
2026-09-11 23:09:21.314 [http-nio-8888-exec-2] INFO  c.c.i.HttpLoggingInterceptor - === RESPONSE END ===
2026-09-11 23:09:23.204 [http-nio-8888-exec-4] INFO  c.c.i.HttpLoggingInterceptor - === REQUEST START ===
2026-09-11 23:09:23.205 [http-nio-8888-exec-4] INFO  c.c.i.HttpLoggingInterceptor - Method: GET | URI: /api/getNavigationMenu/1
2026-09-11 23:09:23.205 [http-nio-8888-exec-4] INFO  c.c.i.HttpLoggingInterceptor - Remote Address: 0:0:0:0:0:0:0:1
2026-09-11 23:09:23.205 [http-nio-8888-exec-4] INFO  c.c.i.HttpLoggingInterceptor - === REQUEST END ===
2026-09-11 23:09:23.228 [http-nio-8888-exec-5] INFO  c.c.i.HttpLoggingInterceptor - === REQUEST START ===
2026-09-11 23:09:23.229 [http-nio-8888-exec-5] INFO  c.c.i.HttpLoggingInterceptor - Method: POST | URI: /api/getAllCustomerList
2026-09-11 23:09:23.229 [http-nio-8888-exec-5] INFO  c.c.i.HttpLoggingInterceptor - Remote Address: 0:0:0:0:0:0:0:1
2026-09-11 23:09:23.229 [http-nio-8888-exec-5] INFO  c.c.i.HttpLoggingInterceptor - === REQUEST END ===
2026-09-11 23:09:23.377 [http-nio-8888-exec-4] INFO  c.c.i.HttpLoggingInterceptor - === RESPONSE START ===
2026-09-11 23:09:23.377 [http-nio-8888-exec-4] INFO  c.c.i.HttpLoggingInterceptor - Status: 200 | Duration: 173ms
2026-09-11 23:09:23.377 [http-nio-8888-exec-4] INFO  c.c.i.HttpLoggingInterceptor - Content-Type: application/json
2026-09-11 23:09:23.378 [http-nio-8888-exec-4] INFO  c.c.i.HttpLoggingInterceptor - === RESPONSE END ===
2026-09-11 23:09:23.390 [http-nio-8888-exec-5] INFO  c.c.i.HttpLoggingInterceptor - === RESPONSE START ===
2026-09-11 23:09:23.390 [http-nio-8888-exec-5] INFO  c.c.i.HttpLoggingInterceptor - Status: 200 | Duration: 162ms
2026-09-11 23:09:23.390 [http-nio-8888-exec-5] INFO  c.c.i.HttpLoggingInterceptor - Content-Type: application/json
2026-09-11 23:09:23.390 [http-nio-8888-exec-5] INFO  c.c.i.HttpLoggingInterceptor - === RESPONSE END ===
2026-09-11 23:09:31.352 [http-nio-8888-exec-1] INFO  c.c.i.HttpLoggingInterceptor - === REQUEST START ===
2026-09-11 23:09:31.352 [http-nio-8888-exec-1] INFO  c.c.i.HttpLoggingInterceptor - Method: POST | URI: /api/getUploadedFileDetails
2026-09-11 23:09:31.352 [http-nio-8888-exec-1] INFO  c.c.i.HttpLoggingInterceptor - Remote Address: 0:0:0:0:0:0:0:1
2026-09-11 23:09:31.352 [http-nio-8888-exec-1] INFO  c.c.i.HttpLoggingInterceptor - === REQUEST END ===
2026-09-11 23:09:31.379 [http-nio-8888-exec-1] INFO  c.c.i.HttpLoggingInterceptor - === RESPONSE START ===
2026-09-11 23:09:31.379 [http-nio-8888-exec-1] INFO  c.c.i.HttpLoggingInterceptor - Status: 200 | Duration: 27ms
2026-09-11 23:09:31.380 [http-nio-8888-exec-1] INFO  c.c.i.HttpLoggingInterceptor - Content-Type: application/json
2026-09-11 23:09:31.380 [http-nio-8888-exec-1] INFO  c.c.i.HttpLoggingInterceptor - === RESPONSE END ===
2026-09-11 23:09:53.823 [http-nio-8888-exec-3] INFO  c.c.i.HttpLoggingInterceptor - === REQUEST START ===
2026-09-11 23:09:53.824 [http-nio-8888-exec-3] INFO  c.c.i.HttpLoggingInterceptor - Method: GET | URI: /api/file/ChandranS/Screenshot%202025-07-26%20135500.png/true
2026-09-11 23:09:53.824 [http-nio-8888-exec-3] INFO  c.c.i.HttpLoggingInterceptor - Remote Address: 0:0:0:0:0:0:0:1
2026-09-11 23:09:53.824 [http-nio-8888-exec-3] INFO  c.c.i.HttpLoggingInterceptor - === REQUEST END ===
2026-09-11 23:09:53.847 [http-nio-8888-exec-3] WARN  config.serviceI.ClientDocumentI - File not found: B:\projects\SpringBoot\LearnSpringBoot-main\.\documents\apiDocuments\ChandranS\Screenshot 2025-07-26 135500.png
2026-09-11 23:09:53.848 [http-nio-8888-exec-3] INFO  c.c.i.HttpLoggingInterceptor - === RESPONSE START ===
2026-09-11 23:09:53.848 [http-nio-8888-exec-3] INFO  c.c.i.HttpLoggingInterceptor - Status: 404 | Duration: 25ms
2026-09-11 23:09:53.848 [http-nio-8888-exec-3] INFO  c.c.i.HttpLoggingInterceptor - Content-Type: null
2026-09-11 23:09:53.848 [http-nio-8888-exec-3] INFO  c.c.i.HttpLoggingInterceptor - === RESPONSE END ===
2026-09-11 23:11:42.841 [http-nio-8888-exec-10] INFO  c.c.i.HttpLoggingInterceptor - === REQUEST START ===
2026-09-11 23:11:42.841 [http-nio-8888-exec-10] INFO  c.c.i.HttpLoggingInterceptor - Method: POST | URI: /api/getSession
2026-09-11 23:11:42.841 [http-nio-8888-exec-10] INFO  c.c.i.HttpLoggingInterceptor - Remote Address: 0:0:0:0:0:0:0:1
2026-09-11 23:11:42.841 [http-nio-8888-exec-10] INFO  c.c.i.HttpLoggingInterceptor - === REQUEST END ===
2026-09-11 23:11:42.916 [http-nio-8888-exec-10] INFO  c.c.i.HttpLoggingInterceptor - === RESPONSE START ===
2026-09-11 23:11:42.917 [http-nio-8888-exec-10] INFO  c.c.i.HttpLoggingInterceptor - Status: 200 | Duration: 75ms
2026-09-11 23:11:42.917 [http-nio-8888-exec-10] INFO  c.c.i.HttpLoggingInterceptor - Content-Type: application/json
2026-09-11 23:11:42.918 [http-nio-8888-exec-10] INFO  c.c.i.HttpLoggingInterceptor - === RESPONSE END ===
2026-09-11 23:11:44.327 [http-nio-8888-exec-9] INFO  c.c.i.HttpLoggingInterceptor - === REQUEST START ===
2026-09-11 23:11:44.328 [http-nio-8888-exec-9] INFO  c.c.i.HttpLoggingInterceptor - Method: GET | URI: /api/getNavigationMenu/1
2026-09-11 23:11:44.329 [http-nio-8888-exec-9] INFO  c.c.i.HttpLoggingInterceptor - Remote Address: 0:0:0:0:0:0:0:1
2026-09-11 23:11:44.332 [http-nio-8888-exec-9] INFO  c.c.i.HttpLoggingInterceptor - === REQUEST END ===
2026-09-11 23:11:44.364 [http-nio-8888-exec-9] INFO  c.c.i.HttpLoggingInterceptor - === RESPONSE START ===
2026-09-11 23:11:44.364 [http-nio-8888-exec-9] INFO  c.c.i.HttpLoggingInterceptor - Status: 200 | Duration: 37ms
2026-09-11 23:11:44.364 [http-nio-8888-exec-9] INFO  c.c.i.HttpLoggingInterceptor - Content-Type: application/json
2026-09-11 23:11:44.364 [http-nio-8888-exec-9] INFO  c.c.i.HttpLoggingInterceptor - === RESPONSE END ===
2026-09-11 23:11:44.395 [http-nio-8888-exec-2] INFO  c.c.i.HttpLoggingInterceptor - === REQUEST START ===
2026-09-11 23:11:44.396 [http-nio-8888-exec-2] INFO  c.c.i.HttpLoggingInterceptor - Method: POST | URI: /api/getUploadedFileDetails
2026-09-11 23:11:44.399 [http-nio-8888-exec-2] INFO  c.c.i.HttpLoggingInterceptor - Remote Address: 0:0:0:0:0:0:0:1
2026-09-11 23:11:44.400 [http-nio-8888-exec-2] INFO  c.c.i.HttpLoggingInterceptor - === REQUEST END ===
2026-09-11 23:11:44.437 [http-nio-8888-exec-2] INFO  c.c.i.HttpLoggingInterceptor - === RESPONSE START ===
2026-09-11 23:11:44.439 [http-nio-8888-exec-2] INFO  c.c.i.HttpLoggingInterceptor - Status: 200 | Duration: 42ms
2026-09-11 23:11:44.439 [http-nio-8888-exec-2] INFO  c.c.i.HttpLoggingInterceptor - Content-Type: application/json
2026-09-11 23:11:44.439 [http-nio-8888-exec-2] INFO  c.c.i.HttpLoggingInterceptor - === RESPONSE END ===
2026-09-11 23:12:19.745 [http-nio-8888-exec-4] INFO  c.c.i.HttpLoggingInterceptor - === REQUEST START ===
2026-09-11 23:12:19.745 [http-nio-8888-exec-4] INFO  c.c.i.HttpLoggingInterceptor - Method: POST | URI: /api/getSession
2026-09-11 23:12:19.745 [http-nio-8888-exec-4] INFO  c.c.i.HttpLoggingInterceptor - Remote Address: 0:0:0:0:0:0:0:1
2026-09-11 23:12:19.745 [http-nio-8888-exec-4] INFO  c.c.i.HttpLoggingInterceptor - === REQUEST END ===
2026-09-11 23:12:19.819 [http-nio-8888-exec-4] INFO  c.c.i.HttpLoggingInterceptor - === RESPONSE START ===
2026-09-11 23:12:19.819 [http-nio-8888-exec-4] INFO  c.c.i.HttpLoggingInterceptor - Status: 200 | Duration: 74ms
2026-09-11 23:12:19.819 [http-nio-8888-exec-4] INFO  c.c.i.HttpLoggingInterceptor - Content-Type: application/json
2026-09-11 23:12:19.819 [http-nio-8888-exec-4] INFO  c.c.i.HttpLoggingInterceptor - === RESPONSE END ===
2026-09-11 23:12:21.970 [http-nio-8888-exec-5] INFO  c.c.i.HttpLoggingInterceptor - === REQUEST START ===
2026-09-11 23:12:21.970 [http-nio-8888-exec-5] INFO  c.c.i.HttpLoggingInterceptor - Method: GET | URI: /api/getNavigationMenu/1
2026-09-11 23:12:21.970 [http-nio-8888-exec-5] INFO  c.c.i.HttpLoggingInterceptor - Remote Address: 0:0:0:0:0:0:0:1
2026-09-11 23:12:21.970 [http-nio-8888-exec-5] INFO  c.c.i.HttpLoggingInterceptor - === REQUEST END ===
2026-09-11 23:12:21.997 [http-nio-8888-exec-5] INFO  c.c.i.HttpLoggingInterceptor - === RESPONSE START ===
2026-09-11 23:12:21.997 [http-nio-8888-exec-5] INFO  c.c.i.HttpLoggingInterceptor - Status: 200 | Duration: 27ms
2026-09-11 23:12:21.997 [http-nio-8888-exec-5] INFO  c.c.i.HttpLoggingInterceptor - Content-Type: application/json
2026-09-11 23:12:21.997 [http-nio-8888-exec-5] INFO  c.c.i.HttpLoggingInterceptor - === RESPONSE END ===
2026-09-11 23:12:22.046 [http-nio-8888-exec-1] INFO  c.c.i.HttpLoggingInterceptor - === REQUEST START ===
2026-09-11 23:12:22.047 [http-nio-8888-exec-1] INFO  c.c.i.HttpLoggingInterceptor - Method: POST | URI: /api/getUploadedFileDetails
2026-09-11 23:12:22.047 [http-nio-8888-exec-1] INFO  c.c.i.HttpLoggingInterceptor - Remote Address: 0:0:0:0:0:0:0:1
2026-09-11 23:12:22.047 [http-nio-8888-exec-1] INFO  c.c.i.HttpLoggingInterceptor - === REQUEST END ===
2026-09-11 23:12:22.074 [http-nio-8888-exec-1] INFO  c.c.i.HttpLoggingInterceptor - === RESPONSE START ===
2026-09-11 23:12:22.074 [http-nio-8888-exec-1] INFO  c.c.i.HttpLoggingInterceptor - Status: 200 | Duration: 28ms
2026-09-11 23:12:22.074 [http-nio-8888-exec-1] INFO  c.c.i.HttpLoggingInterceptor - Content-Type: application/json
2026-09-11 23:12:22.074 [http-nio-8888-exec-1] INFO  c.c.i.HttpLoggingInterceptor - === RESPONSE END ===
2026-09-11 23:14:29.441 [http-nio-8888-exec-7] INFO  c.c.i.HttpLoggingInterceptor - === REQUEST START ===
2026-09-11 23:14:29.441 [http-nio-8888-exec-7] INFO  c.c.i.HttpLoggingInterceptor - Method: POST | URI: /api/getSession
2026-09-11 23:14:29.441 [http-nio-8888-exec-7] INFO  c.c.i.HttpLoggingInterceptor - Remote Address: 0:0:0:0:0:0:0:1
2026-09-11 23:14:29.442 [http-nio-8888-exec-7] INFO  c.c.i.HttpLoggingInterceptor - === REQUEST END ===
2026-09-11 23:14:29.485 [http-nio-8888-exec-7] INFO  c.c.i.HttpLoggingInterceptor - === RESPONSE START ===
2026-09-11 23:14:29.485 [http-nio-8888-exec-7] INFO  c.c.i.HttpLoggingInterceptor - Status: 200 | Duration: 44ms
2026-09-11 23:14:29.485 [http-nio-8888-exec-7] INFO  c.c.i.HttpLoggingInterceptor - Content-Type: application/json
2026-09-11 23:14:29.485 [http-nio-8888-exec-7] INFO  c.c.i.HttpLoggingInterceptor - === RESPONSE END ===
2026-09-11 23:14:29.939 [http-nio-8888-exec-6] INFO  c.c.i.HttpLoggingInterceptor - === REQUEST START ===
2026-09-11 23:14:29.943 [http-nio-8888-exec-6] INFO  c.c.i.HttpLoggingInterceptor - Method: GET | URI: /api/getNavigationMenu/1
2026-09-11 23:14:29.944 [http-nio-8888-exec-6] INFO  c.c.i.HttpLoggingInterceptor - Remote Address: 0:0:0:0:0:0:0:1
2026-09-11 23:14:29.944 [http-nio-8888-exec-6] INFO  c.c.i.HttpLoggingInterceptor - === REQUEST END ===
2026-09-11 23:14:29.987 [http-nio-8888-exec-6] INFO  c.c.i.HttpLoggingInterceptor - === RESPONSE START ===
2026-09-11 23:14:29.987 [http-nio-8888-exec-6] INFO  c.c.i.HttpLoggingInterceptor - Status: 200 | Duration: 48ms
2026-09-11 23:14:29.987 [http-nio-8888-exec-6] INFO  c.c.i.HttpLoggingInterceptor - Content-Type: application/json
2026-09-11 23:14:29.987 [http-nio-8888-exec-6] INFO  c.c.i.HttpLoggingInterceptor - === RESPONSE END ===
2026-09-11 23:14:30.092 [http-nio-8888-exec-8] INFO  c.c.i.HttpLoggingInterceptor - === REQUEST START ===
2026-09-11 23:14:30.092 [http-nio-8888-exec-8] INFO  c.c.i.HttpLoggingInterceptor - Method: POST | URI: /api/getUploadedFileDetails
2026-09-11 23:14:30.092 [http-nio-8888-exec-8] INFO  c.c.i.HttpLoggingInterceptor - Remote Address: 0:0:0:0:0:0:0:1
2026-09-11 23:14:30.092 [http-nio-8888-exec-8] INFO  c.c.i.HttpLoggingInterceptor - === REQUEST END ===
2026-09-11 23:14:30.118 [http-nio-8888-exec-8] INFO  c.c.i.HttpLoggingInterceptor - === RESPONSE START ===
2026-09-11 23:14:30.118 [http-nio-8888-exec-8] INFO  c.c.i.HttpLoggingInterceptor - Status: 200 | Duration: 26ms
2026-09-11 23:14:30.118 [http-nio-8888-exec-8] INFO  c.c.i.HttpLoggingInterceptor - Content-Type: application/json
2026-09-11 23:14:30.118 [http-nio-8888-exec-8] INFO  c.c.i.HttpLoggingInterceptor - === RESPONSE END ===
2026-09-11 23:14:33.136 [http-nio-8888-exec-10] INFO  c.c.i.HttpLoggingInterceptor - === REQUEST START ===
2026-09-11 23:14:33.136 [http-nio-8888-exec-10] INFO  c.c.i.HttpLoggingInterceptor - Method: POST | URI: /api/getSession
2026-09-11 23:14:33.136 [http-nio-8888-exec-10] INFO  c.c.i.HttpLoggingInterceptor - Remote Address: 0:0:0:0:0:0:0:1
2026-09-11 23:14:33.136 [http-nio-8888-exec-10] INFO  c.c.i.HttpLoggingInterceptor - === REQUEST END ===
2026-09-11 23:14:33.162 [http-nio-8888-exec-10] INFO  c.c.i.HttpLoggingInterceptor - === RESPONSE START ===
2026-09-11 23:14:33.162 [http-nio-8888-exec-10] INFO  c.c.i.HttpLoggingInterceptor - Status: 200 | Duration: 26ms
2026-09-11 23:14:33.162 [http-nio-8888-exec-10] INFO  c.c.i.HttpLoggingInterceptor - Content-Type: application/json
2026-09-11 23:14:33.162 [http-nio-8888-exec-10] INFO  c.c.i.HttpLoggingInterceptor - === RESPONSE END ===
2026-09-11 23:14:33.194 [http-nio-8888-exec-9] INFO  c.c.i.HttpLoggingInterceptor - === REQUEST START ===
2026-09-11 23:14:33.194 [http-nio-8888-exec-9] INFO  c.c.i.HttpLoggingInterceptor - Method: GET | URI: /api/getNavigationMenu/1
2026-09-11 23:14:33.194 [http-nio-8888-exec-9] INFO  c.c.i.HttpLoggingInterceptor - Remote Address: 0:0:0:0:0:0:0:1
2026-09-11 23:14:33.194 [http-nio-8888-exec-9] INFO  c.c.i.HttpLoggingInterceptor - === REQUEST END ===
2026-09-11 23:14:33.204 [http-nio-8888-exec-2] INFO  c.c.i.HttpLoggingInterceptor - === REQUEST START ===
2026-09-11 23:14:33.204 [http-nio-8888-exec-2] INFO  c.c.i.HttpLoggingInterceptor - Method: POST | URI: /api/getUploadedFileDetails
2026-09-11 23:14:33.204 [http-nio-8888-exec-2] INFO  c.c.i.HttpLoggingInterceptor - Remote Address: 0:0:0:0:0:0:0:1
2026-09-11 23:14:33.204 [http-nio-8888-exec-2] INFO  c.c.i.HttpLoggingInterceptor - === REQUEST END ===
2026-09-11 23:14:33.215 [http-nio-8888-exec-9] INFO  c.c.i.HttpLoggingInterceptor - === RESPONSE START ===
2026-09-11 23:14:33.215 [http-nio-8888-exec-9] INFO  c.c.i.HttpLoggingInterceptor - Status: 200 | Duration: 21ms
2026-09-11 23:14:33.216 [http-nio-8888-exec-9] INFO  c.c.i.HttpLoggingInterceptor - Content-Type: application/json
2026-09-11 23:14:33.216 [http-nio-8888-exec-9] INFO  c.c.i.HttpLoggingInterceptor - === RESPONSE END ===
2026-09-11 23:14:33.231 [http-nio-8888-exec-2] INFO  c.c.i.HttpLoggingInterceptor - === RESPONSE START ===
2026-09-11 23:14:33.231 [http-nio-8888-exec-2] INFO  c.c.i.HttpLoggingInterceptor - Status: 200 | Duration: 27ms
2026-09-11 23:14:33.231 [http-nio-8888-exec-2] INFO  c.c.i.HttpLoggingInterceptor - Content-Type: application/json
2026-09-11 23:14:33.231 [http-nio-8888-exec-2] INFO  c.c.i.HttpLoggingInterceptor - === RESPONSE END ===
2026-09-11 23:14:35.710 [http-nio-8888-exec-4] INFO  c.c.i.HttpLoggingInterceptor - === REQUEST START ===
2026-09-11 23:14:35.721 [http-nio-8888-exec-4] INFO  c.c.i.HttpLoggingInterceptor - Method: GET | URI: /api/file/ChandranS/Screenshot%202025-07-26%20135500.png/false
2026-09-11 23:14:35.721 [http-nio-8888-exec-4] INFO  c.c.i.HttpLoggingInterceptor - Remote Address: 0:0:0:0:0:0:0:1
2026-09-11 23:14:35.721 [http-nio-8888-exec-4] INFO  c.c.i.HttpLoggingInterceptor - === REQUEST END ===
2026-09-11 23:14:35.721 [http-nio-8888-exec-4] WARN  config.serviceI.ClientDocumentI - File not found: B:\projects\SpringBoot\LearnSpringBoot-main\.\documents\apiDocuments\ChandranS\Screenshot 2025-07-26 135500.png
2026-09-11 23:14:35.721 [http-nio-8888-exec-4] INFO  c.c.i.HttpLoggingInterceptor - === RESPONSE START ===
2026-09-11 23:14:35.721 [http-nio-8888-exec-4] INFO  c.c.i.HttpLoggingInterceptor - Status: 404 | Duration: 11ms
2026-09-11 23:14:35.721 [http-nio-8888-exec-4] INFO  c.c.i.HttpLoggingInterceptor - Content-Type: null
2026-09-11 23:14:35.721 [http-nio-8888-exec-4] INFO  c.c.i.HttpLoggingInterceptor - === RESPONSE END ===
2026-09-11 23:14:52.795 [http-nio-8888-exec-1] INFO  c.c.i.HttpLoggingInterceptor - === REQUEST START ===
2026-09-11 23:14:52.795 [http-nio-8888-exec-1] INFO  c.c.i.HttpLoggingInterceptor - Method: GET | URI: /api/file/ChandranS/Screenshot%202025-07-26%20135500.png/false
2026-09-11 23:14:52.795 [http-nio-8888-exec-1] INFO  c.c.i.HttpLoggingInterceptor - Remote Address: 0:0:0:0:0:0:0:1
2026-09-11 23:14:52.795 [http-nio-8888-exec-1] INFO  c.c.i.HttpLoggingInterceptor - === REQUEST END ===
2026-09-11 23:14:52.797 [http-nio-8888-exec-1] WARN  config.serviceI.ClientDocumentI - File not found: B:\projects\SpringBoot\LearnSpringBoot-main\.\documents\apiDocuments\ChandranS\Screenshot 2025-07-26 135500.png
2026-09-11 23:14:52.797 [http-nio-8888-exec-1] INFO  c.c.i.HttpLoggingInterceptor - === RESPONSE START ===
2026-09-11 23:14:52.798 [http-nio-8888-exec-1] INFO  c.c.i.HttpLoggingInterceptor - Status: 404 | Duration: 2ms
2026-09-11 23:14:52.798 [http-nio-8888-exec-1] INFO  c.c.i.HttpLoggingInterceptor - Content-Type: null
2026-09-11 23:14:52.798 [http-nio-8888-exec-1] INFO  c.c.i.HttpLoggingInterceptor - === RESPONSE END ===
2026-09-11 23:15:14.690 [http-nio-8888-exec-3] INFO  c.c.i.HttpLoggingInterceptor - === REQUEST START ===
2026-09-11 23:15:14.691 [http-nio-8888-exec-3] INFO  c.c.i.HttpLoggingInterceptor - Method: POST | URI: /api/getSession
2026-09-11 23:15:14.691 [http-nio-8888-exec-3] INFO  c.c.i.HttpLoggingInterceptor - Remote Address: 0:0:0:0:0:0:0:1
2026-09-11 23:15:14.691 [http-nio-8888-exec-3] INFO  c.c.i.HttpLoggingInterceptor - === REQUEST END ===
2026-09-11 23:15:14.726 [http-nio-8888-exec-3] INFO  c.c.i.HttpLoggingInterceptor - === RESPONSE START ===
2026-09-11 23:15:14.726 [http-nio-8888-exec-3] INFO  c.c.i.HttpLoggingInterceptor - Status: 200 | Duration: 36ms
2026-09-11 23:15:14.726 [http-nio-8888-exec-3] INFO  c.c.i.HttpLoggingInterceptor - Content-Type: application/json
2026-09-11 23:15:14.726 [http-nio-8888-exec-3] INFO  c.c.i.HttpLoggingInterceptor - === RESPONSE END ===
2026-09-11 23:15:14.782 [http-nio-8888-exec-7] INFO  c.c.i.HttpLoggingInterceptor - === REQUEST START ===
2026-09-11 23:15:14.782 [http-nio-8888-exec-7] INFO  c.c.i.HttpLoggingInterceptor - Method: GET | URI: /api/getNavigationMenu/1
2026-09-11 23:15:14.782 [http-nio-8888-exec-7] INFO  c.c.i.HttpLoggingInterceptor - Remote Address: 0:0:0:0:0:0:0:1
2026-09-11 23:15:14.782 [http-nio-8888-exec-7] INFO  c.c.i.HttpLoggingInterceptor - === REQUEST END ===
2026-09-11 23:15:14.798 [http-nio-8888-exec-6] INFO  c.c.i.HttpLoggingInterceptor - === REQUEST START ===
2026-09-11 23:15:14.798 [http-nio-8888-exec-6] INFO  c.c.i.HttpLoggingInterceptor - Method: POST | URI: /api/getUploadedFileDetails
2026-09-11 23:15:14.799 [http-nio-8888-exec-6] INFO  c.c.i.HttpLoggingInterceptor - Remote Address: 0:0:0:0:0:0:0:1
2026-09-11 23:15:14.799 [http-nio-8888-exec-6] INFO  c.c.i.HttpLoggingInterceptor - === REQUEST END ===
2026-09-11 23:15:14.810 [http-nio-8888-exec-7] INFO  c.c.i.HttpLoggingInterceptor - === RESPONSE START ===
2026-09-11 23:15:14.810 [http-nio-8888-exec-7] INFO  c.c.i.HttpLoggingInterceptor - Status: 200 | Duration: 28ms
2026-09-11 23:15:14.810 [http-nio-8888-exec-7] INFO  c.c.i.HttpLoggingInterceptor - Content-Type: application/json
2026-09-11 23:15:14.810 [http-nio-8888-exec-7] INFO  c.c.i.HttpLoggingInterceptor - === RESPONSE END ===
2026-09-11 23:15:14.818 [http-nio-8888-exec-6] INFO  c.c.i.HttpLoggingInterceptor - === RESPONSE START ===
2026-09-11 23:15:14.818 [http-nio-8888-exec-6] INFO  c.c.i.HttpLoggingInterceptor - Status: 200 | Duration: 20ms
2026-09-11 23:15:14.818 [http-nio-8888-exec-6] INFO  c.c.i.HttpLoggingInterceptor - Content-Type: application/json
2026-09-11 23:15:14.818 [http-nio-8888-exec-6] INFO  c.c.i.HttpLoggingInterceptor - === RESPONSE END ===
2026-09-11 23:16:23.339 [http-nio-8888-exec-4] INFO  c.c.i.HttpLoggingInterceptor - === REQUEST START ===
2026-09-11 23:16:23.339 [http-nio-8888-exec-4] INFO  c.c.i.HttpLoggingInterceptor - Method: POST | URI: /api/uploadImage
2026-09-11 23:16:23.339 [http-nio-8888-exec-4] INFO  c.c.i.HttpLoggingInterceptor - Remote Address: 0:0:0:0:0:0:0:1
2026-09-11 23:16:23.339 [http-nio-8888-exec-4] INFO  c.c.i.HttpLoggingInterceptor - === REQUEST END ===
2026-09-11 23:16:31.204 [http-nio-8888-exec-4] INFO  config.serviceI.ClientDocumentI - File uploaded successfully: client_20260911_231624_921_Resume 3.0 (1).pdf
2026-09-11 23:16:31.204 [http-nio-8888-exec-4] INFO  c.c.i.HttpLoggingInterceptor - === RESPONSE START ===
2026-09-11 23:16:31.204 [http-nio-8888-exec-4] INFO  c.c.i.HttpLoggingInterceptor - Status: 200 | Duration: 7865ms
2026-09-11 23:16:31.204 [http-nio-8888-exec-4] INFO  c.c.i.HttpLoggingInterceptor - Content-Type: application/json
2026-09-11 23:16:31.204 [http-nio-8888-exec-4] INFO  c.c.i.HttpLoggingInterceptor - === RESPONSE END ===
2026-09-11 23:16:31.220 [http-nio-8888-exec-5] INFO  c.c.i.HttpLoggingInterceptor - === REQUEST START ===
2026-09-11 23:16:31.220 [http-nio-8888-exec-5] INFO  c.c.i.HttpLoggingInterceptor - Method: POST | URI: /api/getUploadedFileDetails
2026-09-11 23:16:31.220 [http-nio-8888-exec-5] INFO  c.c.i.HttpLoggingInterceptor - Remote Address: 0:0:0:0:0:0:0:1
2026-09-11 23:16:31.220 [http-nio-8888-exec-5] INFO  c.c.i.HttpLoggingInterceptor - === REQUEST END ===
2026-09-11 23:16:31.225 [http-nio-8888-exec-5] INFO  c.c.i.HttpLoggingInterceptor - === RESPONSE START ===
2026-09-11 23:16:31.225 [http-nio-8888-exec-5] INFO  c.c.i.HttpLoggingInterceptor - Status: 200 | Duration: 5ms
2026-09-11 23:16:31.225 [http-nio-8888-exec-5] INFO  c.c.i.HttpLoggingInterceptor - Content-Type: application/json
2026-09-11 23:16:31.225 [http-nio-8888-exec-5] INFO  c.c.i.HttpLoggingInterceptor - === RESPONSE END ===
2026-09-11 23:20:18.902 [http-nio-8888-exec-3] INFO  c.c.i.HttpLoggingInterceptor - === REQUEST START ===
2026-09-11 23:20:18.902 [http-nio-8888-exec-3] INFO  c.c.i.HttpLoggingInterceptor - Method: POST | URI: /api/getSession
2026-09-11 23:20:18.902 [http-nio-8888-exec-3] INFO  c.c.i.HttpLoggingInterceptor - Remote Address: 0:0:0:0:0:0:0:1
2026-09-11 23:20:18.902 [http-nio-8888-exec-3] INFO  c.c.i.HttpLoggingInterceptor - === REQUEST END ===
2026-09-11 23:20:18.928 [http-nio-8888-exec-3] INFO  c.c.i.HttpLoggingInterceptor - === RESPONSE START ===
2026-09-11 23:20:18.928 [http-nio-8888-exec-3] INFO  c.c.i.HttpLoggingInterceptor - Status: 200 | Duration: 26ms
2026-09-11 23:20:18.928 [http-nio-8888-exec-3] INFO  c.c.i.HttpLoggingInterceptor - Content-Type: application/json
2026-09-11 23:20:18.928 [http-nio-8888-exec-3] INFO  c.c.i.HttpLoggingInterceptor - === RESPONSE END ===
2026-09-11 23:20:19.133 [http-nio-8888-exec-7] INFO  c.c.i.HttpLoggingInterceptor - === REQUEST START ===
2026-09-11 23:20:19.134 [http-nio-8888-exec-7] INFO  c.c.i.HttpLoggingInterceptor - Method: GET | URI: /api/getNavigationMenu/1
2026-09-11 23:20:19.134 [http-nio-8888-exec-7] INFO  c.c.i.HttpLoggingInterceptor - Remote Address: 0:0:0:0:0:0:0:1
2026-09-11 23:20:19.134 [http-nio-8888-exec-7] INFO  c.c.i.HttpLoggingInterceptor - === REQUEST END ===
2026-09-11 23:20:19.198 [http-nio-8888-exec-7] INFO  c.c.i.HttpLoggingInterceptor - === RESPONSE START ===
2026-09-11 23:20:19.198 [http-nio-8888-exec-7] INFO  c.c.i.HttpLoggingInterceptor - Status: 200 | Duration: 65ms
2026-09-11 23:20:19.198 [http-nio-8888-exec-7] INFO  c.c.i.HttpLoggingInterceptor - Content-Type: application/json
2026-09-11 23:20:19.198 [http-nio-8888-exec-7] INFO  c.c.i.HttpLoggingInterceptor - === RESPONSE END ===
2026-09-11 23:20:19.361 [http-nio-8888-exec-6] INFO  c.c.i.HttpLoggingInterceptor - === REQUEST START ===
2026-09-11 23:20:19.363 [http-nio-8888-exec-6] INFO  c.c.i.HttpLoggingInterceptor - Method: POST | URI: /api/getUploadedFileDetails
2026-09-11 23:20:19.363 [http-nio-8888-exec-6] INFO  c.c.i.HttpLoggingInterceptor - Remote Address: 0:0:0:0:0:0:0:1
2026-09-11 23:20:19.363 [http-nio-8888-exec-6] INFO  c.c.i.HttpLoggingInterceptor - === REQUEST END ===
2026-09-11 23:20:19.410 [http-nio-8888-exec-6] INFO  c.c.i.HttpLoggingInterceptor - === RESPONSE START ===
2026-09-11 23:20:19.410 [http-nio-8888-exec-6] INFO  c.c.i.HttpLoggingInterceptor - Status: 200 | Duration: 49ms
2026-09-11 23:20:19.410 [http-nio-8888-exec-6] INFO  c.c.i.HttpLoggingInterceptor - Content-Type: application/json
2026-09-11 23:20:19.410 [http-nio-8888-exec-6] INFO  c.c.i.HttpLoggingInterceptor - === RESPONSE END ===
2026-09-11 23:20:27.261 [http-nio-8888-exec-8] INFO  c.c.i.HttpLoggingInterceptor - === REQUEST START ===
2026-09-11 23:20:27.261 [http-nio-8888-exec-8] INFO  c.c.i.HttpLoggingInterceptor - Method: POST | URI: /api/getSession
2026-09-11 23:20:27.261 [http-nio-8888-exec-8] INFO  c.c.i.HttpLoggingInterceptor - Remote Address: 0:0:0:0:0:0:0:1
2026-09-11 23:20:27.261 [http-nio-8888-exec-8] INFO  c.c.i.HttpLoggingInterceptor - === REQUEST END ===
2026-09-11 23:20:27.294 [http-nio-8888-exec-8] INFO  c.c.i.HttpLoggingInterceptor - === RESPONSE START ===
2026-09-11 23:20:27.297 [http-nio-8888-exec-8] INFO  c.c.i.HttpLoggingInterceptor - Status: 200 | Duration: 33ms
2026-09-11 23:20:27.297 [http-nio-8888-exec-8] INFO  c.c.i.HttpLoggingInterceptor - Content-Type: application/json
2026-09-11 23:20:27.297 [http-nio-8888-exec-8] INFO  c.c.i.HttpLoggingInterceptor - === RESPONSE END ===
2026-09-11 23:20:27.573 [http-nio-8888-exec-10] INFO  c.c.i.HttpLoggingInterceptor - === REQUEST START ===
2026-09-11 23:20:27.573 [http-nio-8888-exec-10] INFO  c.c.i.HttpLoggingInterceptor - Method: GET | URI: /api/getNavigationMenu/1
2026-09-11 23:20:27.573 [http-nio-8888-exec-10] INFO  c.c.i.HttpLoggingInterceptor - Remote Address: 0:0:0:0:0:0:0:1
2026-09-11 23:20:27.573 [http-nio-8888-exec-10] INFO  c.c.i.HttpLoggingInterceptor - === REQUEST END ===
2026-09-11 23:20:27.607 [http-nio-8888-exec-10] INFO  c.c.i.HttpLoggingInterceptor - === RESPONSE START ===
2026-09-11 23:20:27.607 [http-nio-8888-exec-10] INFO  c.c.i.HttpLoggingInterceptor - Status: 200 | Duration: 34ms
2026-09-11 23:20:27.608 [http-nio-8888-exec-10] INFO  c.c.i.HttpLoggingInterceptor - Content-Type: application/json
2026-09-11 23:20:27.608 [http-nio-8888-exec-10] INFO  c.c.i.HttpLoggingInterceptor - === RESPONSE END ===
2026-09-11 23:20:27.616 [http-nio-8888-exec-9] INFO  c.c.i.HttpLoggingInterceptor - === REQUEST START ===
2026-09-11 23:20:27.616 [http-nio-8888-exec-9] INFO  c.c.i.HttpLoggingInterceptor - Method: POST | URI: /api/getUploadedFileDetails
2026-09-11 23:20:27.617 [http-nio-8888-exec-9] INFO  c.c.i.HttpLoggingInterceptor - Remote Address: 0:0:0:0:0:0:0:1
2026-09-11 23:20:27.617 [http-nio-8888-exec-9] INFO  c.c.i.HttpLoggingInterceptor - === REQUEST END ===
2026-09-11 23:20:27.647 [http-nio-8888-exec-9] INFO  c.c.i.HttpLoggingInterceptor - === RESPONSE START ===
2026-09-11 23:20:27.647 [http-nio-8888-exec-9] INFO  c.c.i.HttpLoggingInterceptor - Status: 200 | Duration: 31ms
2026-09-11 23:20:27.647 [http-nio-8888-exec-9] INFO  c.c.i.HttpLoggingInterceptor - Content-Type: application/json
2026-09-11 23:20:27.647 [http-nio-8888-exec-9] INFO  c.c.i.HttpLoggingInterceptor - === RESPONSE END ===
2026-09-11 23:24:47.599 [http-nio-8888-exec-4] INFO  c.c.i.HttpLoggingInterceptor - === REQUEST START ===
2026-09-11 23:24:47.599 [http-nio-8888-exec-4] INFO  c.c.i.HttpLoggingInterceptor - Method: POST | URI: /api/getSession
2026-09-11 23:24:47.599 [http-nio-8888-exec-4] INFO  c.c.i.HttpLoggingInterceptor - Remote Address: 0:0:0:0:0:0:0:1
2026-09-11 23:24:47.599 [http-nio-8888-exec-4] INFO  c.c.i.HttpLoggingInterceptor - === REQUEST END ===
2026-09-11 23:24:47.637 [http-nio-8888-exec-4] INFO  c.c.i.HttpLoggingInterceptor - === RESPONSE START ===
2026-09-11 23:24:47.637 [http-nio-8888-exec-4] INFO  c.c.i.HttpLoggingInterceptor - Status: 200 | Duration: 38ms
2026-09-11 23:24:47.637 [http-nio-8888-exec-4] INFO  c.c.i.HttpLoggingInterceptor - Content-Type: application/json
2026-09-11 23:24:47.637 [http-nio-8888-exec-4] INFO  c.c.i.HttpLoggingInterceptor - === RESPONSE END ===
2026-09-11 23:24:47.884 [http-nio-8888-exec-5] INFO  c.c.i.HttpLoggingInterceptor - === REQUEST START ===
2026-09-11 23:24:47.884 [http-nio-8888-exec-5] INFO  c.c.i.HttpLoggingInterceptor - Method: GET | URI: /api/getNavigationMenu/1
2026-09-11 23:24:47.884 [http-nio-8888-exec-5] INFO  c.c.i.HttpLoggingInterceptor - Remote Address: 0:0:0:0:0:0:0:1
2026-09-11 23:24:47.884 [http-nio-8888-exec-5] INFO  c.c.i.HttpLoggingInterceptor - === REQUEST END ===
2026-09-11 23:24:47.914 [http-nio-8888-exec-5] INFO  c.c.i.HttpLoggingInterceptor - === RESPONSE START ===
2026-09-11 23:24:47.914 [http-nio-8888-exec-5] INFO  c.c.i.HttpLoggingInterceptor - Status: 200 | Duration: 30ms
2026-09-11 23:24:47.915 [http-nio-8888-exec-5] INFO  c.c.i.HttpLoggingInterceptor - Content-Type: application/json
2026-09-11 23:24:47.915 [http-nio-8888-exec-5] INFO  c.c.i.HttpLoggingInterceptor - === RESPONSE END ===
2026-09-11 23:24:47.931 [http-nio-8888-exec-1] INFO  c.c.i.HttpLoggingInterceptor - === REQUEST START ===
2026-09-11 23:24:47.931 [http-nio-8888-exec-1] INFO  c.c.i.HttpLoggingInterceptor - Method: POST | URI: /api/getUploadedFileDetails
2026-09-11 23:24:47.931 [http-nio-8888-exec-1] INFO  c.c.i.HttpLoggingInterceptor - Remote Address: 0:0:0:0:0:0:0:1
2026-09-11 23:24:47.931 [http-nio-8888-exec-1] INFO  c.c.i.HttpLoggingInterceptor - === REQUEST END ===
2026-09-11 23:24:47.957 [http-nio-8888-exec-1] INFO  c.c.i.HttpLoggingInterceptor - === RESPONSE START ===
2026-09-11 23:24:47.958 [http-nio-8888-exec-1] INFO  c.c.i.HttpLoggingInterceptor - Status: 200 | Duration: 26ms
2026-09-11 23:24:47.958 [http-nio-8888-exec-1] INFO  c.c.i.HttpLoggingInterceptor - Content-Type: application/json
2026-09-11 23:24:47.959 [http-nio-8888-exec-1] INFO  c.c.i.HttpLoggingInterceptor - === RESPONSE END ===
2026-09-11 23:26:35.942 [http-nio-8888-exec-7] INFO  c.c.i.HttpLoggingInterceptor - === REQUEST START ===
2026-09-11 23:26:35.942 [http-nio-8888-exec-7] INFO  c.c.i.HttpLoggingInterceptor - Method: POST | URI: /api/getSession
2026-09-11 23:26:35.942 [http-nio-8888-exec-7] INFO  c.c.i.HttpLoggingInterceptor - Remote Address: 0:0:0:0:0:0:0:1
2026-09-11 23:26:35.942 [http-nio-8888-exec-7] INFO  c.c.i.HttpLoggingInterceptor - === REQUEST END ===
2026-09-11 23:26:35.975 [http-nio-8888-exec-7] INFO  c.c.i.HttpLoggingInterceptor - === RESPONSE START ===
2026-09-11 23:26:35.976 [http-nio-8888-exec-7] INFO  c.c.i.HttpLoggingInterceptor - Status: 200 | Duration: 33ms
2026-09-11 23:26:35.976 [http-nio-8888-exec-7] INFO  c.c.i.HttpLoggingInterceptor - Content-Type: application/json
2026-09-11 23:26:35.976 [http-nio-8888-exec-7] INFO  c.c.i.HttpLoggingInterceptor - === RESPONSE END ===
2026-09-11 23:26:36.415 [http-nio-8888-exec-6] INFO  c.c.i.HttpLoggingInterceptor - === REQUEST START ===
2026-09-11 23:26:36.415 [http-nio-8888-exec-6] INFO  c.c.i.HttpLoggingInterceptor - Method: GET | URI: /api/getNavigationMenu/1
2026-09-11 23:26:36.415 [http-nio-8888-exec-6] INFO  c.c.i.HttpLoggingInterceptor - Remote Address: 0:0:0:0:0:0:0:1
2026-09-11 23:26:36.415 [http-nio-8888-exec-6] INFO  c.c.i.HttpLoggingInterceptor - === REQUEST END ===
2026-09-11 23:26:36.442 [http-nio-8888-exec-6] INFO  c.c.i.HttpLoggingInterceptor - === RESPONSE START ===
2026-09-11 23:26:36.442 [http-nio-8888-exec-6] INFO  c.c.i.HttpLoggingInterceptor - Status: 200 | Duration: 27ms
2026-09-11 23:26:36.442 [http-nio-8888-exec-6] INFO  c.c.i.HttpLoggingInterceptor - Content-Type: application/json
2026-09-11 23:26:36.442 [http-nio-8888-exec-6] INFO  c.c.i.HttpLoggingInterceptor - === RESPONSE END ===
2026-09-11 23:26:36.475 [http-nio-8888-exec-8] INFO  c.c.i.HttpLoggingInterceptor - === REQUEST START ===
2026-09-11 23:26:36.475 [http-nio-8888-exec-8] INFO  c.c.i.HttpLoggingInterceptor - Method: POST | URI: /api/getUploadedFileDetails
2026-09-11 23:26:36.475 [http-nio-8888-exec-8] INFO  c.c.i.HttpLoggingInterceptor - Remote Address: 0:0:0:0:0:0:0:1
2026-09-11 23:26:36.475 [http-nio-8888-exec-8] INFO  c.c.i.HttpLoggingInterceptor - === REQUEST END ===
2026-09-11 23:26:36.500 [http-nio-8888-exec-8] INFO  c.c.i.HttpLoggingInterceptor - === RESPONSE START ===
2026-09-11 23:26:36.500 [http-nio-8888-exec-8] INFO  c.c.i.HttpLoggingInterceptor - Status: 200 | Duration: 25ms
2026-09-11 23:26:36.500 [http-nio-8888-exec-8] INFO  c.c.i.HttpLoggingInterceptor - Content-Type: application/json
2026-09-11 23:26:36.500 [http-nio-8888-exec-8] INFO  c.c.i.HttpLoggingInterceptor - === RESPONSE END ===
2026-09-11 23:27:49.358 [http-nio-8888-exec-9] INFO  c.c.i.HttpLoggingInterceptor - === REQUEST START ===
2026-09-11 23:27:49.358 [http-nio-8888-exec-9] INFO  c.c.i.HttpLoggingInterceptor - Method: POST | URI: /api/getSession
2026-09-11 23:27:49.358 [http-nio-8888-exec-9] INFO  c.c.i.HttpLoggingInterceptor - Remote Address: 0:0:0:0:0:0:0:1
2026-09-11 23:27:49.358 [http-nio-8888-exec-9] INFO  c.c.i.HttpLoggingInterceptor - === REQUEST END ===
2026-09-11 23:27:49.386 [http-nio-8888-exec-9] INFO  c.c.i.HttpLoggingInterceptor - === RESPONSE START ===
2026-09-11 23:27:49.386 [http-nio-8888-exec-9] INFO  c.c.i.HttpLoggingInterceptor - Status: 200 | Duration: 28ms
2026-09-11 23:27:49.386 [http-nio-8888-exec-9] INFO  c.c.i.HttpLoggingInterceptor - Content-Type: application/json
2026-09-11 23:27:49.386 [http-nio-8888-exec-9] INFO  c.c.i.HttpLoggingInterceptor - === RESPONSE END ===
2026-09-11 23:29:06.384 [http-nio-8888-exec-4] INFO  c.c.i.HttpLoggingInterceptor - === REQUEST START ===
2026-09-11 23:29:06.385 [http-nio-8888-exec-4] INFO  c.c.i.HttpLoggingInterceptor - Method: POST | URI: /api/getSession
2026-09-11 23:29:06.385 [http-nio-8888-exec-4] INFO  c.c.i.HttpLoggingInterceptor - Remote Address: 0:0:0:0:0:0:0:1
2026-09-11 23:29:06.385 [http-nio-8888-exec-4] INFO  c.c.i.HttpLoggingInterceptor - === REQUEST END ===
2026-09-11 23:29:06.427 [http-nio-8888-exec-4] INFO  c.c.i.HttpLoggingInterceptor - === RESPONSE START ===
2026-09-11 23:29:06.427 [http-nio-8888-exec-4] INFO  c.c.i.HttpLoggingInterceptor - Status: 200 | Duration: 43ms
2026-09-11 23:29:06.427 [http-nio-8888-exec-4] INFO  c.c.i.HttpLoggingInterceptor - Content-Type: application/json
2026-09-11 23:29:06.428 [http-nio-8888-exec-4] INFO  c.c.i.HttpLoggingInterceptor - === RESPONSE END ===
2026-09-11 23:29:14.416 [http-nio-8888-exec-5] INFO  c.c.i.HttpLoggingInterceptor - === REQUEST START ===
2026-09-11 23:29:14.416 [http-nio-8888-exec-5] INFO  c.c.i.HttpLoggingInterceptor - Method: POST | URI: /api/getSession
2026-09-11 23:29:14.416 [http-nio-8888-exec-5] INFO  c.c.i.HttpLoggingInterceptor - Remote Address: 0:0:0:0:0:0:0:1
2026-09-11 23:29:14.416 [http-nio-8888-exec-5] INFO  c.c.i.HttpLoggingInterceptor - === REQUEST END ===
2026-09-11 23:29:14.443 [http-nio-8888-exec-5] INFO  c.c.i.HttpLoggingInterceptor - === RESPONSE START ===
2026-09-11 23:29:14.443 [http-nio-8888-exec-5] INFO  c.c.i.HttpLoggingInterceptor - Status: 200 | Duration: 27ms
2026-09-11 23:29:14.443 [http-nio-8888-exec-5] INFO  c.c.i.HttpLoggingInterceptor - Content-Type: application/json
2026-09-11 23:29:14.443 [http-nio-8888-exec-5] INFO  c.c.i.HttpLoggingInterceptor - === RESPONSE END ===
2026-09-11 23:50:48.490 [http-nio-8888-exec-3] INFO  c.c.i.HttpLoggingInterceptor - === REQUEST START ===
2026-09-11 23:50:48.490 [http-nio-8888-exec-3] INFO  c.c.i.HttpLoggingInterceptor - Method: POST | URI: /api/getSession
2026-09-11 23:50:48.490 [http-nio-8888-exec-3] INFO  c.c.i.HttpLoggingInterceptor - Remote Address: 0:0:0:0:0:0:0:1
2026-09-11 23:50:48.490 [http-nio-8888-exec-3] INFO  c.c.i.HttpLoggingInterceptor - === REQUEST END ===
2026-09-11 23:50:48.542 [http-nio-8888-exec-3] INFO  c.c.i.HttpLoggingInterceptor - === RESPONSE START ===
2026-09-11 23:50:48.542 [http-nio-8888-exec-3] INFO  c.c.i.HttpLoggingInterceptor - Status: 200 | Duration: 52ms
2026-09-11 23:50:48.543 [http-nio-8888-exec-3] INFO  c.c.i.HttpLoggingInterceptor - Content-Type: application/json
2026-09-11 23:50:48.543 [http-nio-8888-exec-3] INFO  c.c.i.HttpLoggingInterceptor - === RESPONSE END ===
2026-09-11 23:50:50.413 [http-nio-8888-exec-7] INFO  c.c.i.HttpLoggingInterceptor - === REQUEST START ===
2026-09-11 23:50:50.413 [http-nio-8888-exec-7] INFO  c.c.i.HttpLoggingInterceptor - Method: POST | URI: /api/getSession
2026-09-11 23:50:50.413 [http-nio-8888-exec-7] INFO  c.c.i.HttpLoggingInterceptor - Remote Address: 0:0:0:0:0:0:0:1
2026-09-11 23:50:50.413 [http-nio-8888-exec-7] INFO  c.c.i.HttpLoggingInterceptor - === REQUEST END ===
2026-09-11 23:50:50.431 [http-nio-8888-exec-7] INFO  c.c.i.HttpLoggingInterceptor - === RESPONSE START ===
2026-09-11 23:50:50.431 [http-nio-8888-exec-7] INFO  c.c.i.HttpLoggingInterceptor - Status: 200 | Duration: 18ms
2026-09-11 23:50:50.431 [http-nio-8888-exec-7] INFO  c.c.i.HttpLoggingInterceptor - Content-Type: application/json
2026-09-11 23:50:50.431 [http-nio-8888-exec-7] INFO  c.c.i.HttpLoggingInterceptor - === RESPONSE END ===
2026-09-11 23:50:53.398 [http-nio-8888-exec-6] INFO  c.c.i.HttpLoggingInterceptor - === REQUEST START ===
2026-09-11 23:50:53.398 [http-nio-8888-exec-6] INFO  c.c.i.HttpLoggingInterceptor - Method: POST | URI: /api/getSession
2026-09-11 23:50:53.398 [http-nio-8888-exec-6] INFO  c.c.i.HttpLoggingInterceptor - Remote Address: 0:0:0:0:0:0:0:1
2026-09-11 23:50:53.398 [http-nio-8888-exec-6] INFO  c.c.i.HttpLoggingInterceptor - === REQUEST END ===
2026-09-11 23:50:53.461 [http-nio-8888-exec-6] INFO  c.c.i.HttpLoggingInterceptor - === RESPONSE START ===
2026-09-11 23:50:53.461 [http-nio-8888-exec-6] INFO  c.c.i.HttpLoggingInterceptor - Status: 200 | Duration: 63ms
2026-09-11 23:50:53.461 [http-nio-8888-exec-6] INFO  c.c.i.HttpLoggingInterceptor - Content-Type: application/json
2026-09-11 23:50:53.461 [http-nio-8888-exec-6] INFO  c.c.i.HttpLoggingInterceptor - === RESPONSE END ===
2026-09-11 23:51:08.707 [http-nio-8888-exec-8] INFO  c.c.i.HttpLoggingInterceptor - === REQUEST START ===
2026-09-11 23:51:08.707 [http-nio-8888-exec-8] INFO  c.c.i.HttpLoggingInterceptor - Method: POST | URI: /api/getSession
2026-09-11 23:51:08.707 [http-nio-8888-exec-8] INFO  c.c.i.HttpLoggingInterceptor - Remote Address: 0:0:0:0:0:0:0:1
2026-09-11 23:51:08.707 [http-nio-8888-exec-8] INFO  c.c.i.HttpLoggingInterceptor - === REQUEST END ===
2026-09-11 23:51:08.732 [http-nio-8888-exec-8] INFO  c.c.i.HttpLoggingInterceptor - === RESPONSE START ===
2026-09-11 23:51:08.732 [http-nio-8888-exec-8] INFO  c.c.i.HttpLoggingInterceptor - Status: 200 | Duration: 25ms
2026-09-11 23:51:08.732 [http-nio-8888-exec-8] INFO  c.c.i.HttpLoggingInterceptor - Content-Type: application/json
2026-09-11 23:51:08.732 [http-nio-8888-exec-8] INFO  c.c.i.HttpLoggingInterceptor - === RESPONSE END ===
2026-09-11 23:52:16.035 [http-nio-8888-exec-9] INFO  c.c.i.HttpLoggingInterceptor - === REQUEST START ===
2026-09-11 23:52:16.035 [http-nio-8888-exec-9] INFO  c.c.i.HttpLoggingInterceptor - Method: POST | URI: /api/getSession
2026-09-11 23:52:16.035 [http-nio-8888-exec-9] INFO  c.c.i.HttpLoggingInterceptor - Remote Address: 0:0:0:0:0:0:0:1
2026-09-11 23:52:16.035 [http-nio-8888-exec-9] INFO  c.c.i.HttpLoggingInterceptor - === REQUEST END ===
2026-09-11 23:52:16.095 [http-nio-8888-exec-9] INFO  c.c.i.HttpLoggingInterceptor - === RESPONSE START ===
2026-09-11 23:52:16.095 [http-nio-8888-exec-9] INFO  c.c.i.HttpLoggingInterceptor - Status: 200 | Duration: 60ms
2026-09-11 23:52:16.095 [http-nio-8888-exec-9] INFO  c.c.i.HttpLoggingInterceptor - Content-Type: application/json
2026-09-11 23:52:16.095 [http-nio-8888-exec-9] INFO  c.c.i.HttpLoggingInterceptor - === RESPONSE END ===
2026-09-11 23:52:17.880 [http-nio-8888-exec-2] INFO  c.c.i.HttpLoggingInterceptor - === REQUEST START ===
2026-09-11 23:52:17.880 [http-nio-8888-exec-2] INFO  c.c.i.HttpLoggingInterceptor - Method: GET | URI: /api/getNavigationMenu/1
2026-09-11 23:52:17.880 [http-nio-8888-exec-2] INFO  c.c.i.HttpLoggingInterceptor - Remote Address: 0:0:0:0:0:0:0:1
2026-09-11 23:52:17.880 [http-nio-8888-exec-2] INFO  c.c.i.HttpLoggingInterceptor - === REQUEST END ===
2026-09-11 23:52:17.892 [http-nio-8888-exec-4] INFO  c.c.i.HttpLoggingInterceptor - === REQUEST START ===
2026-09-11 23:52:17.892 [http-nio-8888-exec-4] INFO  c.c.i.HttpLoggingInterceptor - Method: POST | URI: /api/getUploadedFileDetails
2026-09-11 23:52:17.892 [http-nio-8888-exec-4] INFO  c.c.i.HttpLoggingInterceptor - Remote Address: 0:0:0:0:0:0:0:1
2026-09-11 23:52:17.892 [http-nio-8888-exec-4] INFO  c.c.i.HttpLoggingInterceptor - === REQUEST END ===
2026-09-11 23:52:17.944 [http-nio-8888-exec-2] INFO  c.c.i.HttpLoggingInterceptor - === RESPONSE START ===
2026-09-11 23:52:17.944 [http-nio-8888-exec-2] INFO  c.c.i.HttpLoggingInterceptor - Status: 200 | Duration: 64ms
2026-09-11 23:52:17.944 [http-nio-8888-exec-2] INFO  c.c.i.HttpLoggingInterceptor - Content-Type: application/json
2026-09-11 23:52:17.944 [http-nio-8888-exec-2] INFO  c.c.i.HttpLoggingInterceptor - === RESPONSE END ===
2026-09-11 23:52:17.946 [http-nio-8888-exec-4] INFO  c.c.i.HttpLoggingInterceptor - === RESPONSE START ===
2026-09-11 23:52:17.946 [http-nio-8888-exec-4] INFO  c.c.i.HttpLoggingInterceptor - Status: 200 | Duration: 54ms
2026-09-11 23:52:17.946 [http-nio-8888-exec-4] INFO  c.c.i.HttpLoggingInterceptor - Content-Type: application/json
2026-09-11 23:52:17.946 [http-nio-8888-exec-4] INFO  c.c.i.HttpLoggingInterceptor - === RESPONSE END ===
2026-09-11 23:52:25.097 [http-nio-8888-exec-5] INFO  c.c.i.HttpLoggingInterceptor - === REQUEST START ===
2026-09-11 23:52:25.098 [http-nio-8888-exec-5] INFO  c.c.i.HttpLoggingInterceptor - Method: POST | URI: /api/getSession
2026-09-11 23:52:25.098 [http-nio-8888-exec-5] INFO  c.c.i.HttpLoggingInterceptor - Remote Address: 0:0:0:0:0:0:0:1
2026-09-11 23:52:25.098 [http-nio-8888-exec-5] INFO  c.c.i.HttpLoggingInterceptor - === REQUEST END ===
2026-09-11 23:52:25.133 [http-nio-8888-exec-5] INFO  c.c.i.HttpLoggingInterceptor - === RESPONSE START ===
2026-09-11 23:52:25.133 [http-nio-8888-exec-5] INFO  c.c.i.HttpLoggingInterceptor - Status: 200 | Duration: 36ms
2026-09-11 23:52:25.133 [http-nio-8888-exec-5] INFO  c.c.i.HttpLoggingInterceptor - Content-Type: application/json
2026-09-11 23:52:25.133 [http-nio-8888-exec-5] INFO  c.c.i.HttpLoggingInterceptor - === RESPONSE END ===
2026-09-11 23:52:25.178 [http-nio-8888-exec-3] INFO  c.c.i.HttpLoggingInterceptor - === REQUEST START ===
2026-09-11 23:52:25.178 [http-nio-8888-exec-3] INFO  c.c.i.HttpLoggingInterceptor - Method: POST | URI: /api/getUploadedFileDetails
2026-09-11 23:52:25.178 [http-nio-8888-exec-3] INFO  c.c.i.HttpLoggingInterceptor - Remote Address: 0:0:0:0:0:0:0:1
2026-09-11 23:52:25.178 [http-nio-8888-exec-3] INFO  c.c.i.HttpLoggingInterceptor - === REQUEST END ===
2026-09-11 23:52:25.200 [http-nio-8888-exec-1] INFO  c.c.i.HttpLoggingInterceptor - === REQUEST START ===
2026-09-11 23:52:25.200 [http-nio-8888-exec-1] INFO  c.c.i.HttpLoggingInterceptor - Method: GET | URI: /api/getNavigationMenu/1
2026-09-11 23:52:25.201 [http-nio-8888-exec-1] INFO  c.c.i.HttpLoggingInterceptor - Remote Address: 0:0:0:0:0:0:0:1
2026-09-11 23:52:25.201 [http-nio-8888-exec-1] INFO  c.c.i.HttpLoggingInterceptor - === REQUEST END ===
2026-09-11 23:52:25.211 [http-nio-8888-exec-3] INFO  c.c.i.HttpLoggingInterceptor - === RESPONSE START ===
2026-09-11 23:52:25.211 [http-nio-8888-exec-3] INFO  c.c.i.HttpLoggingInterceptor - Status: 200 | Duration: 33ms
2026-09-11 23:52:25.211 [http-nio-8888-exec-3] INFO  c.c.i.HttpLoggingInterceptor - Content-Type: application/json
2026-09-11 23:52:25.211 [http-nio-8888-exec-3] INFO  c.c.i.HttpLoggingInterceptor - === RESPONSE END ===
2026-09-11 23:52:25.254 [http-nio-8888-exec-1] INFO  c.c.i.HttpLoggingInterceptor - === RESPONSE START ===
2026-09-11 23:52:25.254 [http-nio-8888-exec-1] INFO  c.c.i.HttpLoggingInterceptor - Status: 200 | Duration: 54ms
2026-09-11 23:52:25.254 [http-nio-8888-exec-1] INFO  c.c.i.HttpLoggingInterceptor - Content-Type: application/json
2026-09-11 23:52:25.254 [http-nio-8888-exec-1] INFO  c.c.i.HttpLoggingInterceptor - === RESPONSE END ===
2026-09-11 23:52:28.362 [http-nio-8888-exec-7] INFO  c.c.i.HttpLoggingInterceptor - === REQUEST START ===
2026-09-11 23:52:28.362 [http-nio-8888-exec-7] INFO  c.c.i.HttpLoggingInterceptor - Method: OPTIONS | URI: /api/logout
2026-09-11 23:52:28.362 [http-nio-8888-exec-7] INFO  c.c.i.HttpLoggingInterceptor - Remote Address: 0:0:0:0:0:0:0:1
2026-09-11 23:52:28.362 [http-nio-8888-exec-7] INFO  c.c.i.HttpLoggingInterceptor - === REQUEST END ===
2026-09-11 23:52:28.376 [http-nio-8888-exec-7] INFO  c.c.i.HttpLoggingInterceptor - === RESPONSE START ===
2026-09-11 23:52:28.376 [http-nio-8888-exec-7] INFO  c.c.i.HttpLoggingInterceptor - Status: 200 | Duration: 14ms
2026-09-11 23:52:28.376 [http-nio-8888-exec-7] INFO  c.c.i.HttpLoggingInterceptor - Content-Type: null
2026-09-11 23:52:28.376 [http-nio-8888-exec-7] INFO  c.c.i.HttpLoggingInterceptor - === RESPONSE END ===
2026-09-11 23:52:28.427 [http-nio-8888-exec-6] INFO  c.c.i.HttpLoggingInterceptor - === REQUEST START ===
2026-09-11 23:52:28.427 [http-nio-8888-exec-6] INFO  c.c.i.HttpLoggingInterceptor - Method: POST | URI: /api/getCapcha
2026-09-11 23:52:28.427 [http-nio-8888-exec-6] INFO  c.c.i.HttpLoggingInterceptor - Remote Address: 0:0:0:0:0:0:0:1
2026-09-11 23:52:28.427 [http-nio-8888-exec-6] INFO  c.c.i.HttpLoggingInterceptor - === REQUEST END ===
2026-09-11 23:52:28.474 [http-nio-8888-exec-8] INFO  c.c.i.HttpLoggingInterceptor - === REQUEST START ===
2026-09-11 23:52:28.474 [http-nio-8888-exec-8] INFO  c.c.i.HttpLoggingInterceptor - Method: POST | URI: /api/logout
2026-09-11 23:52:28.474 [http-nio-8888-exec-8] INFO  c.c.i.HttpLoggingInterceptor - Remote Address: 0:0:0:0:0:0:0:1
2026-09-11 23:52:28.474 [http-nio-8888-exec-8] INFO  c.c.i.HttpLoggingInterceptor - === REQUEST END ===
2026-09-11 23:52:28.553 [http-nio-8888-exec-6] INFO  c.c.i.HttpLoggingInterceptor - === RESPONSE START ===
2026-09-11 23:52:28.553 [http-nio-8888-exec-6] INFO  c.c.i.HttpLoggingInterceptor - Status: 200 | Duration: 126ms
2026-09-11 23:52:28.553 [http-nio-8888-exec-6] INFO  c.c.i.HttpLoggingInterceptor - Content-Type: application/json
2026-09-11 23:52:28.553 [http-nio-8888-exec-6] INFO  c.c.i.HttpLoggingInterceptor - === RESPONSE END ===
2026-09-11 23:52:28.706 [http-nio-8888-exec-8] INFO  c.c.i.HttpLoggingInterceptor - === RESPONSE START ===
2026-09-11 23:52:28.706 [http-nio-8888-exec-8] INFO  c.c.i.HttpLoggingInterceptor - Status: 200 | Duration: 232ms
2026-09-11 23:52:28.706 [http-nio-8888-exec-8] INFO  c.c.i.HttpLoggingInterceptor - Content-Type: application/json
2026-09-11 23:52:28.706 [http-nio-8888-exec-8] INFO  c.c.i.HttpLoggingInterceptor - === RESPONSE END ===
2026-09-11 23:52:31.453 [http-nio-8888-exec-10] INFO  c.c.i.HttpLoggingInterceptor - === REQUEST START ===
2026-09-11 23:52:31.453 [http-nio-8888-exec-10] INFO  c.c.i.HttpLoggingInterceptor - Method: OPTIONS | URI: /api/getUsergroupList
2026-09-11 23:52:31.453 [http-nio-8888-exec-10] INFO  c.c.i.HttpLoggingInterceptor - Remote Address: 0:0:0:0:0:0:0:1
2026-09-11 23:52:31.453 [http-nio-8888-exec-10] INFO  c.c.i.HttpLoggingInterceptor - === REQUEST END ===
2026-09-11 23:52:31.455 [http-nio-8888-exec-10] INFO  c.c.i.HttpLoggingInterceptor - === RESPONSE START ===
2026-09-11 23:52:31.455 [http-nio-8888-exec-10] INFO  c.c.i.HttpLoggingInterceptor - Status: 200 | Duration: 2ms
2026-09-11 23:52:31.455 [http-nio-8888-exec-10] INFO  c.c.i.HttpLoggingInterceptor - Content-Type: null
2026-09-11 23:52:31.455 [http-nio-8888-exec-10] INFO  c.c.i.HttpLoggingInterceptor - === RESPONSE END ===
2026-09-11 23:52:31.464 [http-nio-8888-exec-9] INFO  c.c.i.HttpLoggingInterceptor - === REQUEST START ===
2026-09-11 23:52:31.464 [http-nio-8888-exec-9] INFO  c.c.i.HttpLoggingInterceptor - Method: GET | URI: /api/getUsergroupList
2026-09-11 23:52:31.464 [http-nio-8888-exec-9] INFO  c.c.i.HttpLoggingInterceptor - Remote Address: 0:0:0:0:0:0:0:1
2026-09-11 23:52:31.464 [http-nio-8888-exec-9] INFO  c.c.i.HttpLoggingInterceptor - === REQUEST END ===
2026-09-11 23:52:31.603 [http-nio-8888-exec-9] INFO  c.c.i.HttpLoggingInterceptor - === RESPONSE START ===
2026-09-11 23:52:31.603 [http-nio-8888-exec-9] INFO  c.c.i.HttpLoggingInterceptor - Status: 200 | Duration: 139ms
2026-09-11 23:52:31.603 [http-nio-8888-exec-9] INFO  c.c.i.HttpLoggingInterceptor - Content-Type: application/json
2026-09-11 23:52:31.603 [http-nio-8888-exec-9] INFO  c.c.i.HttpLoggingInterceptor - === RESPONSE END ===
2026-09-11 23:52:42.200 [http-nio-8888-exec-2] INFO  c.c.i.HttpLoggingInterceptor - === REQUEST START ===
2026-09-11 23:52:42.201 [http-nio-8888-exec-2] INFO  c.c.i.HttpLoggingInterceptor - Method: POST | URI: /api/getCapcha
2026-09-11 23:52:42.201 [http-nio-8888-exec-2] INFO  c.c.i.HttpLoggingInterceptor - Remote Address: 0:0:0:0:0:0:0:1
2026-09-11 23:52:42.201 [http-nio-8888-exec-2] INFO  c.c.i.HttpLoggingInterceptor - === REQUEST END ===
2026-09-11 23:52:42.226 [http-nio-8888-exec-2] INFO  c.c.i.HttpLoggingInterceptor - === RESPONSE START ===
2026-09-11 23:52:42.226 [http-nio-8888-exec-2] INFO  c.c.i.HttpLoggingInterceptor - Status: 200 | Duration: 26ms
2026-09-11 23:52:42.226 [http-nio-8888-exec-2] INFO  c.c.i.HttpLoggingInterceptor - Content-Type: application/json
2026-09-11 23:52:42.226 [http-nio-8888-exec-2] INFO  c.c.i.HttpLoggingInterceptor - === RESPONSE END ===
2026-09-11 23:52:53.129 [http-nio-8888-exec-4] INFO  c.c.i.HttpLoggingInterceptor - === REQUEST START ===
2026-09-11 23:52:53.129 [http-nio-8888-exec-4] INFO  c.c.i.HttpLoggingInterceptor - Method: POST | URI: /api/authSession
2026-09-11 23:52:53.129 [http-nio-8888-exec-4] INFO  c.c.i.HttpLoggingInterceptor - Remote Address: 0:0:0:0:0:0:0:1
2026-09-11 23:52:53.129 [http-nio-8888-exec-4] INFO  c.c.i.HttpLoggingInterceptor - === REQUEST END ===
2026-09-11 23:52:53.241 [http-nio-8888-exec-4] INFO  c.c.i.HttpLoggingInterceptor - === RESPONSE START ===
2026-09-11 23:52:53.241 [http-nio-8888-exec-4] INFO  c.c.i.HttpLoggingInterceptor - Status: 200 | Duration: 112ms
2026-09-11 23:52:53.241 [http-nio-8888-exec-4] INFO  c.c.i.HttpLoggingInterceptor - Content-Type: application/json
2026-09-11 23:52:53.241 [http-nio-8888-exec-4] INFO  c.c.i.HttpLoggingInterceptor - === RESPONSE END ===
2026-09-11 23:52:53.241 [http-nio-8888-exec-5] INFO  c.c.i.HttpLoggingInterceptor - === REQUEST START ===
2026-09-11 23:52:53.241 [http-nio-8888-exec-5] INFO  c.c.i.HttpLoggingInterceptor - Method: POST | URI: /api/getSession
2026-09-11 23:52:53.241 [http-nio-8888-exec-5] INFO  c.c.i.HttpLoggingInterceptor - Remote Address: 0:0:0:0:0:0:0:1
2026-09-11 23:52:53.241 [http-nio-8888-exec-5] INFO  c.c.i.HttpLoggingInterceptor - === REQUEST END ===
2026-09-11 23:52:53.258 [http-nio-8888-exec-5] INFO  c.c.i.HttpLoggingInterceptor - === RESPONSE START ===
2026-09-11 23:52:53.258 [http-nio-8888-exec-5] INFO  c.c.i.HttpLoggingInterceptor - Status: 200 | Duration: 17ms
2026-09-11 23:52:53.258 [http-nio-8888-exec-5] INFO  c.c.i.HttpLoggingInterceptor - Content-Type: application/json
2026-09-11 23:52:53.258 [http-nio-8888-exec-5] INFO  c.c.i.HttpLoggingInterceptor - === RESPONSE END ===
2026-09-11 23:52:53.285 [http-nio-8888-exec-3] INFO  c.c.i.HttpLoggingInterceptor - === REQUEST START ===
2026-09-11 23:52:53.285 [http-nio-8888-exec-3] INFO  c.c.i.HttpLoggingInterceptor - Method: GET | URI: /api/getNavigationMenu/1
2026-09-11 23:52:53.285 [http-nio-8888-exec-3] INFO  c.c.i.HttpLoggingInterceptor - Remote Address: 0:0:0:0:0:0:0:1
2026-09-11 23:52:53.285 [http-nio-8888-exec-3] INFO  c.c.i.HttpLoggingInterceptor - === REQUEST END ===
2026-09-11 23:52:53.302 [http-nio-8888-exec-3] INFO  c.c.i.HttpLoggingInterceptor - === RESPONSE START ===
2026-09-11 23:52:53.302 [http-nio-8888-exec-3] INFO  c.c.i.HttpLoggingInterceptor - Status: 200 | Duration: 17ms
2026-09-11 23:52:53.302 [http-nio-8888-exec-3] INFO  c.c.i.HttpLoggingInterceptor - Content-Type: application/json
2026-09-11 23:52:53.302 [http-nio-8888-exec-3] INFO  c.c.i.HttpLoggingInterceptor - === RESPONSE END ===
2026-09-11 23:52:57.141 [http-nio-8888-exec-1] INFO  c.c.i.HttpLoggingInterceptor - === REQUEST START ===
2026-09-11 23:52:57.141 [http-nio-8888-exec-1] INFO  c.c.i.HttpLoggingInterceptor - Method: POST | URI: /api/getAllCustomerList
2026-09-11 23:52:57.141 [http-nio-8888-exec-1] INFO  c.c.i.HttpLoggingInterceptor - Remote Address: 0:0:0:0:0:0:0:1
2026-09-11 23:52:57.141 [http-nio-8888-exec-1] INFO  c.c.i.HttpLoggingInterceptor - === REQUEST END ===
2026-09-11 23:52:57.167 [http-nio-8888-exec-1] INFO  c.c.i.HttpLoggingInterceptor - === RESPONSE START ===
2026-09-11 23:52:57.168 [http-nio-8888-exec-1] INFO  c.c.i.HttpLoggingInterceptor - Status: 200 | Duration: 26ms
2026-09-11 23:52:57.168 [http-nio-8888-exec-1] INFO  c.c.i.HttpLoggingInterceptor - Content-Type: application/json
2026-09-11 23:52:57.168 [http-nio-8888-exec-1] INFO  c.c.i.HttpLoggingInterceptor - === RESPONSE END ===
2026-09-11 23:52:58.750 [http-nio-8888-exec-7] INFO  c.c.i.HttpLoggingInterceptor - === REQUEST START ===
2026-09-11 23:52:58.750 [http-nio-8888-exec-7] INFO  c.c.i.HttpLoggingInterceptor - Method: POST | URI: /api/getUploadedFileDetails
2026-09-11 23:52:58.750 [http-nio-8888-exec-7] INFO  c.c.i.HttpLoggingInterceptor - Remote Address: 0:0:0:0:0:0:0:1
2026-09-11 23:52:58.750 [http-nio-8888-exec-7] INFO  c.c.i.HttpLoggingInterceptor - === REQUEST END ===
2026-09-11 23:52:58.769 [http-nio-8888-exec-7] INFO  c.c.i.HttpLoggingInterceptor - === RESPONSE START ===
2026-09-11 23:52:58.769 [http-nio-8888-exec-7] INFO  c.c.i.HttpLoggingInterceptor - Status: 200 | Duration: 19ms
2026-09-11 23:52:58.769 [http-nio-8888-exec-7] INFO  c.c.i.HttpLoggingInterceptor - Content-Type: application/json
2026-09-11 23:52:58.769 [http-nio-8888-exec-7] INFO  c.c.i.HttpLoggingInterceptor - === RESPONSE END ===
2026-09-11 23:53:00.369 [http-nio-8888-exec-6] INFO  c.c.i.HttpLoggingInterceptor - === REQUEST START ===
2026-09-11 23:53:00.369 [http-nio-8888-exec-6] INFO  c.c.i.HttpLoggingInterceptor - Method: OPTIONS | URI: /api/getPaymentList
2026-09-11 23:53:00.369 [http-nio-8888-exec-6] INFO  c.c.i.HttpLoggingInterceptor - Remote Address: 0:0:0:0:0:0:0:1
2026-09-11 23:53:00.369 [http-nio-8888-exec-6] INFO  c.c.i.HttpLoggingInterceptor - === REQUEST END ===
2026-09-11 23:53:00.372 [http-nio-8888-exec-6] INFO  c.c.i.HttpLoggingInterceptor - === RESPONSE START ===
2026-09-11 23:53:00.372 [http-nio-8888-exec-6] INFO  c.c.i.HttpLoggingInterceptor - Status: 200 | Duration: 3ms
2026-09-11 23:53:00.372 [http-nio-8888-exec-6] INFO  c.c.i.HttpLoggingInterceptor - Content-Type: null
2026-09-11 23:53:00.372 [http-nio-8888-exec-6] INFO  c.c.i.HttpLoggingInterceptor - === RESPONSE END ===
2026-09-11 23:53:00.376 [http-nio-8888-exec-8] INFO  c.c.i.HttpLoggingInterceptor - === REQUEST START ===
2026-09-11 23:53:00.376 [http-nio-8888-exec-8] INFO  c.c.i.HttpLoggingInterceptor - Method: POST | URI: /api/getPaymentList
2026-09-11 23:53:00.377 [http-nio-8888-exec-8] INFO  c.c.i.HttpLoggingInterceptor - Remote Address: 0:0:0:0:0:0:0:1
2026-09-11 23:53:00.377 [http-nio-8888-exec-8] INFO  c.c.i.HttpLoggingInterceptor - === REQUEST END ===
2026-09-11 23:53:00.456 [http-nio-8888-exec-8] INFO  c.c.i.HttpLoggingInterceptor - === RESPONSE START ===
2026-09-11 23:53:00.456 [http-nio-8888-exec-8] INFO  c.c.i.HttpLoggingInterceptor - Status: 200 | Duration: 80ms
2026-09-11 23:53:00.456 [http-nio-8888-exec-8] INFO  c.c.i.HttpLoggingInterceptor - Content-Type: application/json
2026-09-11 23:53:00.456 [http-nio-8888-exec-8] INFO  c.c.i.HttpLoggingInterceptor - === RESPONSE END ===
2026-09-11 23:53:47.515 [http-nio-8888-exec-9] INFO  c.c.i.HttpLoggingInterceptor - === REQUEST START ===
2026-09-11 23:53:47.515 [http-nio-8888-exec-9] INFO  c.c.i.HttpLoggingInterceptor - Method: POST | URI: /api/getSession
2026-09-11 23:53:47.515 [http-nio-8888-exec-9] INFO  c.c.i.HttpLoggingInterceptor - Remote Address: 0:0:0:0:0:0:0:1
2026-09-11 23:53:47.515 [http-nio-8888-exec-9] INFO  c.c.i.HttpLoggingInterceptor - === REQUEST END ===
2026-09-11 23:53:47.560 [http-nio-8888-exec-9] INFO  c.c.i.HttpLoggingInterceptor - === RESPONSE START ===
2026-09-11 23:53:47.560 [http-nio-8888-exec-9] INFO  c.c.i.HttpLoggingInterceptor - Status: 200 | Duration: 45ms
2026-09-11 23:53:47.560 [http-nio-8888-exec-9] INFO  c.c.i.HttpLoggingInterceptor - Content-Type: application/json
2026-09-11 23:53:47.560 [http-nio-8888-exec-9] INFO  c.c.i.HttpLoggingInterceptor - === RESPONSE END ===
2026-09-11 23:53:47.986 [http-nio-8888-exec-2] INFO  c.c.i.HttpLoggingInterceptor - === REQUEST START ===
2026-09-11 23:53:47.986 [http-nio-8888-exec-2] INFO  c.c.i.HttpLoggingInterceptor - Method: GET | URI: /api/getNavigationMenu/1
2026-09-11 23:53:47.986 [http-nio-8888-exec-2] INFO  c.c.i.HttpLoggingInterceptor - Remote Address: 0:0:0:0:0:0:0:1
2026-09-11 23:53:47.986 [http-nio-8888-exec-2] INFO  c.c.i.HttpLoggingInterceptor - === REQUEST END ===
2026-09-11 23:53:47.993 [http-nio-8888-exec-2] INFO  c.c.i.HttpLoggingInterceptor - === RESPONSE START ===
2026-09-11 23:53:47.993 [http-nio-8888-exec-2] INFO  c.c.i.HttpLoggingInterceptor - Status: 200 | Duration: 7ms
2026-09-11 23:53:47.994 [http-nio-8888-exec-2] INFO  c.c.i.HttpLoggingInterceptor - Content-Type: application/json
2026-09-11 23:53:47.994 [http-nio-8888-exec-2] INFO  c.c.i.HttpLoggingInterceptor - === RESPONSE END ===
2026-09-11 23:54:01.012 [http-nio-8888-exec-4] INFO  c.c.i.HttpLoggingInterceptor - === REQUEST START ===
2026-09-11 23:54:01.012 [http-nio-8888-exec-4] INFO  c.c.i.HttpLoggingInterceptor - Method: POST | URI: /api/getSession
2026-09-11 23:54:01.012 [http-nio-8888-exec-4] INFO  c.c.i.HttpLoggingInterceptor - Remote Address: 0:0:0:0:0:0:0:1
2026-09-11 23:54:01.012 [http-nio-8888-exec-4] INFO  c.c.i.HttpLoggingInterceptor - === REQUEST END ===
2026-09-11 23:54:01.038 [http-nio-8888-exec-4] INFO  c.c.i.HttpLoggingInterceptor - === RESPONSE START ===
2026-09-11 23:54:01.038 [http-nio-8888-exec-4] INFO  c.c.i.HttpLoggingInterceptor - Status: 200 | Duration: 26ms
2026-09-11 23:54:01.038 [http-nio-8888-exec-4] INFO  c.c.i.HttpLoggingInterceptor - Content-Type: application/json
2026-09-11 23:54:01.038 [http-nio-8888-exec-4] INFO  c.c.i.HttpLoggingInterceptor - === RESPONSE END ===
2026-09-11 23:54:01.199 [http-nio-8888-exec-5] INFO  c.c.i.HttpLoggingInterceptor - === REQUEST START ===
2026-09-11 23:54:01.199 [http-nio-8888-exec-5] INFO  c.c.i.HttpLoggingInterceptor - Method: GET | URI: /api/getNavigationMenu/1
2026-09-11 23:54:01.199 [http-nio-8888-exec-5] INFO  c.c.i.HttpLoggingInterceptor - Remote Address: 0:0:0:0:0:0:0:1
2026-09-11 23:54:01.199 [http-nio-8888-exec-5] INFO  c.c.i.HttpLoggingInterceptor - === REQUEST END ===
2026-09-11 23:54:01.222 [http-nio-8888-exec-5] INFO  c.c.i.HttpLoggingInterceptor - === RESPONSE START ===
2026-09-11 23:54:01.222 [http-nio-8888-exec-5] INFO  c.c.i.HttpLoggingInterceptor - Status: 200 | Duration: 23ms
2026-09-11 23:54:01.222 [http-nio-8888-exec-5] INFO  c.c.i.HttpLoggingInterceptor - Content-Type: application/json
2026-09-11 23:54:01.222 [http-nio-8888-exec-5] INFO  c.c.i.HttpLoggingInterceptor - === RESPONSE END ===
2026-09-11 23:54:10.960 [http-nio-8888-exec-3] INFO  c.c.i.HttpLoggingInterceptor - === REQUEST START ===
2026-09-11 23:54:10.960 [http-nio-8888-exec-3] INFO  c.c.i.HttpLoggingInterceptor - Method: POST | URI: /api/getAllCustomerList
2026-09-11 23:54:10.960 [http-nio-8888-exec-3] INFO  c.c.i.HttpLoggingInterceptor - Remote Address: 0:0:0:0:0:0:0:1
2026-09-11 23:54:10.960 [http-nio-8888-exec-3] INFO  c.c.i.HttpLoggingInterceptor - === REQUEST END ===
2026-09-11 23:54:10.971 [http-nio-8888-exec-3] INFO  c.c.i.HttpLoggingInterceptor - === RESPONSE START ===
2026-09-11 23:54:10.971 [http-nio-8888-exec-3] INFO  c.c.i.HttpLoggingInterceptor - Status: 200 | Duration: 11ms
2026-09-11 23:54:10.971 [http-nio-8888-exec-3] INFO  c.c.i.HttpLoggingInterceptor - Content-Type: application/json
2026-09-11 23:54:10.971 [http-nio-8888-exec-3] INFO  c.c.i.HttpLoggingInterceptor - === RESPONSE END ===
2026-09-11 23:54:11.905 [http-nio-8888-exec-1] INFO  c.c.i.HttpLoggingInterceptor - === REQUEST START ===
2026-09-11 23:54:11.906 [http-nio-8888-exec-1] INFO  c.c.i.HttpLoggingInterceptor - Method: POST | URI: /api/getUploadedFileDetails
2026-09-11 23:54:11.906 [http-nio-8888-exec-1] INFO  c.c.i.HttpLoggingInterceptor - Remote Address: 0:0:0:0:0:0:0:1
2026-09-11 23:54:11.906 [http-nio-8888-exec-1] INFO  c.c.i.HttpLoggingInterceptor - === REQUEST END ===
2026-09-11 23:54:11.920 [http-nio-8888-exec-1] INFO  c.c.i.HttpLoggingInterceptor - === RESPONSE START ===
2026-09-11 23:54:11.920 [http-nio-8888-exec-1] INFO  c.c.i.HttpLoggingInterceptor - Status: 200 | Duration: 15ms
2026-09-11 23:54:11.920 [http-nio-8888-exec-1] INFO  c.c.i.HttpLoggingInterceptor - Content-Type: application/json
2026-09-11 23:54:11.920 [http-nio-8888-exec-1] INFO  c.c.i.HttpLoggingInterceptor - === RESPONSE END ===
2026-09-11 23:54:12.740 [http-nio-8888-exec-7] INFO  c.c.i.HttpLoggingInterceptor - === REQUEST START ===
2026-09-11 23:54:12.740 [http-nio-8888-exec-7] INFO  c.c.i.HttpLoggingInterceptor - Method: POST | URI: /api/getPaymentList
2026-09-11 23:54:12.740 [http-nio-8888-exec-7] INFO  c.c.i.HttpLoggingInterceptor - Remote Address: 0:0:0:0:0:0:0:1
2026-09-11 23:54:12.740 [http-nio-8888-exec-7] INFO  c.c.i.HttpLoggingInterceptor - === REQUEST END ===
2026-09-11 23:54:12.768 [http-nio-8888-exec-7] INFO  c.c.i.HttpLoggingInterceptor - === RESPONSE START ===
2026-09-11 23:54:12.768 [http-nio-8888-exec-7] INFO  c.c.i.HttpLoggingInterceptor - Status: 200 | Duration: 28ms
2026-09-11 23:54:12.768 [http-nio-8888-exec-7] INFO  c.c.i.HttpLoggingInterceptor - Content-Type: application/json
2026-09-11 23:54:12.768 [http-nio-8888-exec-7] INFO  c.c.i.HttpLoggingInterceptor - === RESPONSE END ===
